/*
 Navicat Premium Data Transfer

 Source Server         : MySQL_Local
 Source Server Type    : MySQL
 Source Server Version : 80026
 Source Host           : 192.168.212.128:3306
 Source Schema         : zcx-oa

 Target Server Type    : MySQL
 Target Server Version : 80026
 File Encoding         : 65001

 Date: 29/05/2023 00:08:01
*/

SET NAMES utf8mb4;
SET FOREIGN_KEY_CHECKS = 0;

-- ----------------------------
-- Table structure for ACT_EVT_LOG
-- ----------------------------
DROP TABLE IF EXISTS `ACT_EVT_LOG`;
CREATE TABLE `ACT_EVT_LOG`  (
  `LOG_NR_` bigint NOT NULL AUTO_INCREMENT,
  `TYPE_` varchar(64) CHARACTER SET utf8 COLLATE utf8_bin NULL DEFAULT NULL,
  `PROC_DEF_ID_` varchar(64) CHARACTER SET utf8 COLLATE utf8_bin NULL DEFAULT NULL,
  `PROC_INST_ID_` varchar(64) CHARACTER SET utf8 COLLATE utf8_bin NULL DEFAULT NULL,
  `EXECUTION_ID_` varchar(64) CHARACTER SET utf8 COLLATE utf8_bin NULL DEFAULT NULL,
  `TASK_ID_` varchar(64) CHARACTER SET utf8 COLLATE utf8_bin NULL DEFAULT NULL,
  `TIME_STAMP_` timestamp(3) NOT NULL,
  `USER_ID_` varchar(255) CHARACTER SET utf8 COLLATE utf8_bin NULL DEFAULT NULL,
  `DATA_` longblob NULL,
  `LOCK_OWNER_` varchar(255) CHARACTER SET utf8 COLLATE utf8_bin NULL DEFAULT NULL,
  `LOCK_TIME_` timestamp(3) NULL DEFAULT NULL,
  `IS_PROCESSED_` tinyint NULL DEFAULT 0,
  PRIMARY KEY (`LOG_NR_`) USING BTREE
) ENGINE = InnoDB AUTO_INCREMENT = 1 CHARACTER SET = utf8 COLLATE = utf8_bin ROW_FORMAT = Dynamic;

-- ----------------------------
-- Records of ACT_EVT_LOG
-- ----------------------------

-- ----------------------------
-- Table structure for ACT_GE_BYTEARRAY
-- ----------------------------
DROP TABLE IF EXISTS `ACT_GE_BYTEARRAY`;
CREATE TABLE `ACT_GE_BYTEARRAY`  (
  `ID_` varchar(64) CHARACTER SET utf8 COLLATE utf8_bin NOT NULL,
  `REV_` int NULL DEFAULT NULL,
  `NAME_` varchar(255) CHARACTER SET utf8 COLLATE utf8_bin NULL DEFAULT NULL,
  `DEPLOYMENT_ID_` varchar(64) CHARACTER SET utf8 COLLATE utf8_bin NULL DEFAULT NULL,
  `BYTES_` longblob NULL,
  `GENERATED_` tinyint NULL DEFAULT NULL,
  PRIMARY KEY (`ID_`) USING BTREE,
  INDEX `ACT_FK_BYTEARR_DEPL`(`DEPLOYMENT_ID_` ASC) USING BTREE,
  CONSTRAINT `ACT_FK_BYTEARR_DEPL` FOREIGN KEY (`DEPLOYMENT_ID_`) REFERENCES `ACT_RE_DEPLOYMENT` (`ID_`) ON DELETE RESTRICT ON UPDATE RESTRICT
) ENGINE = InnoDB CHARACTER SET = utf8 COLLATE = utf8_bin ROW_FORMAT = Dynamic;

-- ----------------------------
-- Records of ACT_GE_BYTEARRAY
-- ----------------------------
INSERT INTO `ACT_GE_BYTEARRAY` VALUES ('005661dd-f22b-11ed-8235-005056c00001', 1, 'process/myfilename-20230514070941572.png', '005661dc-f22b-11ed-8235-005056c00001', 0x89504E470D0A1A0A0000000D49484452000003690000017208060000006F0692D7000000206348524D00007A26000080840000FA00000080E8000075300000EA6000003A98000017709CBA513C0000000467414D410000B18E7CFB5193000000017352474200AECE1CE900000006624B474400FF00FF00FFA0BDA793000000097048597300000EC400000EC401952B0E1B000020004944415478DAEDDD097C54E5BDFFF16766B2270408AB0882A2826C2E28B85664D100E20643265094AA7F5BDBDED64BADD7A52DD08A2882F7D6BA548A4AD992104011055C5844C5A240551637362182014C2024812C33E7FFFB654EE810929065B27FDEAFD7CF3373CE99856726F17C739EF33CC600000000000000000000000000000000000000000000000000000000000000000000000000000000000000000000000000000000000000000000000000000000000000000000000000000000000000000000000000000000000000000000000000000000000000000000000000000000000000000000000000000000000000000000000000000000000000000000288D83260000E0742B57AEBCD8E9748E74381C375A9675B62C3BD22AD523ED9826EDF8BD2CDFF1F97C8BE3E3E33FA755008090060040B956AD5AD55542C4740913D7B569D3E640FBF6ED9B474444C485878747D33AD5927DE2C48943393939DFA4A5A5E51E3D7AB49FACDB2041F8A1418306EDA4790080900600C069DE7BEFBD780967C99D3A752A946A25018246A9213E9F6FD7B66DDB3ECCCCCCD436BF6BF0E0C12B691500F073D104000018B37AF5EA6112CA527BF7EEDDAC5DBB7651121C68941A24EDDB52DAF9E2C8C8C8D70F1F3EFCC0F8F1E3B7CF993367072D0300843400008ABA384A68582D012D3A36369606A945D1D1D17D24A8BD71E8D0A10912D45E93A09649AB0068EA42680200405317161636AF43870E6506B4E35969E6D08E77CD89A37B8BEE47343FC7B4397F88898C652C916068DBB6EDD8F4F4F439999999D3E4EE485A044053C79934004093B67AF5EABE0E87E34FDDBB777796D6C5F1C4B10366DFA659263FF7B0B12C5F51151CCF34C77EF8DC44B7EE6642C29BD18841D0A64D9B667BF7EEED3476ECD8D5F3E6CD4BA7450034655C110D0068D26262621E69D7AE5D4859838464EC59677CDE82D3D6EB3ADD86201D90389DE7C5C6C66ED2690F680D00843400009AB0FCFCFCEBE3E2E2CADC7EFCE8BE2A6D43E575ECD831DAE1700CA1250034755C93060068D20A0B0B5B44464696B9DDE72BA8D236545E4C4CCC79B288A4250010D2000068DA212D2434349486A807C2C3C3DBCA228A960040480300A009B32CCB943F275A55B7A1B2E47360141600305C93060040B9C2225B56691B0000843400006A405CE76B8DD31576DA7A5768A469D5E57A1A080040480300A036356BDBD344B7BEF0B4F551715D4D4C9BEE3410008090060040ADB22CE3CDCF3D6D75D13AD9060000210D00805A929FFBA3D9BB6996C9CDDC75DA365DA7DB741F000008690000D424CB32997BD79B3D1B9E33B947BE2B7337DDA6FBE8BE9C550300040B43F003001040CF8CFDB07D49B9E12C90CF5B60D2BF596E8E1DDC66DAF7B8C38445B5A2110100D5C299340000029CE9EC59598ACFAA0100404803002088F4CC585D3C16008062747704002040F7C18FD30800803AC599340000000020A401000000000869000000004048030000000054140387A0517BFBEDB707A6A5A5FD76DFBE7D57E5E6E6C61C3B762C3C3333D3D9A2458BC2989898E361616199727B594646C6334F3EF9E42E5A0C000000843420C82CCB722C5EBCF82FFFFEF7BF27A4A6A6465E76D965263E3EDEB469D3C6482033717171464259C89123479A1D3A74A8D9E6CD9B7FF5F5D75FFF72C28409074242427E356DDAB4D7694500000010D2802058B162C5ED93274F9E2D012C362121C1F4EBD7CF389DA7F7EAD5A0A675DE79E799FEFDFB1B9FCFE7F8E4934F3A2427272FFEEFFFFEEF6F25BCDD3C6FDEBC1DB4280000006A1BD7A4A1D158B870E1D4D75E7B6DB104B3D8E9D3A79B2BAFBCB2D48056EA0F82ECA7FBCF9831C33964C8906EE1E1E15B7FF18B5FDC4CAB02000080900654C1ECD9B353D7AC59F3F08409131C43870E352E97AB4ACFA38FD3C7FFFEF7BF0FF7F97C4BEEBBEFBE5FD1BA00000020A40195B060C182C9FFFAD7BF464D9A34C974EBD62D28CFA9CFF397BFFC255482DA8CC4C4C421B432000000086940052C5CB830FEFDF7DFFFE3030F3C60DAB66D1BD4E7D6E77BF0C107C32322225E73BBDDE7D3DA00000020A40167B065CB9639B7DE7AAB235867D04AD2E71D356A54444C4CCC2C5A1B0000008434A01CB367CFFEDDB163C7DADC78E38D35FA3A37DD74932B2222A2EFE8D1A36FA0D5010000404803CAB07DFBF6C77498FDAA0E125251FAFC77DE7967B404B569B43A00000008694029A64F9FDE3D3333B3A5CE83561BE4751CB2B8C8ED769F4DEB030000A0263199351A2497CBF5FB4B2FBDB4C2F3A05597BE4EEFDEBD8F6DDCB8F116B9FB229F0080EAF8FCF3CFCD3BEFBC73DAFA4B2EB9A468D0A2DADC3664C89072DF8F6E070010D280333A74E8D07523468CA8D5D7BCFAEAAB9B6FDAB46908210D40756DD8B0C14447479BBE7DFB9E5C97939363962C5962FAF4E953ABDB348495F77E0869004048032A243737B755BB76ED6AF535CF3AEBAC48A7D3D999D607100CDDBB7737FDFBF73F79FFC8912345A1A82EB655643B00A0F6704D1A1AA49C9C9CE8162D5AD4EA6BEAEB391C8E8EB43E00000008694009C78F1F0F6DD6AC59ADBEA6BE9ECFE76B41EB030000809006941011119177ECD8B15A7D4DFBF57EA4F50100004048034E0F6947F57A89DA949999996B59D6F7B43E000000086940092E976B5F7A7A7AADBEE66E218B7DB43E00000008694009B9B9B9C99B376FF6D5E66BAE5EBD3AC7B2AC77697D00000010D280128E1C3992B271E3C6429FAF76725A565696B567CF9E9E12D2BEA2F5010000509398270D0D526A6AEAF7F7DE7BEF379F7CF249AF2BAFBCB2C65FEFEF7FFFFB6E0984E7399DCED51E8F67B5AC7ACEEBF5BE21EFC3CBA701A02A66CD9A65DE7EFBED93F7F3F2F2EA6C5B45B603000869C019656565FD66EEDCB96F5E71C515512E97ABC65E47C258FE175F7C116259D6EB0E8763B0AC1AA8A5D7C5252424BC20E1ED65096B87F8440054546262A2B9E9A69B4E5B1F131363C2C2C26A75DB99DE0F0080900654D8C2850BD7DC73CF3D9B56AE5CD97FF8F0E16135F53AAFBEFAEA3A096A05292929B78F1D3B365642D95DB2FA5712DABA49689B2A616D92C7E35928F7FF26FB7CCA2703E04C74DEC5F2E67AAC8B6DB53DF72400809086462A2B2BEB6E096B9F9E7FFEF921DDBA750BFA35969B376FFE78D5AA55BD24A45DA7F7E7CF9F9F258BBF69252424DC2821ED9772FB66A971727B9C84B54F25AC3D27EF2B65C58A15F41502000040A5B968023464DBB76FCF9070B669C3860D775C7DF5D5E1D1D1D1417BEEFDFBF76F9F387162079FCF372E35357563C9EDDBB66DDBB975EBD6E43E7DFAFC53F6C99790D64D565F20CBDB2322227EDEBB77EFB85EBD7A7D23FB64F14901F5D79D77DE39A973E7CE34443DF1DD77DF99B973E74EA6250010D280064CC2D2AEEEDDBBA7AF5EBDFA27175D7491B375EBD6D53E43BC71E3C6F7274F9EDC516EFE212525657179FB6ED9B2E5A8BC87F72EBFFCF2BF151414EC9290A68F3B5FEA5AA9DF4850BB44EAB084B5DD7C5A00210D84340020A4A1499000F46F3DA3F6D1471FDD2A777FBCF0C20B639DCECAF77EF47ABD592FBDF4D23BC9C9C917EB19B43305B4409F7DF659A184B5CFE4BDCC9450B6525645495D24D54B8F037BF7EE3D5AD63B24487EB97DFBF67C3E35809006421A0010D2D0A8E919B51E3D7A2C960074F98A152B625AB66C79AC53A74ECD1C0EC7191F2B812C67D9B265AB1F7FFCF1C83D7BF61CB12C6BD4C2850B375523347E2FB54482D93FE4B98ED85D21BB4A0D93F0F8EB9E3D7B76E8D3A7CF6ED9E7309F1C404803210D00023968023446A3478FBE41C2D064A9DE5DBB76DD7DFDF5D7BB3A76EC18D3BA75EB96AD5AB58A3E7CF8F04171480259E67BEFBD671D3870E052CD7912D626EAA891C17E3F03060C0869DFBEFD6D72F3577A3760D3BB12E29E97D77D9339D780AA49484878D8E1708457E1FF7F9DA45A242626DE111F1F4F43D613EBD6AD3343860CE1F80400210D68ACDC6EF7D92E976B8404A1617210D75E569D25A5D78CA5491D90F53FC8FAE55EAF77994E905D4B0794BDE43535AC8D932A1EE9E43B59F7822C5F494A4AE2EC1AEABB1652174BE99413B9F5E10D793C1EABAA8F3DEFBCF3CCC48913F954096900506F30043F1A353B78FDDDAE7A21252565AB2CEE9700F9B0D3E91C6F07B60B24303E25CBC972B0992CEB9F5BB060C1263E41D4335DA45E94BA506ABBD434A90F1AF8BF29BD5FBF7EEDF86801008434001A208FCAE2AF5A898989F13E9FEF9712D886CBFDF1727BBC84B50D3A41B6DC965D5319680475A5AFD46552FF909A23952CF54263F887C9CFDBBC23478EDC1B1D1D7D828F1900404803708AA4A4241D0D72A5DBED3ED7E572E904D9774BF59783C8FE727F8684B8598585852FD656974C34693152D901F7F50F07ADECDB91527AED574FA936523F4A6DA917FF330B09E9203F23FB2BB2AF2564F1687272F2937A7FC284097CEA0000421A80D24908D3B9D47E3F7EFCF83FE6E5E5FDD4E7F3FD4A82DA25724CF99884B5FF494848582AF79F9383CBB5B4162AE14A3B68BD7586FD7404D24FED60F6B1BD4E1F577C9DE48352D38D7F009C7D523AE08E767F7CA42EFE51F61F3546CACD5B25A05D53C187E5C8CFD018F9197A83AF0500809006A0C266CF9EADDDAF6669793C9EABE5A0F2BF24A8DD214B3D201D29EBB6CAFD17C2C2C2E6CC9D3B378716C3199C2BF55F2542DAF552BF96BA5CEA33A99F4BEDB4973A3F603FE31F604743DA57F663DE97BA22E0397E22F54A6D86B4B163C7F6F67ABD77C8CDDB8D7FF09262C78DFF4CDF69F4CC99C33F17870ED0734B5252D2177C25000084340055969C9CBC5E16EBDD6E777BA7D3799F1C64EA41B48E10F9424141C1D4C4C4C4D93E9FEF859494946F682D9461B91DA67474D3039A758CFF6CD814A9DF4B3D6CFF51E016A954A91E52AFD9214C43DA8F01CF553CEA5E6FA909F673D728FD4385E4AC5BF58F1412D0BA066CCA92D233624B7372729647474797F6070B9F3C4E67B65F1F1A1A7AFBDCB9730FF275000010D20004456A6AEA0FB2F8F37DF7DD37F5D8B163B7CB41AB9E05B94E96BF9583D0DFC881ECDB1ADCBA75EBF6D6A449937CB45893A08149CF88E94CCC3A1AE8D612DB75BA89D1527A6656BB31DE6AFC239DBE2B95623F7EA8544BE3EFE2583C3DC59FA52EB2835B6BF39FEE8E6A8EFD3C7A2DDA7CA99782FD8FB2E715D47FD748FBB53A044C4A9F2EDFF9652E976B514141C19A1283EA380287E2B7CFA039A5E61C3972E4BE152B56E4F195010010D20004DDCC99330B64B1502B2121E1623900D5814674CEB57839268DFFEAABAF76CB81EA0B5EAFF7153980CDA0C51AAD2BED10A576DBB7EF937AD55E77BED48752CF4BE97746BB3CDE6687343D9BD4CBF8BB35AEB7D7B5B7B73FA7F946EA6752EB8C7F64C7C09036AE26FE316EB73BD2E974DE28DF67EDC638422A2E60F31EA9D77C3EDFEB0B172EFCC07E7FE5D1E01626CFA539EDE40021000010D200D4B8949494CF65F1F33163C63C2CA1EC677660D3EE604FBB5CAE3F4B585BA007E97290FA6F5AAB51D0C131B4FBA176F17B5AEA71E31F125FE999D58702429A06B625527FB1EF7F6287AEE6523AFDC30CFB398A83DE7F058434A5D778E959ACEFCCA9DD1D8366ECD8B1B185858523E47BABAFAB67F48A2777D7E1F1B74BC05A2CF5BA7CCF3757F2A9C38C7F84CAB1F2580608010010D200D4BE050B1664CAE219A9FF9560364C0E6C75CE353DE8BD474BD6ADB7E75C5BC29C6B0D8A868D1B8CBFDB5F5BE3EFB278ADD432A978A9C06BB034B0C706DCD721F2F704DCDF60FC13506BB7460DEFBE80FD75487D3D73D5DF9C3A047F96BD0CDA755C8989893A71F408F92E8EF27ABD37C8F7342CF03DCA7D1DC174917CA7BFADCAF32727276B97C73D0C10020020A401A82F2C3948D511FCDE72BBDDE7DB73AE8D97D21122AF96FB3FC841F24C096C2FC97EFB69AE7A4943D225529BED50A6DD15F51AB1347BFB1F8D7F44C64F4B3C6EB0F15F6B564C03D9A012FB68B7C8DBEC90A68386BC69FC67E0348C2548A5070434BD3E6DB2F18FE858509D7F9084A62EB2B85DCF98C9774F43A6D3BEC6AC50966BF48F07212121AFCF9F3F3F2D180D28E1EF8AD4D4D4437C950000843400F58A1CA4EE90C504096B8FC901F09D7A764DEEF791E59F64F98884B5D7F5EC9A84B50F68AD3AA767976E36FE2E7F7AA6F31C3B74E9D9241D98C31BB0EFEB9A7B4A84B428E3EFDE7853C03A0D62938C7F6091F7EDF077B6F10F081261FCD7ABE97D3D83B6AF8CB0A867A21EA8CA3F48BE773DEC39CC34145E56F41784A239A48B0631794F6E2F090F0F7F63CE9C393FD6C0779F80060020A401A8D761EDB87DA0FF92C7E3B9CE9E734DCF68B8F5585AD67DA1A342161616CEB1F745EDE820A5673375A87B1DE065A9F10FCA71DC0E5C1AD23440EB30F86B021EA7A32A4E29F15C3A9CFE4776A82AF6BDD42F8CFF6CD9BF8C7F04481D323F2720F4E59853BB4C06FACAFC677EB40A91EF927697D4EBD846495D10B049CFCEE9B5616F848686BEC9DC7E000010D200D8ECB3661FC8C1B40E69FE73096A1A06F4ECDADF5D2ED754593FDBEBF5BE609F8543F05D6A8798BE525D8CBF3BA286B2FF36FFB9FECBD88146BB383E25F59B12214D7D2DD5CD5E36937AD07E2EED43A8838BE8001C6F4BCD955A6B07A66DC6DF9D3168DC6EB74BBE473F713A9D3AB9B49E31EB18B059CF66BD21DB96646666AEAACFC3DF6BD74B3DCB1730CC3FEA887DB6D54B4B0020A401688A614DCFE04C9483EC297A80AD67D7E4FED51A1624AC3D909090B042CFAEC97E3A51B1458B55994EA2AC0374FCC1F887CCD7EBCCF48CD9243BACE950F3DAC6C3CC7F4669543A275EF1C01F5D4B79DED7ED50541CE28E48FDD67E3EFD6C5F0CD8779F29BD3B63958C1F3F3EE2F8F1E383F57B2307D43AF975AB80CD7BF5BDC9776749B76EDD3E6828F3F58586865A0505058EB0B030BEB1752C3F3F3FBBC41F2C00809006A069B1477AD47090ECF178F42C8F769B1B2307D91A1A86C9BA9D7220FE8204B757ED112471667ABDD7103B44E9001F89526719FF001D7B02F67B476AB6F17749FC5B8990A6B4FBA29E15D349AAFBDACB621F4BFDDEBEADF39D1D30FE3365534ABC465048988F0909091921DF855B4F9C38315CBE1F31F6190F3DFBA467F316F97CBEA52929299F36C40F4CC2D909099E9184B4BA979B9B9B61FFA1010008690060CFA576AF1C903F24A1EC6EB95D34E79A1C84CF9003F0C725B0CDD5C066CFCD86D3E990F83F958A945A29F598F17769D4B0A667BEF4CCD95F03F6D76E8EDAADABC07E4CB8546097C0D7EDCF40BB2CDE5122A4E9192A3DDBD6C10E814127DF8336F23DD033737A7DD940F9ECC303367F2AF797CAF7629104FDAF1BFA07171D1DBD332323A357F3E6CDF916D7B183070F66CB77EB5D5A0200210D0002C841B7FE257BFAA449939EF9FAEBAF87DBA342EAA881F74960BB4FC2DA07B27CAE59B366AFCD9C39B380163BA99FD4CBE6D4EBC7F41AB0478C7FD2E85F9608696A85F18FE8B8CAF8AF295B1EB04DAF0B3C5FEA33F39F09A9032DB583DF8B410C66E74830BBCD0E853A54BECBDEA4615247885CE2F57A5F97EFC8DEC6F4C1C5C4C4FC332D2DEDE9CE9D3B1BA7D3C937B98E48E837870F1F6E2BCBC5B40600421A0094C2BE9E48274D5E96909070A11CBCFE5202DB78B97F9D2CAFCBCACADA2FEB5F9203AA9972D0FE032D767268FCC090A67D0275EEAFF65247A55A4B1D0ED8AE232FFE9FD4A3527F2A11D28C1DD02E36FEA1F82FB0971ADC7468FB6BEC7057DD60D64D3EDB5112BC35F05D11B049CFEA6997CC4512CC9635E661EDCF3DF7DCBF6666664EDABF7F7F74C78E1DF926D7917DFBF6FD28BF4F3E8C8F8FE76C3D80268FA1AC0054D8B871E3A2F3F3F3EF94037A3D2BD4CB5E9DAF0345D873AEAD6F48FF9E112346442D5BB62C37884FA9A1EBE612EB6E94BAD0F8AF1B8B957AB5C4F6455263ECA59EC50A1C6C43E717BBC50E7E3A89B5CE31A6C3E2EB59B40F4D15077591707D8504B3A2A1F2E573EB16B049076D784B3ECFA58585851ACCB29BCA773B2D2DEDFE1D3B76BCD0B3674F131B1BCB0F7B2DCBCACA325F7CF1850E8073F9A0418376D2220008690050051E8F67801CE0FFDA3E035374565EEE7F2607FFCF878787CF9B3D7BF689FAFCFEA74E9D9AF0EDB7DFCEE9DCB9F39889132706AB7BD574A959E6D4F9C5428D7F50903BA55ED18C54E2313A588B766DBCD40E5E1FDAEDA9F3A369B7431D3D51AF75EB61FC73A455DAA449939C5F7FFDB59E012D1E2AFF9C80CD3FCA67F886CFE75B121919F95E7DFFDC6AD29E3D7B52BFFBEEBB513D7AF420A8D57240DBBA756B8E7C07DD12D056D02200404803504D6EB7FBEC909090FB2500DC2B77DBD9ABF5BAB657EC39D776D7C780B673E7CEF9B7DE7AAB6BE9D2A5DE76EDDA8D9C3265CAD2203CF5B5763D5962FD6CE39F485AAF1FD34159022773D6FE75DADDF159E31F52FF47A91652EB8CBF0BE59EAABC91A1438786B76CD972901CF86A30D3B3716D02366B17CCD73598C9E7B64E3E23E6A5F2FF91C129212D45C2DAA84E9D3A990E1D3A708D5A0DD26BD0F6EFDF6FA4CD73A5ED4711D00080900620F8612D4C0E68DDF69C6BFD8B8FC3E4E0EB2D59FF425252D2CA4A3C579B9ABA06AA38A04D9830C175D14517992FBFFCD23CF3CC33852D5AB4B86DFAF4E96F55F3E99D76B0BAA5C47A1D2131CAF807E2D039A08ACFDCC519FFDC663A99F525C67F964DAF333B5C9517D7EEA805050537DBAFAF1513B059AF67D32E954B93939337F08D2D9B767D4C4F4F7F3A3B3B3BBA7DFBF6262E2ECE4444441886E8AFBEFCFC7C73E2C409939191610E1C3850E872B936CABA9FD2C511000869006AD8983163FAFA7C3E9D174C07D288280E0912D89E97F5B325801D2DEFF11E8FE77B097B4325D87D519301AD9806B519336614444747DFF2ECB3CFAEACE6CBBC24F567A9EF03D669589A69FC134FFFC30E62038D7F30110D867A0621A72A2F76E79D77B6CACBCBBB45DA4BCF980D0E686FA59367BFEEF57A174B9B6FE79B5971F25D0DDDBD7BF76F25A8DD9993937381048970A97AFBFF4CF90E986FBFFDD65C70C105263C3CBCDEB66B686868614848C81109BCEF4BDB4E1D3870E026BE6D00404803508B1213137534C3BBED61FC3BDBAB358CE89C6BCFA7A4A46C2D25A0150F86A1F38879929393DFA8C9801618D4A64F9F9E2F079137BFF4D24BD599A7492702EF22F542C03ABD9E6CBEF18FC878BF948E5EA743DA57690A83B163C7762C2C2CBCCDE974DEA1236D9AFF8CD4EB93B0F6A1ACD3B379AF49DBEDE15BD8342424243C2C9FFD54F9EC1F919FAB2769110020A40140B9DC6EB74B02C5CD7210A983640C09D8B456EAF91F7EF8E1F5B56BD716DA214D9745F373C901A706B647AB7BD079A6805632A8C9FB1CF6F2CB2F5775787B3D8D9164FC83886897C3DE7628D3E90C3EAEEABF61CC983117E8753B523A504BFF804DF9B26E8DB4AF76655C96949494CE37AEE9919F9B89B298A425E17C322D0200843400A8B0C4C4C4EE3E9FEF971284EE32FE21E9D5F712345E94A0314B96A7CDB926FBCE3972E4C87D2B56ACC8ABA9805622A8E51516160E9D3367CE9A2AFE33F560395F6A893975A4C74A494848B84CFEEDB7498D9476E911B049CF46AED03366212121CBE6CF9F9FC5378B9046480300421A00548BDBED8E71B95C77E99C6B25024859D6878686DE3E77EEDC833515D00283DAD34F3F7DA2A0A060E8BC79F3D6D6E6EFE4D1A3475F27615587C9BFDDF8BB4D16D3113397495BBD2621F79DD4D4D4E37C8B40480300421A00D4D401E620E39F2FECF6F2F69380B25702CC888A0C2852D5801618D4A64D9B763C2F2F4F073079BF06C36A9884CF1BBC5EEF2809AC3AD263BB80CDFB8D7FE2EAC53FFCF0C3FBC55D4201421A0010D200A0360E32AD0AEEAA5DFDC69437A04875035A89A0962B416D583083DA881123A2A2A3A3758011BDBE4CAF5B0B9C3979A784D1C512D874A8FCF57C3340480380A627842600D0C0444BBD969090F05869038A042BA0297DFC430F3D14F5D4534FBD95989838BC3A416DCC98312D257CDD22A5670B6F948A0CD8AC038BBCE672B996CC9F3F7F0B1F3100004D1B67D200D4B94A9C453BF51798C39174E4C8919F150F2812CC801648CFA83DF9E493D93A517465829AFCBB3AE8688C3AF087DCBDDEFCE70F63FAEFFD486AA93D87D96EBE05A8E6CF1067D200A011E14C1A80064B025062F3E6CD6F183366CC35BD7BF7BEA264403B78F0A0F9DDEF7E670A0BFF7329574848884E5C6DDAB66D7B725D69FB858686EA288F45FBE9F33DFCF0C3D112D4962526268E282FA825242474753A9D23EDA1F2AF968056BC49E744D3F9D716E9888CF3E6CD3BC0270800004AE3A20900D4B59E3D7BEA99B02F25D07C294B0D2FDF4B79A572A59A99F2CFFAC748A0EA979595F59B9267D0A2A3A38DCBE5323B76EC382580EDDEBDDB0C1830E0E47D0D63870F1F36FE69D9E4096362CCEDB7DF6E2EBBECB293FBB469D3C6D1BD7BF7D0F5EBD78F94F7FBF1D6AD5BBF0B0866174B48BC5FD63F2BFF8629C63F175C27FBFDEBFC6853232222FE9F04B37FC8E3367DF1C517D97CEA08A65EBD7AE9175A6BAD7CC7DEA74500A061E34C1A803A77A6C9AA75326CD1C9EBF586CBF22CCD5F12865A4BA8EA1616163640435A595D1C6FBEF966B366CD1A9397975714C27C3E5F5148FBF8E38FCD55575D55B4D4FBBA5E69A86BD6AC99193E7CF869CF25CFEF7CE49147A29F78E289A58989891E79CC0DF23EDCB2E95CDDAE67CDE4358EC85287CA7F5DB6AF60A87C0000404803D0E848D0D1B36A7BECBB5F17AFB7AF417BA8BC6BD03474FDEA57BF3253A64C290A6A4A972FBFFCB2B9F0C20B8B96C5EB95843E73FFFDF7173DAE34F23A2E096A51F27C4B248C150FFEA167FF9649284B6DD1A2C5FB3367CE2CE0530300008434004D4A650609B9E0820B8ACE9AAD5FBFDEE4E7E717AD2B2828308F3FFEF8C9FB2A3232B2683FDDBF3C3D7AF4087DF0C107BD3366CCC8B52CEB7F162C58F0BCF10F06020000506D4E9A0040630E68C5C68D1B577496AC9886B3F4F4F4A2B0564C0715193B766C859EEFD24B2F8D78E4914734984D4E4C4CFC099F0A000020A40120A0556298FDA8A82873CF3DF79888888893EB8A070A29DE7EF7DD77172D2BAA67CF9ED18F3EFA6888C3E1582241ED7A3E1D00004048034040AB842BAFBCD29C7BEEB9C6E93CF5579FDED7F5BABDB224A8C53EF2C8233A68C862821A000020A4016832468C1811F5EDB7DFCEB9F5D65BAB3551B5DBED3E39926331BD3F72E4C82A3F67AF5EBDE2E4FD1DB52C6BA1BE4F3E2D0000404803D0E82D5BB62CB773E7CE63962E5DEAFDF2CB2FABFC3CA9A9A9A79D49D3911C172F5E5CE5E7DCB265CB0FF2FE9A3B1C8ED1FA3EF9B4000000210D40933071E2C4C5EDDAB51BF9CC33CF145625A8FDEB5FFF3A654EB4625EAFB778FFC8C9000020004944415468BD6EAF4A407BF2C927432DCB1A999494C424C20000809006A069993265CAD2162D5ADC3663C68C82CA04B5DCDCDCA239D14E9C3871729D4E3E1DB8FD95575E295A12D0000000210D002A61FAF4E96F454747DF22CBFC8A06B5B973E79E32279A0EC7DFAE5D3B131A1A7A725D6161A1993F7F3E010D000010D200A0B29E7DF6D99512B06EAE4850FBF6DB6FCDC71F7F7C4A48D370F6873FFCE194B9D38E1F3F5EB49FEE4F40030000843400A8A4975E7AE95D87C3314C825A5E59414DAF377BFEF9E74F0968E1E1E14573A6B56AD5AA68A9F78BE97E2FBEF862D1E3086800008090060095F4F2CB2FAF2A2C2C1CFAF4D34F9F282DA8BDF9E69BE6E8D1A32727AE2E9E13EDAAABAE2ABAAFCBC0B9D3349C1D3B76CCBCF5D65B0434000040480380AA983367CE9A828282A1D3A64D3B1E18D40E1E3C68162D5A74CA60211AC6EEBFFFFE531EAFF70387E5CFCECE2E7A9C3E9E800600006A9B832600D0582426265E1F1E1EBEFCA1871E8AAACE84D72511D050DF793C9E89B298A4959C9C3C99160180868D3369001A0D0D50797979C39E7AEAA99CEA4C784D40030000843400086250CBCFCF1F2EC12A5B829A4540030000843400A80741ADA0A0E0663BA8F90868000080900600F523A88D983A75AA06352F010D000010D200A01E04B5C2C2C25B9E78E289ECEDDBB71794B7AF8E00B96AD52AB371E3C674021A000020A401400D0635AFD77BEBD4A9537324A89D286BBF75EBD69959B36699679E7926968006000008690050F341EDB6279E78E2F8B66DDB724ADB272F2F2F439712D0D20968000080900600B510D47C3EDFED12D4F224A865056ED36BD0929393259F59D972B78BC7E3E9428B010000421A00D442509320768704B5C2AD5BB7661407B4E26BD01C0EC7727BD7E1D57899B3A49AD3DA00008090060095086A53A74EB592939377050E1222CBB7AA10D2F4F7E835527F917A436A96D4385A1A000010D200A072416DE4D2A54B63020709090B0B5B290B9D576DC0881123A2CA798A3676109B23B544EA27528BA46E91BA43EA7A5A19000010D200A092412D2727E7DCC04142E6CE9D7B50169F4A454645450D2CE5610F4BBD2E354D2A5FEABFA46E939A2AF5B9BD4F9E1DF42269650000501521340180A66AD9B265B9A5ACD62E8FFD1D0E8776797CB3C4B6FE52A3ED80569E355237482DA7950100406571260D0002045C9736AC8CF0756D059E6685D4505A13000010D200A09A525252FE2D8B0352E78C1D3BB67729E16B58190F0D35FEB3674F493D673F07000040A5D1DD11004E65197F37C57B0A0B0BB5CBE396806DDF4A5D1070FF6CA97829BD7E2D42EA03E31FDD51F7BB58AA9D543A4D0A0000086900503DDAE5F11EFBBAB4274B6CDB23F557A92EC67FB64CAF5BFB7FC6DF33E146A9FF916A2B75444ACFCAFD2FCD090000086900500DB9B9B9EF454545E9E02057BADDEEB8D4D4D48C80CDCF4A85497D29D543EA66A97BA5B2A55649FDD10E6FDAFD318990060000086900504D6FBCF1C6B1C4C4C47596650D0E0909B9C90E5BC5764A3D63FCDD1EB74AADB4EF1796789A02E31F05325A2A875605000015C5C0210050BAE2511E8797B24DAF45734B3D22F57E2901ADD86AA9413425000020A4014035391C8EA290665956BCDBED7695D8ACC1EC2715781A3DCBC650FC000080900600D5B560C1021DA151AB95CBE5EA5F62737943F1C7498D917A55EA6F529FD19A0000A032B8260D00CAA0135B3B1C8E078CBFCBE3FA804DBBA5CE0DB8DFD7F8CF98E95247757C476A8254A6BD5D071129A045010000210D008217D21E2BB17987D402A948E33F5BA65D1B1F2FE569164AED93FA1D2D8A5A30C0E3F1D00AF594FC3EC92F2C2C7CA9C488B100404803804A84B4757250754C967DC68E1DDB71FEFCF969019B9F36FE01430E1BFF99B2B2BA8FDF2FF5B5D473C67F060EA889EF6A9E7C578B429A5DA89F9F93713A9D96397DFE450020A4014045A4A6A6E67B3C9EF7E4E6ED5EAF57AF419B19B0F98780DBCBA52E94FA93D45C295FC0B61FA5928D7F34C869B42A6A82CFE79B191212E2901010466BD45B45015AC274384D0180900600D5A3A33CDE6EFC5D1E6796B1CF5AE39FE0FA17C6DFADF17F8C7F7091623A3A640B9A1235F80705ED3E379596A8BFEC6EA80368090015C1E88E00503E0D5BDA3D69D0D0A143CBFA0BB89E496B2B7595D424A919521BA51E947A4AEAEE12A10D00008090060055919C9CBC5F16FF968A6ED9B2E5803276D381439A1BFF888F4BA47A4B4D97BA5AEA7CA904A90F684D000050117477048033D32E8F9779BD5EEDF2F87629DBF54C9B9E29D361F85F90F21AFF7568C9341D0000A82CCEA401C0195896A5DD1975F8EC61E5ECF67F86B36500008090060035EFA28B2EFA441687A4BA262626762F63B72D76291D686491D4B752EF4ADD482B020000421A0004C9A449937C0E87A378E08FE167D87D96D4F3C67F9DDA6FECB0F64FA95EB4240000A808AE4903808AD1EBD2EEB443DA8C32F6E92FA55D222F913A18B0BE9954BCD4569A1100009C0967D200A002C2C3C3DF9145A16559D78E1D3B36B68CDD7418FEF525029A8A92DA2BD54D6A82F18FFA08000040480380AA9A3D7BF611597C2415EAF57ACBBAC66C8D540F3B8CA968A9DF1AFFE4D63A5FDAA7C63F979A831605000065A1BB2300549065596F391C8EEB8DBFCBE3A25276C996FA85F19F4D3B21D5416A9BD4DFA456DA21AF80960400008434000802A7D3B95C82DA34E39F0F4DCF8659A5EC1663FC43F12FB783D95E5A0E000054EA98832600808A494A4AD2B3627BA4DA2524245C5EC66E1ACE6E939A5922A0F594FA7FB422000020A4014070E9288F3AB1757943F1EB59B6E95239523B8C7FF8FD9DC67F7D5A379A10000010D2002058BF349DCEE5F6CD61E5EC3648EA0EE31F24E451A97F18FF356A3A87DA9DB422000020A4014090141414E8088EB9527D131313DB95B15BA8F18FE4F885D442E31F2CE442A9FD52E7D18A00008090060041929A9A7A5C16ABF5F7A7CFE72BEB6CDA5AE3EFE258DCB57189D403528F49ADA3150100407918DD11002A4FAF4BBBD9E17068487BB594ED1AE47E26F5BE5496541B7BF9BF527FA7F9000000210D0082C8EBF52E77B95C3AFCFE8DF7DD775FE8CC99334B9BFB2C4EEA6BE31F865F43DD1701DBFA94B80F00007012DD1D01A092525353F75A96B5556EC61E3B76ECBA3276D370A6135F4F0D0864D152C95253684500004048038060FEF2743ADFB26F0EAFE043CE97FAD8BE9D480B020000421A0004916559CBED656983874C34FEB9D28AE93EEBA55E91F24865D38200008090060041E4F57A35746548754F4848E85A62F395527F92BA5CEA8F522F19FFBC69FF47CB0100803361E01000A882D4D454AFC7E3795B6E263A1C0EEDF2F86CC0E65F4B3D6EFC67CDCE918A929A2FF5835DE952DF1BFFF56AF9B426000020A401401048385B6E5956A2DDE53130A4ED34A75E77D65CEA2CBB34B475B06FEB720F2D090000086900101C3A82A357C2DA8071E3C645CF9D3B37A78CFD8EDAF5154D060000CE846BD200A08A9292920ECB628354787E7EFEE00A3E2C4C6A9ED42EE31F6004000080900600C1523CCAA3C3E11856CE6E095213ECDB43A47A4BDD2C75ABD475B422000020A4014090B85CAEE2F9D2CA0B69671BFF44D64AAF4FFB526ABBD4F3765803000020A40140302C58B0E03359A449751C3366CC2565ECA681AC977DBBD0F8BB3CAA6FA5BAD28A000080900600C155D4E5D1EBF50E2F63FB1AE39F33ED2EE31FF5F180BD7E87E1BA34000040480380E0AAC0756979526EA951C63F2FDA147BFD7EA96DB420000020A4014010858585BD6707B1FE898989ADCBD86DB3D408E31F44643FAD0600000869005043747E34CBB2D6CA4D97543C2D02000008690050C71C0E47519747096BC3680D0000404803803A26E1AC7828FE9BDC6EB78B16010000843400A8432929293B65F195549CCBE5BA9A16010000843400A863C55D1ECB19E511000080900600B5A8A8CBA3CFE71B4E53000000421A00D4B166CD9A7D208B2C87C3D1CBED769F438B000000421A00D4A199336716C8E21D2987CBE5A2CB23000020A401405DB32C6BB97D932E8F00008090060075FE4BD5E9D490E6931AE876BB2369110000404803803A949494942E8B4D5251A1A1A137D02200008090060075AFA8CBA3CFE7E3BA34000040480380BA6659D65BF64DAE4B030000843400A86B2929291B65A1DD1EBB242626F6A445000000210D00EA9625B5426FD0E51100005456084D00003542BB3C8E77381CDAE5F1699A03683A1213131FB02CEB7FCBD83CC9E3F14C0A5C919C9CECA0D50004E24C1A00D40097CBA5935AEBE4D6D78C1F3FBE052D02341D3E9FEF5F15DD95D602404803805A327FFEFC2C87C3F1A1DC0CC9CBCBBB9116019A8E9494940DB23854C1E3B0BDB41800421A00D41E4679049A26CBE974269D619F7CFD8FC3E15844730120A401402D8734CBB2864E9A3489DFB74013E2F57ACB0D6912CEB43BB4768D4CA5B50010D200A0962425257D258B9D526DBEFCF2CB7EB408D0749CA9CBA36559D1B2D86BEF0700843400A82D7220B65C970E8783A1F88126F6E35F4E97C7C0AE8E164D0580900600B5C8E572715D1AD04495D5E591AE8E000869005087323333D7CA2247EA528FC7D38116019A8EB2BA3CD2D51100210D00EAD08A152BF264B14A4A27AB1D4A8B004D4A695D1EBDFA1FBA3A0220A40140DDA2CB23D04495ECF228E1AC68026BBA3A0220A401401D72B95C3A788825076783DD6E77182D02341D25BB3C5A96156AE8EA0880900600756BFEFCF969B2F8420ECE9A4950FB092D023429A77579A4AB2300421A00D40F6FD907677479049A98925D1EE9EA0880900600F53CA42524243C4CF3008D97DDB531D7BE7B94AE8E00CE24842600809AE7F57A37B85CAE1FE5E60563C68CB9C0E7F37D13B079122D0454DECA952B2F763A9D231D0EC78D96659D2DCB8EF5F5BDBEF9E69B263D3DDDB46BD7AEF9BBEFBEEBABAFEF53DA314DDAF17B59BE23BFA716C7C7C77FCE370DA87D0E9A00006A87C7E329EB1A9449C9C9C9936921A06256AD5AD55542C4740913D7B569D3E640FBF6ED9B474444C485878747D7D7F77CF0E041233FE7FA7BC0B46DDBB6BEBECDEC13274E1CCAC9C9F9262D2D2DF7E8D1A3FD64DD0609C20F0D1A346827DF3C809006008D3D9811D2802A78EFBDF7E2259C2577EAD4A950AA9504081AA586F87CBE5DDBB66DFB30333353DBFCAEC18307AFA45580DAE1A2090020F87EFAD39F9ED5A3478F3D7233AA02BBAFDDBA75EBFBB41A50BED5AB570F935096DABB77EF66EDDAB58B92E040A3D42069DF96D2CE17474646BE7EF8F0E107C68F1FBF7DCE9C393B6819A0E6F1E72700A801F3E6CD3B208B5FD0124070681747592CECD5AB57746C6C2C0D528BDAB66D3BB67BF7EEAB7D3EDFABF6E700809006000D537272B2CE85348F9600AA2F2C2C6C5EE7CE9DCB0C68C7B3D2CCDECDAF9A6FD64C2E2ABDADEB10BCA0D6B265CBB725A84DA33500421A0034685EAFF7D7B2D8474B0055B77AF5EABE120E2EEFD0A143A9DB4F1C3B60F66D7AD9E466EC343E6F4151E96D5DA7DB101C3D7BF6BC561657E8A89AB40640480380062B3535F5A8C3E1182F377DB40650353131318FB46BD72EA4AC414232F6AC2B0A6625E93ADD86201D343A9DE7C5C6C66ED2690F680D809006000D5A5252D26ACBB29EA52580AAC9CFCFBF3E2E2EAECCEDC78FEEABD236545EC78E1DA31D0EC7105A0220A4014083171919F9881CD86CA72580CA2B2C2C6C213F43656EF7F90AAAB40D95171313739E2CCEA12500421A003478B367CF3EE1F3F9C6C94D8E1881CA87B490D0D0501AA21E080F0FD799B8DBD11200210D001A85949494CDB2F8332D01548E6559A6FC39D1AABA0D95259F4333C33CBB00210D001A13AFD73B5516FFA22580E0098B6C59A56D0040480300E8688F92D3BCDAEDF178F13A87C3C1EF62A01AE23A5F6B9CAEB0D3D6BB42234DAB2ED7D34000086900803306B51DB298507CDFB22C2EC207AAA159DB9E26BAF585A7AD8F8AEB6A62DA74A7810010D2000067969C9CFC7787C3B1CB0E692D6811A01A2CCB78F3734F5B5DB44EB60140431342130068BAC77556E8EEDDBB7F9B9D9D7D674E4ECE05F9F9F9E152B536CA406E6EAEF9F8E38FCD95575E79DBBDF7DEDB688E244343430B4342428E848585BD2F6D3B75E0C0819BF8B6A1A6E4E7FE687ED8BEC4E41EF9EEF49FB1CC5D66EFA659A67D8F3B4C58542B1A0B00210D00EAB3B4B4B4FB376FDEFCB48488E8F6EDDB9BB3CE3ACB444444180916B5FA3EE2E3E31BDF41737E7EC88913275A6764648C94207AEB071F7CB051D6FD74D0A0413BF9E621682CCB64EEFBD81CDAF9AEF179CB9ED942C3DB9E0DCF99365D8798969DAED28B40693B00843400A85FC77596F3BBEFBE4BD9B163C7A84E9D3A991E3D7A18A7939EDFC1A441572B3636D69C73CE3921FBF7EFBF52DAFC8B55AB568D92A0B6821642B5FF1050CED9B3D268884BFF66B93976701B67D50034081C9900685234A0498DEAD9B3A7E9D8B12301ADA6FF2723EDABEDDCBB77EF28B99D2A416D28AD82EAD23363150D68818ACFAA0100210D00EA09EDE2B867CF9E517AF64CCFF294743C2BCDECDDFCAAF966CDE4A2D2DBBA0ED5A7EDDDAB57AF68B9B940825A575A04D5515EF7C69A7C2C00D416BA3B026812749010BD064DBB389616D04E1C3B60F66D7AF99403B8DC8C9DB26EAF39E7F2FB4C44B3B368C4200435697FEFDEBD7BA7CBDDDB69115455F7C18FD308001A35CEA40168127414C79C9C9CE80E1D3A94BA3D63CFBA52FFC2AEEB741B8243425A2BA7D379EDCA952B2FA635000020A40168C2B2B3B3EF6ADBB66D99D7A01D3FBAAFCCC796B70D95FC9F8EB47FEBD6AD0FCA7224AD010000210D4013969393D3352E2EAECCED3E5F4195B6A1F2242CC7381C8E21B4040000A5E39A34004D427E7E7E446464240D510F444545C5F1FF1F00000869009AB882820247686868397B38AAB80D9515161616230B123300A088DBED3EDBE5728DB02C6B98C3E1682FAB74B4AE8E523AC4F20159FF83AC5FEEF57A97A5A6A67E4F48038046427EC11BF9055F7670886C698EE76797B90DC1637F0E2E5A02009AB6D1A347DFE0743A27CBCDEB02FEFF1048835A477BFD0809722F7A3C9E0F7C3EDFC4850B17AE21A401402317D7F95A7360DB62E3F3E69FB2DE151A695A75B99E0602002048121212BA4AF0D299E5E3ABF0F0EB24D8AD96B0B6D2B2AC5FA7A4A4EC24A4014023D5AC6D4F9395BEC51C4BDF7ACAFAA8B8AE26A64D771A08008020183D7AF46009598B2460352F5EA79723F4E8D1C3F4EBD7CF74E9D2C5B468D1C2E8605F191919E6C8912366CF9E3DE6934F3E31DBB76FD7CB178A1F162F41EF5379BED10B172E7C8F9006008D9165196F7EEE69AB8BD6C936E3E0BA340000AAC3E3F1DC2DC16AA604B4A22EEF2E97CB0C1830C08C1A35AA289895A4414DEBBCF3CE3303070E2C0A6C8B162D326BD7AE355EAF57776929816F853CEFCF9393935F694C6DC510FC009ABCFCDC1FCDDE4DB34C6EE6AED3B6E93ADDA6FB000080AAD133688101AD75EBD6E6F1C71F37F7DE7B6FA901AD34BA9FEEAF8FD3C7DBF4A4D34BFAFC843400680C2CCB64EE5D6FF66C78CEE41EF9AECCDD749BEEA3FB169D5503000015E676BBCF0F0909492D0E685DBB763553A64C29EADA5815FA387DBC3E4F7150733A9D29FA3A84340068C08ACF9EA57FB3DCF8BC679EAC5AF7D17D39AB060040E5B85CAE677D3E5FD1E9323D03F6D0430F99D8D8D86A3DA73E5E9F27E08C5A9CBE0E210D001AB0339D3D2B4BF15935000070663ACCBE2C86DA61CDFCEE77BFAB76400B0C6AFA7CFABCB6A1F6EB11D200A021AAC8D9B39A782CD014252626FE4EEA2A5A02687A3FBF4EA7F3CFC5B7759090AA76712C8B3E9F3E6F69AFD79031BA238026A9FBE0C76904A0965896355D971E8F275316A90E8763765252D2C7B40CD0A07E7E0F4B005A20F7932BFAF3EB76BBCF96C5357A5B87D9D7511C6B823EEFBA75EB8A87E7BF465F373535F57B421A0000C099B594BA4F0EF2EE6BC881EDF3CF3F37EFBCF3CE69EB2FB9E412D3B66DDBA06F1B326408DF1CD407AD7D3EDF6F64F99B8A0636D9E7165914CD61D3B367CF0A8FE25859FABCFAFC9F7DF699DE75D8AFFB22210D0000A08904B60D1B3698E8E868D3B76FDF93EB727272CC92254B4C9F3E7D82BE8D9086861AD8E467FAE497F7F2CB2FAFD137A4CF6F87B4E2D725A401000034A5C0D6BD7B77D3BF7FFF93F775925D0D5435B50D68A081AD53F14E3A21754D2AF1FC9D1A7AA312D2000008E076BBE34242427E2E071961B4469D07B6E3727BCBB163C768957A223B3BBBA8BBA77C3613690D9C21B0E506668D9AEAEA58C6F37720A40100D088389D4E0D084FD012F542A454BF4F3EF9C40C1F3E9CD6A8073EFAE823B371E346BD3989D6C0194405DE69D6AC598DBE5889E76F45480300A01171381CE1F6CDB576A1FA2A7A405F58E2D8E4A8D4967EFDFA5D4B13D60FD75C738DF9E69B6F34A811D2F8F90DE495DF9D3ECBB2424BFCFCEA1F5A8A7A25E819F1962D5BD6D89B2C71C6FD47421A00008DD3DAE4E4E4C93443F5793C9EF20EF2F2A4C2038E4BF6CAC1DE22592E2ABE26ED9E7BEEB168C5FA212626C65C7CF1C5E6C1071FE467A389FFFCCACFA98E779F2FC12C5A962E59BA4AFEFCCA633F95DB452386E835963519D2F4F903EC27A4010000544E60300B2F2D9801A87F0283997DD62CF40C3FBFFB8A43DAAE5DBBCCB9E79E5B63EF4D9FBFC4EB12D2000000CA230774961CC83908664083E4937256309805FEDCBF2BFBDDAEB7F55AC6418306D5D81BB4AF953CF9BA843400008033B0031AC10C68989C55F9F9F5F97C6FB85CAEE7F557C0B66DDB8ABA24D6C4288FFABC5BB76ED56ED1FA7BC6D2D725A4010000941FD01E94C5FAC614CC66CD9A65DE7EFBED93F7F3F2F26A741BD0107F7E535353BFF7783C1FC9CD6B0B0A0ACCA2458BCCBDF7DE1BF4F7A8CF5B5858587CA6FE237D5D421A00004039E4E06E4663FAF72426269A9B6EBAE9B4F53AA846585858D0B7010DF9E7D7E7F3FDC9E974AED6DB6BD7AE3583070F365DBA7409DAFBDBB3678F59B3664DF159B4A2D76B0CED4E48030000A8049D8FA9BC399F6A621BD0502D5CB8708DC7E3592137877ABD5E3363C60C3365CA14131B1B5BEDE7CECACA32D3A74F975CE673DAAB56E8EB35867673F2D5010000005053249CFD4616197AFBF0E1C366DAB4694501ABBA01EDA9A79EB27EFCF1C7E23C9361BF4EA3404803000000506352535377F87CBE04E39FB0DEECDCB9D33CF6D863455D15AB421FF7E8A38FFA76EDDA557C1D5AA13EBFBE4E636933BA3B02402DF8FCF3CFCD3BEFBC73DAFA4B2EB9C40C1932A4DCED6DDBB60DFA367D4D00006ACBC2850BDFF3783C3F979B2F6906D1336A7FF8C31FCC800103CCA851A32A34EAA38EE2A88384E83568015D1C35F8FD5C9FBF31B517210D006AC1860D1B4C7474B4E9DBB7EFC97539393966C992254581A9BCED7DFAF409FA36421A00A0B6252727BF327AF4E8BD4EA773A1DC6DA9D7A8AD5AB5CAAC5BB7CEF4E8D1C3F4EBD7AF6850110D6C717171262323A32898E999B34F3EF9C46CDBB6CDB247712C3E839629616D74630B68843400A845DDBB7737FDFBF73F795FFFC7A381A922DB6B621B0000B54D03554242C2150E87E339B91BAFEB74787EED51A275068E80DB2B2DCBFAB53CDFCEC6D84E84340040ADCACECE2EFA1FB1C7E399584FDFE2003E2500A8392929291AAC868E1E3DFA06A7D339596E5F5789877FE0F3F9263696511C096900807AE1A38F3E321B376ED49B93EAF3FBB42C8B998401A006D9416B8DDBED3EDBE5728D90DFBBC31C0E477B5977965447A934A903B2FE0759BFDCEBF52E6B0C135513D20000F5CE35D75C63BEF9E61B0D6AF536A4C9C140BE1C0CCCE4D302809A6707AFBFDB05421A00A0B6C5C4C4988B2FBED83CF8E08393690D00004EC73C69000000004048030000000010D200000000A09EE39A3400A825B366CD326FBFFDF6C9FB79797915DE5E13DB000000210D009AACC4C44473D34D379DB65E07D138D3F6B0B0B0A06F03000084340068D29A356B5654D5D91EEC6D0000A07EE29A340000000020A401000000000869000000004048030000000010D2000000008090060000105C0E87C358964543D403F6E7E0A52500421A000068C2424343AD8282021AA21EC8CFCFCF96453A2D0110D20000401316161676E2F8F1E334443D909B9B9B218BBDB40440480300004D587474F4CE8C8C0C1AA21E3878F060B66559EFD21200210D00003461313131FF9470607C3E1F8D5187B4FD0F1F3EDC56968B690D80900600009AB073CF3DF7AFD1D1D139FBF7EFA731EAD0BE7DFB7E9480F6617C7CFCE7B40640480300004D98C3E12868D7AEDDEF252498ACAC2C1AA40E68BB4BFBBBE4B37890D6000869000000A663C78E2F76E9D265D1F6EDDB096A7510D0B66EDD9A2337C70C1A3468272D0210D20000008A74EEDC39416AD1B66DDB4C5A5A1AD7A8D5306D5F6DE72D5BB6E4CA6DB704B415B40A503B4268020000D010381C0E4D656E090EF7A7A7A73F2DCBE8F6EDDB9BB8B838131111A143F5D348D5949F9F6F4E9C38617434CD03070E14BA5CAE8D9665FD94336800210D0000A04CDAF55182C3ACDDBB77FF363B3BFBCE1D3B765C20E1225CCA41EB544F686868614848C81109BCEFFB7CBEA903060CD844AB00843400008033D2C1446431DD2E006854B8260D0000000008690000000000421A0000000010D2000000000084340008E070388C655934443D209FC3315978690900000869009AB0909090C28282021AA21EC8CBCB3B288B745A020000421A80A61DD28E1C3F7E9C86A807B2B3B377C9622F2D010000210D4013A613B3666464D010F5405A5A5A8E6559EFD212000010D2003461D9D9D953D3D3D30B7D3E1F8D5187A4FD77656565F595E5625A030000421A80266CE0C0819B9C4EE7C6FDFBF7D3187568DBB66D1FCAE2D3F8F8F8CF690D00000869009AB8FCFCFC9F7EF7DD773959595934461D3878F0E0FCCCCCCC9B242C3F446B00005036174D00A0A99833674EE65D77DDF5D9A143876E6BDEBC79587878388D528B01EDABAFBE1A2801EDEE4183067D428B00004048038022FFFCE73FBF1D376EDC66090D232CCBCA898D8D8DD239D45033F41AB4AD5BB72E4B4B4BBB49DAF96783070F5E49AB0000503E8E4C003449AB56ADEA2A216DBA0487EBDAB46973A07DFBF6CD232222E2C2C3C3A3699D6AC93E71E2C4A19C9C9C6F2498E51E3D7AB49FACDBA05D1C070D1AB493E6010080900600E55AB972E5C51220464A58BB5142DBD9B2EC48AB548FB4639AB4E3F7B27C474771649010000000000000000000000000000000000000000000000000000000000000000000000000000000000000000000000000000000000000000000000000000000000000000000000000EDEDFD51000000BB494441540000000000000000000000000000000000000000000000000000000000000000000000000000000000000000000000000000000000000000000000000000000000000000000000000000000000000000000000000000000000000000000000000000000000000000000000000000000000000000000000000000000000000000000000000000000000000000000000000000000000000000000000000000000000000000000000000000000000000000000040BDF4FF01ECDA63CA29E281C10000000049454E44AE426082, 0);
INSERT INTO `ACT_GE_BYTEARRAY` VALUES ('005688ee-f22b-11ed-8235-005056c00001', 1, 'process/qingjia01.bpmn20.xml', '005661dc-f22b-11ed-8235-005056c00001', 0x3C3F786D6C2076657273696F6E3D22312E302220656E636F64696E673D225554462D38223F3E0A3C646566696E6974696F6E7320786D6C6E733D22687474703A2F2F7777772E6F6D672E6F72672F737065632F42504D4E2F32303130303532342F4D4F44454C2220786D6C6E733A7873693D22687474703A2F2F7777772E77332E6F72672F323030312F584D4C536368656D612D696E7374616E63652220786D6C6E733A7873643D22687474703A2F2F7777772E77332E6F72672F323030312F584D4C536368656D612220786D6C6E733A61637469766974693D22687474703A2F2F61637469766974692E6F72672F62706D6E2220786D6C6E733A62706D6E64693D22687474703A2F2F7777772E6F6D672E6F72672F737065632F42504D4E2F32303130303532342F44492220786D6C6E733A6F6D6764633D22687474703A2F2F7777772E6F6D672E6F72672F737065632F44442F32303130303532342F44432220786D6C6E733A6F6D6764693D22687474703A2F2F7777772E6F6D672E6F72672F737065632F44442F32303130303532342F44492220747970654C616E67756167653D22687474703A2F2F7777772E77332E6F72672F323030312F584D4C536368656D61222065787072657373696F6E4C616E67756167653D22687474703A2F2F7777772E77332E6F72672F313939392F585061746822207461726765744E616D6573706163653D22687474703A2F2F7777772E61637469766974692E6F72672F70726F63657373646566223E0A20203C70726F636573732069643D2271696E676A696130312220697345786563757461626C653D2274727565223E0A202020203C73746172744576656E742069643D227369642D36413144333231312D354539302D343335462D413636342D423831334445333232324142223E3C2F73746172744576656E743E0A202020203C757365725461736B2069643D227369642D35423338303642312D433445462D343936332D384530382D36453544383537353039344522206E616D653D22E983A8E997A8E7BB8FE79086E5AEA1E689B9222061637469766974693A61737369676E65653D227A68616F36223E3C2F757365725461736B3E0A202020203C757365725461736B2069643D227369642D36433439334439382D453444352D343043372D393434442D33383943354537394333354522206E616D653D22E680BBE7BB8FE79086E5AEA1E689B9222061637469766974693A61737369676E65653D22676F757368656E67223E3C2F757365725461736B3E0A202020203C757365725461736B2069643D227369642D44444332434633392D463034462D344235442D423136372D30454537353439453746373522206E616D653D22E4BABAE4BA8BE5A487E6A188222061637469766974693A61737369676E65653D227869616F637569223E3C2F757365725461736B3E0A202020203C656E644576656E742069643D227369642D36373730353331372D454237352D344243442D413635312D354539323236354437313737223E3C2F656E644576656E743E0A202020203C6578636C7573697665476174657761792069643D227369642D38374138343946332D373943342D344239452D393735352D314132394146464132414535223E3C2F6578636C7573697665476174657761793E0A202020203C73657175656E6365466C6F772069643D227369642D33454638414635322D323130392D343730422D424245372D3736363939393146343236382220736F757263655265663D227369642D36413144333231312D354539302D343335462D413636342D42383133444533323232414222207461726765745265663D227369642D38374138343946332D373943342D344239452D393735352D314132394146464132414535223E3C2F73657175656E6365466C6F773E0A202020203C73657175656E6365466C6F772069643D227369642D46333645303144462D353135362D344236432D393138372D3138313745374132433331342220736F757263655265663D227369642D36433439334439382D453444352D343043372D393434442D33383943354537394333354522207461726765745265663D227369642D44444332434633392D463034462D344235442D423136372D304545373534394537463735223E3C2F73657175656E6365466C6F773E0A202020203C73657175656E6365466C6F772069643D227369642D36433342413541332D364639342D344531382D413645442D4637304435434132353939342220736F757263655265663D227369642D35423338303642312D433445462D343936332D384530382D36453544383537353039344522207461726765745265663D227369642D44444332434633392D463034462D344235442D423136372D304545373534394537463735223E3C2F73657175656E6365466C6F773E0A202020203C73657175656E6365466C6F772069643D227369642D44363235353446342D463246382D344636312D394632462D3734363545413536464444362220736F757263655265663D227369642D44444332434633392D463034462D344235442D423136372D30454537353439453746373522207461726765745265663D227369642D36373730353331372D454237352D344243442D413635312D354539323236354437313737223E3C2F73657175656E6365466C6F773E0A202020203C73657175656E6365466C6F772069643D227369642D37333736374530302D413236412D343238352D384637302D44383842364241324144413522206E616D653D22E5B08FE4BA8EE7AD89E4BA8E32646179732220736F757263655265663D227369642D38374138343946332D373943342D344239452D393735352D31413239414646413241453522207461726765745265663D227369642D35423338303642312D433445462D343936332D384530382D364535443835373530393445223E0A2020202020203C636F6E646974696F6E45787072657373696F6E207873693A747970653D2274466F726D616C45787072657373696F6E223E3C215B43444154415B247B6461793C3D327D5D5D3E3C2F636F6E646974696F6E45787072657373696F6E3E0A202020203C2F73657175656E6365466C6F773E0A202020203C73657175656E6365466C6F772069643D227369642D34364344333330332D433831442D344245362D414345372D42303045323837434543373222206E616D653D22E5A4A7E4BA8E32646179732220736F757263655265663D227369642D38374138343946332D373943342D344239452D393735352D31413239414646413241453522207461726765745265663D227369642D36433439334439382D453444352D343043372D393434442D333839433545373943333545223E0A2020202020203C636F6E646974696F6E45787072657373696F6E207873693A747970653D2274466F726D616C45787072657373696F6E223E3C215B43444154415B247B6461793E327D5D5D3E3C2F636F6E646974696F6E45787072657373696F6E3E0A202020203C2F73657175656E6365466C6F773E0A20203C2F70726F636573733E0A20203C62706D6E64693A42504D4E4469616772616D2069643D2242504D4E4469616772616D5F71696E676A69613031223E0A202020203C62706D6E64693A42504D4E506C616E652062706D6E456C656D656E743D2271696E676A69613031222069643D2242504D4E506C616E655F71696E676A69613031223E0A2020202020203C62706D6E64693A42504D4E53686170652062706D6E456C656D656E743D227369642D36413144333231312D354539302D343335462D413636342D423831334445333232324142222069643D2242504D4E53686170655F7369642D36413144333231312D354539302D343335462D413636342D423831334445333232324142223E0A20202020202020203C6F6D6764633A426F756E6473206865696768743D2233302E30222077696474683D2233302E302220783D223137342E31393939373838373031353337332220793D2235332E3939393939383937313831393839223E3C2F6F6D6764633A426F756E64733E0A2020202020203C2F62706D6E64693A42504D4E53686170653E0A2020202020203C62706D6E64693A42504D4E53686170652062706D6E456C656D656E743D227369642D35423338303642312D433445462D343936332D384530382D364535443835373530393445222069643D2242504D4E53686170655F7369642D35423338303642312D433445462D343936332D384530382D364535443835373530393445223E0A20202020202020203C6F6D6764633A426F756E6473206865696768743D2238302E3030303030303030303030303031222077696474683D223130302E302220783D223434392E39393939383635383839353532372220793D2232382E39393939393831303735353236223E3C2F6F6D6764633A426F756E64733E0A2020202020203C2F62706D6E64693A42504D4E53686170653E0A2020202020203C62706D6E64693A42504D4E53686170652062706D6E456C656D656E743D227369642D36433439334439382D453444352D343043372D393434442D333839433545373943333545222069643D2242504D4E53686170655F7369642D36433439334439382D453444352D343043372D393434442D333839433545373943333545223E0A20202020202020203C6F6D6764633A426F756E6473206865696768743D2237392E3939393939393939393939393934222077696474683D223130302E30303030303030303030303030362220783D223331342E393939393935333036313334332220793D223233392E3939393939363432333732313337223E3C2F6F6D6764633A426F756E64733E0A2020202020203C2F62706D6E64693A42504D4E53686170653E0A2020202020203C62706D6E64693A42504D4E53686170652062706D6E456C656D656E743D227369642D44444332434633392D463034462D344235442D423136372D304545373534394537463735222069643D2242504D4E53686170655F7369642D44444332434633392D463034462D344235442D423136372D304545373534394537463735223E0A20202020202020203C6F6D6764633A426F756E6473206865696768743D2237392E3939393939393939393939393934222077696474683D223130302E302220783D223535342E393939393931373239383535372220793D223232342E39393939383935353432383633223E3C2F6F6D6764633A426F756E64733E0A2020202020203C2F62706D6E64693A42504D4E53686170653E0A2020202020203C62706D6E64693A42504D4E53686170652062706D6E456C656D656E743D227369642D36373730353331372D454237352D344243442D413635312D354539323236354437313737222069643D2242504D4E53686170655F7369642D36373730353331372D454237352D344243442D413635312D354539323236354437313737223E0A20202020202020203C6F6D6764633A426F756E6473206865696768743D2232382E30222077696474683D2232382E302220783D223739342E393939393736333037313534332220793D223235302E3939393939323930373034373339223E3C2F6F6D6764633A426F756E64733E0A2020202020203C2F62706D6E64693A42504D4E53686170653E0A2020202020203C62706D6E64693A42504D4E53686170652062706D6E456C656D656E743D227369642D38374138343946332D373943342D344239452D393735352D314132394146464132414535222069643D2242504D4E53686170655F7369642D38374138343946332D373943342D344239452D393735352D314132394146464132414535223E0A20202020202020203C6F6D6764633A426F756E6473206865696768743D2234302E30222077696474683D2234302E302220783D223239392E393939393935353239363531372220793D223130342E39393939393834333533373831223E3C2F6F6D6764633A426F756E64733E0A2020202020203C2F62706D6E64693A42504D4E53686170653E0A2020202020203C62706D6E64693A42504D4E456467652062706D6E456C656D656E743D227369642D46333645303144462D353135362D344236432D393138372D313831374537413243333134222069643D2242504D4E456467655F7369642D46333645303144462D353135362D344236432D393138372D313831374537413243333134223E0A20202020202020203C6F6D6764693A776179706F696E7420783D223431342E39393939393533303631333433342220793D223237392E39393939393634323337323133223E3C2F6F6D6764693A776179706F696E743E0A20202020202020203C6F6D6764693A776179706F696E7420783D223435342E393939393836353838393535332220793D223237392E39393939393634323337323133223E3C2F6F6D6764693A776179706F696E743E0A20202020202020203C6F6D6764693A776179706F696E7420783D223435342E393939393836353838393535332220793D223236342E3939393938393535343238363233223E3C2F6F6D6764693A776179706F696E743E0A20202020202020203C6F6D6764693A776179706F696E7420783D223535342E393939393931373239383535372220793D223236342E3939393938393535343238363233223E3C2F6F6D6764693A776179706F696E743E0A2020202020203C2F62706D6E64693A42504D4E456467653E0A2020202020203C62706D6E64693A42504D4E456467652062706D6E456C656D656E743D227369642D33454638414635322D323130392D343730422D424245372D373636393939314634323638222069643D2242504D4E456467655F7369642D33454638414635322D323130392D343730422D424245372D373636393939314634323638223E0A20202020202020203C6F6D6764693A776179706F696E7420783D223230322E39383933333438343334323838382220793D2237342E3930333639373936383430363735223E3C2F6F6D6764693A776179706F696E743E0A20202020202020203C6F6D6764693A776179706F696E7420783D223330352E39393537313232393934363930362220793D223131392E3030343238313636353536303733223E3C2F6F6D6764693A776179706F696E743E0A2020202020203C2F62706D6E64693A42504D4E456467653E0A2020202020203C62706D6E64693A42504D4E456467652062706D6E456C656D656E743D227369642D44363235353446342D463246382D344636312D394632462D373436354541353646444436222069643D2242504D4E456467655F7369642D44363235353446342D463246382D344636312D394632462D373436354541353646444436223E0A20202020202020203C6F6D6764693A776179706F696E7420783D223635342E393939393931373239383535372220793D223236342E39393939393033373630343135223E3C2F6F6D6764693A776179706F696E743E0A20202020202020203C6F6D6764693A776179706F696E7420783D223739342E393939393736333037313534332220793D223236342E39393939393236373639353539223E3C2F6F6D6764693A776179706F696E743E0A2020202020203C2F62706D6E64693A42504D4E456467653E0A2020202020203C62706D6E64693A42504D4E456467652062706D6E456C656D656E743D227369642D37333736374530302D413236412D343238352D384637302D443838423642413241444135222069643D2242504D4E456467655F7369642D37333736374530302D413236412D343238352D384637302D443838423642413241444135223E0A20202020202020203C6F6D6764693A776179706F696E7420783D223333352E373131383539373333393035352220793D223132302E3731313836323633393633313839223E3C2F6F6D6764693A776179706F696E743E0A20202020202020203C6F6D6764693A776179706F696E7420783D223434392E39393939383635383839353532372220793D2238342E3733383136303534323635373934223E3C2F6F6D6764693A776179706F696E743E0A2020202020203C2F62706D6E64693A42504D4E456467653E0A2020202020203C62706D6E64693A42504D4E456467652062706D6E456C656D656E743D227369642D36433342413541332D364639342D344531382D413645442D463730443543413235393934222069643D2242504D4E456467655F7369642D36433342413541332D364639342D344531382D413645442D463730443543413235393934223E0A20202020202020203C6F6D6764693A776179706F696E7420783D223439392E39393939383635383839353532372220793D223130382E3939393939383130373535323631223E3C2F6F6D6764693A776179706F696E743E0A20202020202020203C6F6D6764693A776179706F696E7420783D223439392E39393939383635383839353532372220793D223135392E3439393939343537353937373532223E3C2F6F6D6764693A776179706F696E743E0A20202020202020203C6F6D6764693A776179706F696E7420783D223630342E393939393931373239383535372220793D223135392E3439393939343537353937373532223E3C2F6F6D6764693A776179706F696E743E0A20202020202020203C6F6D6764693A776179706F696E7420783D223630342E393939393931373239383535372220793D223232342E39393939383935353432383633223E3C2F6F6D6764693A776179706F696E743E0A2020202020203C2F62706D6E64693A42504D4E456467653E0A2020202020203C62706D6E64693A42504D4E456467652062706D6E456C656D656E743D227369642D34364344333330332D433831442D344245362D414345372D423030453238374345433732222069643D2242504D4E456467655F7369642D34364344333330332D433831442D344245362D414345372D423030453238374345433732223E0A20202020202020203C6F6D6764693A776179706F696E7420783D223332342E37343837333932373436323538352220793D223134302E3235313235343639303430333938223E3C2F6F6D6764693A776179706F696E743E0A20202020202020203C6F6D6764693A776179706F696E7420783D223335332E34373839353936313532383835352220793D223233392E3939393939363432333732313337223E3C2F6F6D6764693A776179706F696E743E0A2020202020203C2F62706D6E64693A42504D4E456467653E0A202020203C2F62706D6E64693A42504D4E506C616E653E0A20203C2F62706D6E64693A42504D4E4469616772616D3E0A3C2F646566696E6974696F6E733E, 0);
INSERT INTO `ACT_GE_BYTEARRAY` VALUES ('0db20d3a-f091-11ed-a994-005056c00001', 1, 'process/qingjia.bpmn20.xml', '0db20d39-f091-11ed-a994-005056c00001', 0x3C3F786D6C2076657273696F6E3D22312E302220656E636F64696E673D225554462D38223F3E0A3C646566696E6974696F6E7320786D6C6E733D22687474703A2F2F7777772E6F6D672E6F72672F737065632F42504D4E2F32303130303532342F4D4F44454C2220786D6C6E733A7873693D22687474703A2F2F7777772E77332E6F72672F323030312F584D4C536368656D612D696E7374616E63652220786D6C6E733A7873643D22687474703A2F2F7777772E77332E6F72672F323030312F584D4C536368656D612220786D6C6E733A61637469766974693D22687474703A2F2F61637469766974692E6F72672F62706D6E2220786D6C6E733A62706D6E64693D22687474703A2F2F7777772E6F6D672E6F72672F737065632F42504D4E2F32303130303532342F44492220786D6C6E733A6F6D6764633D22687474703A2F2F7777772E6F6D672E6F72672F737065632F44442F32303130303532342F44432220786D6C6E733A6F6D6764693D22687474703A2F2F7777772E6F6D672E6F72672F737065632F44442F32303130303532342F44492220747970654C616E67756167653D22687474703A2F2F7777772E77332E6F72672F323030312F584D4C536368656D61222065787072657373696F6E4C616E67756167653D22687474703A2F2F7777772E77332E6F72672F313939392F585061746822207461726765744E616D6573706163653D22687474703A2F2F7777772E61637469766974692E6F72672F70726F63657373646566223E0A20203C70726F636573732069643D2271696E676A69612220697345786563757461626C653D2274727565223E0A202020203C73746172744576656E742069643D227369642D43363132424138432D413936382D343935332D423444392D304144343633313643423841223E3C2F73746172744576656E743E0A202020203C757365725461736B2069643D227369642D39443146393144432D313039362D343741422D394146382D34384339453231353630323422206E616D653D22E5BCA0E4B889E5AEA1E689B9222061637469766974693A61737369676E65653D227A68616E6773616E223E3C2F757365725461736B3E0A202020203C757365725461736B2069643D227369642D44434141324632322D353846352D344431382D413837422D43303338464531453242443022206E616D653D22E69D8EE59B9BE5AEA1E689B9222061637469766974693A61737369676E65653D226C697369223E3C2F757365725461736B3E0A202020203C656E644576656E742069643D227369642D45454339453838412D364435422D343041382D424532432D373842393243433130333036223E3C2F656E644576656E743E0A202020203C73657175656E6365466C6F772069643D227369642D35383135353631312D383245322D343543312D413632412D3541364138373839353941352220736F757263655265663D227369642D43363132424138432D413936382D343935332D423444392D30414434363331364342384122207461726765745265663D227369642D39443146393144432D313039362D343741422D394146382D343843394532313536303234223E3C2F73657175656E6365466C6F773E0A202020203C73657175656E6365466C6F772069643D227369642D41394436434343422D463531302D343746422D384645302D3035314444303037443336362220736F757263655265663D227369642D39443146393144432D313039362D343741422D394146382D34384339453231353630323422207461726765745265663D227369642D44434141324632322D353846352D344431382D413837422D433033384645314532424430223E3C2F73657175656E6365466C6F773E0A202020203C73657175656E6365466C6F772069643D227369642D43364535313346302D313842312D344342432D424546352D4645433330324638454235322220736F757263655265663D227369642D44434141324632322D353846352D344431382D413837422D43303338464531453242443022207461726765745265663D227369642D45454339453838412D364435422D343041382D424532432D373842393243433130333036223E3C2F73657175656E6365466C6F773E0A20203C2F70726F636573733E0A20203C62706D6E64693A42504D4E4469616772616D2069643D2242504D4E4469616772616D5F71696E676A6961223E0A202020203C62706D6E64693A42504D4E506C616E652062706D6E456C656D656E743D2271696E676A6961222069643D2242504D4E506C616E655F71696E676A6961223E0A2020202020203C62706D6E64693A42504D4E53686170652062706D6E456C656D656E743D227369642D43363132424138432D413936382D343935332D423444392D304144343633313643423841222069643D2242504D4E53686170655F7369642D43363132424138432D413936382D343935332D423444392D304144343633313643423841223E0A20202020202020203C6F6D6764633A426F756E6473206865696768743D2233302E30222077696474683D2233302E302220783D223131352E31393939373937343933323232342220793D223133352E39393939393737343939323437223E3C2F6F6D6764633A426F756E64733E0A2020202020203C2F62706D6E64693A42504D4E53686170653E0A2020202020203C62706D6E64693A42504D4E53686170652062706D6E456C656D656E743D227369642D39443146393144432D313039362D343741422D394146382D343843394532313536303234222069643D2242504D4E53686170655F7369642D39443146393144432D313039362D343741422D394146382D343843394532313536303234223E0A20202020202020203C6F6D6764633A426F756E6473206865696768743D2238302E30222077696474683D223130302E302220783D223232342E39393939393332393434373736332220793D223130382E3939393939343533313237343031223E3C2F6F6D6764633A426F756E64733E0A2020202020203C2F62706D6E64693A42504D4E53686170653E0A2020202020203C62706D6E64693A42504D4E53686170652062706D6E456C656D656E743D227369642D44434141324632322D353846352D344431382D413837422D433033384645314532424430222069643D2242504D4E53686170655F7369642D44434141324632322D353846352D344431382D413837422D433033384645314532424430223E0A20202020202020203C6F6D6764633A426F756E6473206865696768743D2238302E30222077696474683D223130302E302220783D223536382E313939393634303130373136342220793D223130382E39393939393631353535303035223E3C2F6F6D6764633A426F756E64733E0A2020202020203C2F62706D6E64693A42504D4E53686170653E0A2020202020203C62706D6E64693A42504D4E53686170652062706D6E456C656D656E743D227369642D45454339453838412D364435422D343041382D424532432D373842393243433130333036222069643D2242504D4E53686170655F7369642D45454339453838412D364435422D343041382D424532432D373842393243433130333036223E0A20202020202020203C6F6D6764633A426F756E6473206865696768743D2232382E30222077696474683D2232382E302220783D223934332E313939393533333731323837362220793D223133362E3939393939353730383436353636223E3C2F6F6D6764633A426F756E64733E0A2020202020203C2F62706D6E64693A42504D4E53686170653E0A2020202020203C62706D6E64693A42504D4E456467652062706D6E456C656D656E743D227369642D35383135353631312D383245322D343543312D413632412D354136413837383935394135222069643D2242504D4E456467655F7369642D35383135353631312D383245322D343543312D413632412D354136413837383935394135223E0A20202020202020203C6F6D6764693A776179706F696E7420783D223134352E31393835343931333235343639362220793D223135302E3739323833343837353336393738223E3C2F6F6D6764693A776179706F696E743E0A20202020202020203C6F6D6764693A776179706F696E7420783D223232342E39393939393332393434373736332220793D223134392E3639303630333331323839303934223E3C2F6F6D6764693A776179706F696E743E0A2020202020203C2F62706D6E64693A42504D4E456467653E0A2020202020203C62706D6E64693A42504D4E456467652062706D6E456C656D656E743D227369642D41394436434343422D463531302D343746422D384645302D303531444430303744333636222069643D2242504D4E456467655F7369642D41394436434343422D463531302D343746422D384645302D303531444430303744333636223E0A20202020202020203C6F6D6764693A776179706F696E7420783D223332342E39393939393332393434373736332220793D223134382E39393939393437363739303338223E3C2F6F6D6764693A776179706F696E743E0A20202020202020203C6F6D6764693A776179706F696E7420783D223536382E313939393634303130373136342220793D223134382E3939393939353931383837303735223E3C2F6F6D6764693A776179706F696E743E0A2020202020203C2F62706D6E64693A42504D4E456467653E0A2020202020203C62706D6E64693A42504D4E456467652062706D6E456C656D656E743D227369642D43364535313346302D313842312D344342432D424546352D464543333032463845423532222069643D2242504D4E456467655F7369642D43364535313346302D313842312D344342432D424546352D464543333032463845423532223E0A20202020202020203C6F6D6764693A776179706F696E7420783D223636382E313939393634303130373136342220793D223134392E3239343938313334393536313635223E3C2F6F6D6764693A776179706F696E743E0A20202020202020203C6F6D6764693A776179706F696E7420783D223934332E323030313937303130343638362220793D223135302E3931373430313239313532373537223E3C2F6F6D6764693A776179706F696E743E0A2020202020203C2F62706D6E64693A42504D4E456467653E0A202020203C2F62706D6E64693A42504D4E506C616E653E0A20203C2F62706D6E64693A42504D4E4469616772616D3E0A3C2F646566696E6974696F6E733E, 0);
INSERT INTO `ACT_GE_BYTEARRAY` VALUES ('0db2826b-f091-11ed-a994-005056c00001', 1, 'process/myfilename-20230512061134591.png', '0db20d39-f091-11ed-a994-005056c00001', 0x89504E470D0A1A0A0000000D49484452000003E40000010D08060000008689AF72000000206348524D00007A26000080840000FA00000080E8000075300000EA6000003A98000017709CBA513C0000000467414D410000B18E7CFB5193000000017352474200AECE1CE900000006624B474400FF00FF00FFA0BDA793000000097048597300000EC400000EC401952B0E1B0000172F4944415478DAEDDD7B7456F5992FF0FDBE6F2EDCE41A282AB62AA7AD07DBDAD68AB4EAB2035A702C47DB010C6BB5DA56A79733D38B8A3D6BD59ED37AAAAB1EABFDE34C677919A755EB3890809E555D15A9786B9D2A052AAD305C0A06099724980442C22597F7FC7E390987E126247943F2E6F3596BAFBDB3DFF7DDFBE5D9EC87FD65EFEC9D2400000000000000000000000000000000000000000000000000000000000000000000000000000000000000000000000000000000000000000000000000000000000000000000000000000000000000000000000000000000000000000000000000000000000000000000000000000000000000000000000000000000000000000000000000000000000000000000000000000000000000000000000000000000000000000000000000000000000000000000000000000000000000000000000000000000000000000000000000000000000000000000000000000000000000000000000000000000000000000000000000000000000000000000000000000000000000000000000000000000000000000000000000000000000000000000000000000000000000000000000000000000000000000000000000000000000000000000000000000000000000000000000000000000000000000000000000000000000000000000000000000000000000000000000000000000000000000000000000000000000000000000000000000000000000000000000000000000000000000000000000000000000000000000000000000000000000000000000000000000000000000000000000000000000000000000000000000000000000000000000000000000000000000000000000000000000000000000000000000000000000000000000000000000000000000000000000000000000000003020A59400E809D96CB6F0ADB7DEFAF69E3D7BAE6F6C6C7CFF8103078AC3A0C774536161614B4141417D5151D1CBA1B63F9E3A75EA0A5581BE63DDBA757FBB6FDFBEAF3535354DEAE87B6955E97EDF0B43437171F1AB2D2D2DFF6BCA9429BF53154020073886CACACA6F545555FD2404C6A1E3C78F4F468F1E9D0C1A342809215271BA291CDC27E1603FA9ADAD4DB66FDFDE92C9649687795F98366DDA46D58153A7A2A2E2733B77EEFCA7C6C6C631FA5EEEFADE8E1D3BDA42387FB3B9B979D6E5975FBE417500811CA043369B4D6FDEBC794138309D75D6596725679C7146924E3B39942B6D6D6DC9B66DDB9250F3A650FB5921943FAB2AD0FB366CD8705FD8176F9E3061424ADFEB9DBEF7F6DB6FEF2F2828987BD965973DA52A403EC92801D0555FFEF297CB42389C75FEF9E72763C78E4D5229FFC7974BB1BEC3870F4F468E1C5958535373EDF5D75FFFC7C71E7BEC2F2A03BD67FDFAF5776FDFBEFDB6499326A5F4BDDEEB7B23468C28A8AAAA6AEF7B8F3EFAA833E580400E0C6CF132F54D9B36DD16C3783C583ADCDEDD95C9F6D58B92AAB5BF4ADEA9783969AC7B2B291A3A36292C1EAE78DD545C5C1C0F4E8BC2C1E9D537DC70C3C210CAEB54057A258C5FB96DDBB60742DF4B1DADEFB5ECDB95EC58FB74B263CD5349CDC6DF248DEFAC4F32858393E2A1E314AF67FA5E417575F53521942FD0F7807CE11A2BE0A4C51BB8C5DF198F97A91FEDA0745FC3F664CB8A7F4E9A6A37266DADCDED439C8EF3E26B745FAC7BA87F6BD816F7AA06F48E5DBB763D12F6BBA386F1D6E6BD49C51F1E4A76EF5895B4B6EC8B8D32D9BBAB32D9FAA7F961DE9F14AF87FADE7BDFFBDEE2743AFD0FAA0108E4C08015EFA6DED8D83834FEEEE4D1D456BCD21EC20F17E7C5D7E81921188C0907A6972E5EBCF802D580DC7AE38D373EBB77EFDE338ED5F7766D5B91B4ECDF759457B249CDC6E715B0879C79E69905A954EA127D0F10C881016BCF9E3D378C1B37EE983732DABB6BCB313F7BBCD738C9061EEA5F5252521DC67FA31A905B2D2D2DDFEC6ADF6BDE5B9BB41E6852C41EEA7B613BB4E87B80400E0C588D8D8D13E3237E8EA5ADADB94BAF71F2C281E9B0542A75A54A406EEDDBB7EFE3C7ED7BADC7EF6DD96C8B22F690929292D12190CF5009201F14280170B20E1C383068F0E0C10AD1070C193264B45E0EB9D7D2D2729ABED737746C87F7A9042090030352737373AAB0B0F038EF4875F1354E565151D1B0787CAA1290F3405E74BCBEE7F167BD276E876C365BA212403E70C93A70D2C281D0710F3E8B068FEAD26B9CBC8EEDE0119690FBBE973A5EDF2B1C3CF2D8075B99C224533454117BB6EF398605047280A319FDBE4BC30168D111F3E3F378C79C7DB902017967E4999343E81E7694F0984E4ACE9D16C6FEDF0C00811CE805A78D3B3F195AF28123E60F193D311936F63C0502F24EF1B0F72463DE77C911F30B068D68FF4F4A0010C881DE91CD1EF5113FEDF3C26B00F9A8E540E391EDB0B525696B3DA0380008E440EE1D687A27797BC5C34953DDA6235E8BF3E26BF13D00F9A2B5796FB2EDCDF2A476F3EF8E12D21B92B75EFB87D0FFDE5228008EE02EEB40CFC86693BA2DBF4F6A36FEE6B8CFE36DAADF9C54BCFEB364ECC42B9351677D32FE82A5DA01FDD69E9A7F4F76FCFBAFDA83F7B134EFAD4BDE5EF1F364E484C9C9B8F74F3FEA3D360010C801BA249EF1DEB1E6C9F6B07D226260AF5AFFEBA4A17A75327ED2E793A221631411E857E259F1AA75CF24BB77AC3AC14F6493FACAD793C677D627A787BE3764D4398A08804BD681EE8B67BC4F348C1FAAF36C39407FB3F54FFF721261FCFFEB3C5BBEBFB15A110110C881EE3BDE25EAB9FC2C407FEC7BF16C7956EF032071C93AD003CEBBE24E45000694B3277F431100E83667C8010000402007000000811C00000010C8010000207FE4D54DDD9E7BEEB9A9959595DFDEB265CB279B9A9A8635343414D7D5D5A5478E1CD9326CD8B0BD4545457561FAE9DADADA9FDE7DF7DD9B6C7E000080DE317BF6EC333399CCCC6C36FBD7A9546A7C98757A182684A1320CDBC3FC1D61FEAF5B5B5B9F2E2F2FDF2A90F70361A3A5162D5AF4A33FFEF18FB7848D36F8E31FFF783263C68C64ECD8B14908DFC9E8D1A39310C00BEAEBEB4FABA9A9396DE5CA957FB76EDDBAFF7ACB2DB76C2F2828F8BB7BEEB9E7FFD8350000007263CE9C397F954EA7EF089397C59F43E83EFC2D31944FE8983F3384F6FB4B4B4B7FDBD6D6F683B2B2B21705F23EEAD9679FFDDC1D77DCF14808DBC3AFBBEEBA64F2E4C949D8D047BC2F86F2389C7BEEB9C9C5175F9C840D9B5AB66CD919F3E7CF5F74F3CD376F0841FDB38F3FFEF85FEC2A0000003D2364B4892164FF2C4CCEE8C2C72F0BD9EE8510CC1767B3D9BF5FB060C14681BC0F292B2BFBF1534F3DF5DFAEBDF6DAD4673EF3992493C99CF06763689F32654A72D14517A5972C59F2C1458B16BDF9F5AF7F7DD6030F3CF08CDD060000A07BE6CC997345C85DE5214C8FEC9C575858984C9A34A9FD44EAD9679F7DE815CD497D7D7D525151912C5BB62C59B3664DD2DCDCDCF9B11921D4FF212C6F4EC880CF0BE47DC0238F3C52FEE28B2FCEBAE5965B920F7EF0835D5E4E0CF1575D75553C735EFCD39FFEF4C9AF7EF5AB373FF4D043FF68F7010000E89AD2D2D2AF8410FD5008E399CEDCF5E94F7F3A99356B567B083FDCA157344F9D3AB53D9C2F5CB83079E9A59792D6D6D6F8965121DC3F1B96FBB5F9F3E7FF3C9F6AD5EFEEB2FEC4134FDCF1DA6BAFCDFAE10F7FD8AD307EA8B89C1FFDE847856D6D6DF7CD9D3BF74ABB100000C0C98B67C6C3E8C1CE305E525292DC79E79DC94D37DD74D4307E34F17DF1FDF173F1F31DE2C9E4073B962F909F0A656565335E7EF9E5FFFE9DEF7C2719376E5C8F2E3B2E6FDEBC79C583060D7A6AF6ECD9FFC9AE04000070E2628ECA6432651DE1399938716272D75D77B55F9EDE15F173F1F371399DA13C9D4E2FC8A7BCD6AF02F99FFFFCE7C7AEB9E69A544F9D193F5C5CEEAC59B3060D1B36EC61BB130000C0890B61FC7F67B3D951713A9ED9FEEE77BF9B0C1F3EBC5BCB8C9F8FCB39E44CF9E8B81E81BC973DF2C823B73634348C8D3770CBA5E9D3A767060D1A7461BC35BF5D0A0000E0DD75E4A7AB3A827972EBADB7763B8C1F1ACAE3F20EB991F755F992D7FA4D205FB366CDEDF1D166277337F5AE88CBBFFEFAEB8786507E8FDD8A7C3577EEDC5BC3F0499500F43D007AA24FA6D3E9FFD9391D6FE0D6D5CBD48F252E2F2EF768EBEBCFFAC55DD6EFBDF7DEF3D6AD5B372ADE1EBF3784F5A4EEBFFFFEFF3C7BF6EC33CBCBCBB7DA3DC937D96CF6DE382E2D2DDD994AA5FE354CFE6BF07B95010642DF0BA32742EF9BAFEF011CB54FD6841EF944985C70A27D32E6A630BA244EC7479BC5BBA9E7425CEE2BAFBCD2F948B44BF221AFF58B409EC9646EFBD8C73ED6FEFCF0DE10D7F3E10F7FB861F9F2E5FF25FC78BFDD933C56129AEF37C3F89BFD399CAF5AB52A59B264C911F33FFAD18FB6DFB0B1A75FBBF24A0F6380FEDCF7C2F0ADD0FBBED59FC37957FB5EEC5FDDF92C30208C0D3DF2DB61FCED130DE7213FC5DC948AD3E79F7FFE09DF4DFD64C5E5C6E5BFF1C61BF1C754C77AFB755EEB1781BCA6A6E6B2993367F6EA3A3FF5A94F8D58B162C5950239C279DF3F487DFDF5D793A1438726175E78E1C1798D8D8DC9934F3E997CE4231FE9F1D71C948270DE5FFB5EEC5FDDF92C209C1F2D9C87F9071BC4273EF1899C7EA1B8FC8E40DEB95E813CD79A9A9AC6BCE73DEFE9D5759E7EFAE983D3E9F4FBEC8308E7FD239C9F77DE79C9C5175F7CF0E7FAFAFAF603C85CBD0608E7FDB5EFE97D400EC2F9599D6F3AF7DC7373FA250E5BFE59FDBDA8FD22903736360ECDD5650FC7127FF721F840F8CBF603FB1EC2F9C170DE14C66F343434A84A1FB167CF9EF6CB4FF52AC85938D7F7F43DE0F8E1BCE9D05C99EBDC76D8F2CF10C87BC1DEBD7B0B4F3BEDB45E5D67BC0CA2ADAD6D5898FCA1FD0D0E1A12864F2D5BB62CB9FAEAAB55A30F78F5D55793E5CB97277A15E87BFA1E700AFBE441B9CE6D872D7F8C40DE0B060D1AB4BFA1A161F0A851A37A6D9DF1E6254F3CF14443369BBDCF3E461E7AD78398542AD51646AD611F283C64F6AE30FC79F2E4C9972A61DF70C9259724EBD7AF8F07A70E4CA19B7D2FF6BCD8FBF43D7D0FF4C963F7C98EA1E8B03E39B8735EBCA22897B9EDB02B96DE11C87B2790EFAAAFAFEFD5407EE0C081A6F00FF2BAF9F3E7DF61DF24DF9496961EABE1B6C4BFFE611812FEFEC7C71AC4E1ED7080BA308C1776FE2EE58D37DE9855C5BE61D8B061C905175C90CC9B374FAF822EF4BDD0DF9A43BF8BCFCF89677832613AA3EFE97BA04FFE873E198F0D63AF1C1AFB64C7F01FFA64F8EC1FC274FBDDDCE27D277299DBE2F20FB14D20EF05994C664B5555D5F873CE39A7D7D6F95610465BEC9A0C00074378474F2838DAC12840BE383484779C0D2FD4F7008E1EC2C310CF7C17BD4B9FDCD219C8376DDA94E432B7C5E51FB65E813CD79A9A9AE6AF5CB9F2C22953A6A47B6B9D2FBCF04263F8CBF71BBB23792C5E929E16C28181D6F784708077ED932712C20F8AB929BCEF73713ADEE361DAB46939FB821DF79038B85E81BC17D4D7D72F0885FF715B5B5B513A9DFB4C1ED693ADA8A8787F18FFCA3E491E4B3B1805F43D00BADB27636ECA6432FF182653AB57AF6EBFAC3C17775B8FCB8DCBEFCCE3F990D7FA45202F2F2FDF7AD34D37AD5FB66CD987A64C9992F3F52D59B2E4B5B0715BE37AED93E4A3D064E785D1BFE5D3C1E8C30F3F9C3CF7DC73077FDEBF7F7F4E5F03F4BDFEDAF7F43EA0A7FB64CC4DA5A5A5AF86C94B9B9B9B93850B172621BFF5F8778CCB8DCBEFF06A3EE4B582FEF24577EFDEFDAD5FFEF297CF5C74D1454332994CCED6D3DADA7AE0F1C71F3F3D04F2AFD82DC957A1D1E6D5D303E6CE9D9B4C9F3EFD88F9F1C63F4545453DFE1AA0EFF5D7BED7DDCF02FAE4B184FCF43FD2E9F40B71FAA5975E4AAEB8E28AE4ECB3CFEEB1EF575151D1BEDC43D7970F75EF3781BCACACECC51B6FBC71C5E2C58B2FBEFAEAAB8B72B59E5FFCE217AF8450DE1CD767B784FE213E8FF278CFBCCCC56B00FDB9EFE97D402EF25A6969E9B361F2AA90A792FBEEBB2FB9EBAEBB92E1C387777BD9BB77EF6E5F5E5C6E8767F325AFA5FBD3970D1BE22BA1F04DEBD6AD6BCBC5F257AE5CF9FBA54B977E286CE86FD9A50000004E5C478EAA8DD33B77EE4CEEB9E79EF630DDDD301E971397D7A1369FF25ABF0AE4E5E5E57FD9B76FDFECBBEFBEBBB1BABABA4797BD6DDBB6353FF9C94FCE696B6BFB625C8FDD090000E0E4F25AC853D725FFEFB1BAC9C68D1B93DB6FBFBDFD72F3AE889FFBDEF7BE978DCBE9D012979F4F792DDDDFBE705959D9F321947FE7B6DB6EAB5BBB766D8FDC6564F9F2E52FCF9B372F3EBDFEF6B87CBB12000040D7F25A187DAD3394C733DBDFFFFEF7DB6F1819EF927E22E2FBE2FB4398CFBEF3CE3BA9CE301E979B6F79ADA03F7EE9F9F3E7FF7CCE9C396FDF79E79D0B3EFFF9CFD75C73CD3513BA72A3B7D6D6D6DD0F3DF4D0CBAFBCF2CAE4B6B6B62F08E30000003D93D7D2E97459F87154FCDDEFA54B972621772593264D4A264F9EDC7EC3B7F868B4D1A34727B5B5B5ED213C9E115FB66C597CB459B6A5A52506F1CE305E17F2DA9C7CCC6B05FDF58BC78D71DD75D74D2E2F2FFFD933CF3C53F0A52F7D297BE9A5979E7E22CF290F1BB3317CE6B70B162CF840982ECC66B39784E56DB4EB000000F4585EBB28954AFD2CFC3823CE8B8F2C5BB56A55FBF02E52874C2F0E79EDEFF335AF15F4E72F1F0275DC2857CD9933E7AFEEBFFFFE3B1E7CF0C1C113274E7CEBF2CB2FCF4C983061584949C9A83163C60CDDB97367755053515151F7FCF3CF67B76FDFFEB1F0B9A1218CDFE46EEA000000B9CD6BE974FA8E307DD9497CFCB721AFFD20DFF35A413EFC213A36D28BB367CF3E73C3860D33D7AF5FFFD7A9546A7C98171F8F36AAE36D2DD96CB631CCFF756B6BEB0DF9F01079000080FE94D73299CCCC90CB3AF3DAE961981086CA306C0FF37774E4B5A7074A5E2BC8A73F4CC7467BA063000000405EEBB3D24A00000000023900000008E400000080400E0000000239000000209003000080400E00000008E4000000209003000000023900000008E4000000209003000000023900000008E4C080964AA5926C36AB107D40D80E0D61D4AA1290F3BE97D5F7FA4CDF4BF43D40200706AC82828296E6E66685E803F6EFDF5F1D46552A0139EF7BFBF4BDBEA1633B54AB0420900303F5C0B47EEFDEBD0AD107ECD9B3675318BDAD1290E303A674BA5ADFEB1B1A1B1B63CFDBAC1280400E0C484545452FD7D6D62A441F505959D998CD667FA31290734FEB7B7DC3B640DF03047260C0DAB367CF8FABAAAA5ADADADA14E3140AF5DFB47BF7EE0BC378916A406E3535353D1CFA5E93BE77CAFBDEBEDADADAB3F43D40200706ACA953A7AE48A7D3CBB76DDBA618A7D0EAD5AB7F17467F983163C62AD580DC8AFB59369B7D75EBD6AD7E91FC14DAB061C3AB613BBCAEEF01023930A01D3870E00B9B376F6EDCBD7BB7629C02D5D5D5FF525757373D9D4E7F5735A077B4B6B67E23F4BDA6D0F7DC6EFD14083D6F595555D587F43D209F649400E88AC71E7BACEE861B6E78A3A6A6E6DA112346141517172B4A2F86F1B56BD74E0D07A55F99366DDA3215815EED7BABC23EF8D99123476642DF731CD54B6A6B6B7FB77AF5EA73F43D402007E8F0E8A38F6EF8E217BFB8321C9CCECC66B38DC3870F1F129F514E6EC4DF197FF3CD379FAEACAC9C1EEAFCE52BAEB862B1AA40AF87F2BF84BE1743F9CCD6D6D6EA1123468CD4F772DAF76AD7AE5DFB7C4545C505A1CE5FD2F7807CE35F10A0DB962E5D3A3104F27BC3C1D26563C78EDD3E7EFCF81183060D1A5D5C5C3C5475BA65CFBE7DFB6A1A1B1BD78710DEB46BD7AEC961DEEBF172CD69D3A66D541E38B57D2F84C57BC2FE78594949C996D0F7460D1E3C7864E87BA354A75B0EECDFBFBFBAA9A96973E87BBBEAEAEA3E1AE6BDA6EF010239C0BB58BC78F105E1A0E96F4230FF4C08E86786F10455E99E50C7CA50C7AD61BC24DE55D88D8C40DFD3F700000000000000000000000000000000000000000000000000000000000000000000000000000000000000000000000000000000000000000000000000000000000000000000000000000000000000000000000000000000000000000000000000000000000000000000000000000000000000000000000000000000000000000000000000000000000000000000000000000000000000000000000000000000000000000000000000000000000000000000000000000000000000000000E8F3FE2FE8C0628D817B96050000000049454E44AE426082, 0);
INSERT INTO `ACT_GE_BYTEARRAY` VALUES ('13a70cce-f13c-11ed-8599-005056c00001', 1, 'process/myfilename-20230513030854758.png', '13a70ccd-f13c-11ed-8599-005056c00001', 0x89504E470D0A1A0A0000000D494844520000043B000001050806000000EDFBEC58000000206348524D00007A26000080840000FA00000080E8000075300000EA6000003A98000017709CBA513C0000000467414D410000B18E7CFB5193000000017352474200AECE1CE900000006624B474400FF00FF00FFA0BDA793000000097048597300000EC400000EC401952B0E1B000015874944415478DAEDDD7B9054D59900F0DBDDCC83B7BC1415370A1B657DC41823B23ECA08A81897D518C0A12A0AAB96C96E52C620EAA6CC6E74D568F9FA63CB2D34E52684B8066640B7A215918806B3268A40B4144B30E2A823089801811986C774EF39B333EEC84381999E47F7EF5775EBDEB9B7FBDC996FFA7C7DCFD7F7F64D1200000000000000000000000000000000000000000000000000000000000000000000000000000000000000000000000000000000000000000000000000000000000000000000000000000000000000000000000000000000000000000000000000000000000000000000000000000000000000000000000000000000000000000000000000000000000000000000000000000000000000000000000000000000000000000000000000000000000000000000000000000000000000000000000000000000000000000000000000000000000000000000000000000000000000000000000000000000000000000000000000000000000000000000000000000000000000000000000000000000000000000000000000000000000000000000000000000000000000000000000000000000000000000000000000000000000000000000000000000000000000000000000000000000000000000000000000000000000000000000000000000000000000000000000000000000000000000000000000000000000000000000000000000000000000000000000000000000000000000000000000000000000000000000000000000000000000000000000000000000000000000000000000000000000000000000000000000000000000000000000000000000000000000000000000000000000000000000000000000000000000000000000000000000000000000000000000000000000000000000000000000000000000000080BD4A090140C7CAE57225EFBCF3CEF7B76EDD7A455D5DDD1777ECD8511626F9B88D4A4A4A76F5E8D163536969E9E210DB3BC78C19B34C5440AE93EB008A93371C800E545353F38FEBD6ADBB271CA0F61E3A74683270E0C0A4BCBC3C0907AD82D34661109534343424B5B5B5C9DAB56B77653299A561DDB7C68E1DFBB6E8805C27D7011417C50E800E90CBE5D2EFBEFBEEDCEAEAEA89471D755472C4114724E9745A60F2249BCD266BD6AC4942CCEB43EC278641C053A202729D5C07503CBCFB00748078F01FA689279C7042326CD83007FFF97E730BF18D713EE9A4937A85E5AA458B165D282A20D7C97500C523230400F9154FE75EBD7AF50DF1E0BF5FBF7E7B6CDFB6B92659BB627EB2EECD5F277FA95E9CD46D7C2729ED3D242929EB27786D54565696F4EFDFBF74DDBA75174D9D3A75DEECD9B3378A0AC875721D40E1536E07C8A3F8057DF1BAF5783AF7DE0EFE1BB6AC4DDE5FF69F497DEDDB49B67167D31497E3BAB88DB68B710FF16F0CFF8B7B4503E43AB90EA038287600E451BC13415D5D5DEF78DDFADED4563FDF74D0BFBBB82E6EA37D8401C0A0743A7DD682050B4E160D90EBE43A80C2A7D80190475BB76E9D7AE8A187EEF3BAF56D1FBFBFCFE77ED6360EF0CD2EC47FF0E0C1EBC3FC9BA201729D5C07500439510800F2A7AEAE6E44BCE5E2BE64B33B0F6A1B072E0CC4FAA452A9F34402E43AB90EA0F0F5100280FCD9B1634779CF9E3D05A20BE8D5ABD740EF7B20D7C97500C5412204C8A39D3B77A64A4A4A3EE311A983DCC6812A2D2DED1366466320D7C9750045C0652C007994CBE592546ADF07F2A53D071CD4360E5CF3FFC12DD741AE93EB008A80620740271AF885B39274A6748FF599929EC9A0A3CF112040AE038083A0D801D089FA1E7A42D27BF0B17BACEF357044D267C8480102E43A0038088A1D009D29974B1A77D4EFB1BA695DD80620D701C08153EC00E8243BEAFF92BCB7ECE1A47EE3EA3DB6C575715B7C0C805C07000746B103A0A3E572C9C6F7FE9054BFF44052BFE9DD7D3E2C6E8B8F898FF5C92720D701C0FE73EB59800E143FBDFCF08DC73EF3C0BFB56CE3CE64DDAADF245BD6AF48861E7F6952DA6B902002721D007C0E67760074A0CFFB84735F5A3EF90490EB00E0F329760074A0F8E965673C1740AE03A098B88C05A0038D1C77BB2000721D00E499333B0000008082A2D8010000001414C50E000000A0A0F8CE0E000000E8C6264D9A746426939990CBE5BE9E4AA586865587876958986AC2B436ACFF30ACFF4D6363E3135555551F14434C143BF8C4D34F3F3DA6A6A6E6FBEFBFFFFEDFD6D7D7F7D9B2654BD9C68D1BD3871C72C8AE3E7DFA6C2B2D2DDD18969FA8ADADBDFFAEBBEE5A2D620000009D67F2E4C9E7A6D3E95BC3E2D9F1E7542AB5FB4362C16358F3FA09994C66664545C5EFB3D9EC8F2B2B2B9F2BE4D8287614B95C2E979A3F7FFE6D7FFAD39FA6575555F5FCCA57BE928C1F3F3E1932644872C821872403070E4C6A6B6B7B6CDAB4A9EF860D1BFA2E5FBEFCBB2B57AEFCA7E9D3A7AFEDD1A3C777EFBEFBEEFF16450000808E73D965978D48A5520F84C5F107F1F4B3D3E9F4B31515150BC278F07B73E7CE7DBB1063A4D851C49E7AEAA96FDC7AEBADB3366DDAD42F749664D4A8514978D1EFF1B858F088D3F0E1C393D34F3F3DC966B3A9254B961C3167CE9CF93FF8C10FDEDAB061C3DF3DF2C8237F1651000080FC9A3C79F2B8542A55191607B4AC2B2929498E3FFEF8A631DDD1471FDDFA83EB248CF792EAEAEA248CE192152B56E476EDDAD572FAC7F8D0CECBA1BDC9959595CF145A9C143B8A547831DFF9F8E38FDF74C92597A4CE3FFFFC2493C9ECF773634164F4E8D1C969A79D965EB870E171F3E7CF7FFD3BDFF9CEC4071F7CF04991050000C88F8A8A8A2BC3ECA196B17C1CC77DED6B5F4B264E9CD854E0D85DEB0FAEC78C19130B1FA979F3E625CF3DF75C2E7E881D1E32208CEF9E0AED7E7BCE9C393F2BA458B91B4B119A356B56557871FFF3F4E9D353175E78E101153A5A8BCF8BCFBFE1861BCA424779EC9A6BAEF9AEE8020000B4BF784647D2AAD03178F0E0E4F6DB6F4FAEBEFAEABD163AF6263E2E3EFE8E3BEE480D1A3428DBBC3AB6F75073FB0543B1A3C83CFAE8A3B7BEF8E28B136FB9E596E4B8E38E6B9736633BB7DD765B49369BBD6FCA9429E78932000040FB993469D25FA7D3E9B94973A163C48811B160D174C9CAC188CFFBC94F7E921E3E7C78AE79558FD87EDC4FA1C44CB1A3885456568E5FBC78F1BF5C77DD75C9A1871EDAAE6DC7F666CC9851565E5EFE78217510000080CE96C964FE3DCC06C6E57846C78D37DE98F4EBD7AF4D6DC6E7DF74D34DADCFF018D8BC9F82A0D851445E7BEDB5D9175F7C71AABDCEE8D85D6C77E2C489E57DFAF47958B4010000DA2EDE5E36CC2E8CCBF1AB04AEBFFEFA36173A5AC47666CC98910E5ACEF0B8B0797FDD9E62479198356BD6F55BB66C1912BF8C349F2EB8E0824C7979F9A985D2410000003A75D09E4EFF5BCB72FC32D283BD74655F627BE79E7B6E6A6FFBEBCEDC8DA548BCF1C61B37C7DBCB1EEC9791EEAFD8FE15575CD17BE6CC9977871F4F1379BABB2953A65C1F667FF8D5AF7EF547D100E43A000E54454545CB5913EFA552A979613E6F7FF3EDA449938E0CB333E372BCBD6CBCEB4A3EC476172F5EDC725BDA33E37EABAAAA3EE8CE7157EC2802F7DE7BEFC8952B570E88F75CEE08613FA9993367FE4D217410C8E572F736BF497D14668F8637A83906034001E7BA8D61561572DD2CB90EA05DF36C2EE4D6BF0AB3E9E1C7E921DFEE57E1239D4EFF7D98359D7571C20927ECF75D570E546CF7C4134F4CBDF2CA2BF1C754F37E6776E7982B7614814C2673C329A79C123B4A87EC2FEEE7A4934EDAB274E9D26EDF41A095C161BA36BC415DDB9D0B1FAFBEFA6AB270E1C23DD67FF9CB5F6EFAA2E1F6DE76DE796ED004DDCC80305D1372DD35DDB9F021D7015D4DC8A52D9789C4A2C7F69067F7ABF011D67F9260BEFAD5AFE6F5778CED37173B5AF6ABD841D7B661C386B3274C98D0A1FB3CE38C33FA2F5BB6ACDB771028B4C2C74B2FBD94F4EEDD3B39F5D4533F59575757973CF6D863C997BEF4A576DF6600000A1F721DC0A7EB1E21AF961F40E1E3A896270E1F3E3CAFBFD86EED1FD5DD03ADD85104EAEBEB071D76D8611DBACFC30F3FBC673A9DFE82E8A3F0D1F58C1C393239FDF4D33FF979D3A64D4D07EBF9DA06287CC875D0B54C9B36ADBCA1A1616867EC3BE491A1217F94777885E1FFF6795827FDCDFB55F8085363985A173E3E0EF39E2D0FCED7252CFB68FF08C50EBABCBABABADEF9EE18BB8B5F9E131C1B3AE88FFD0728D2C2477D587E65CB962DA2D2456CDDBAB5E9D4767909DAAC75E1635B587E4DAE2B9C5C1707847130DA49BF7EDC6F7927ECB7BC79DF45F33737343474DA6BF4FFAFE6E8320587AE22B597F179FFD63FF4EDDB37AFBFC06EED0FEAEEF950B1A3086CDBB6AD24DF1D6377F15AAF6C36DB272CDEE23F4091EA15A633962C59925C74D145A2D105BCF0C20BC9D2A54B137909DA55FCC471945C5738B9AE1B0C08691FB1DAF16127EDFBC3E6FD17D3DF3CED608772618AB7D32C8D3FC4C2F2800103F2F64BEE56B8FE4B777F912B761481F2F2F2EDE185DB339F1D6377F1CBBA1E7DF4D12DE10DF33EFF01BAB9FD39586C4CA552D9F07A2F69B52E9E76F8DAA851A3CE12C2AEE1CC33CF4C56AD5A150701B788061C54AE8B76ED76FC28D7155EAE6B08EF699D35205C17DE4B3B7C101CF7D9597F73384EFF70D6AC590D5EB985ADA2A262DA013CBC369D4E5786D7E5EC78A96078EECB615DD33793C64BE7F239A68BEDB7B2A6BBC75DB1A3088424FA7178E17668B163C78E1DF5A183AE9C3367CEADFE0374F337A7BD1E2C8683A29DE135BE33F9BF333832613956DDF7F826EDABAEBACA47645D449F3E7D92934F3E3999316386BC04FB99EB9A6D0F5359AB6347B94EAE03DAD7A70A1CBB6D7B3F692E76AC5EBD3A39E69863F2F64BC4F677DB6FB7A6D851043299CCFBEBD6AD1B9ACF8EB1BB778242E820D05AEB0247F3591C257B3BE8072800AD0B1C65721D40BBFBAC02C727C2F6DF86FCFB8DB81C2F511B3B766CDE7EA1E64BE03ED96F770FB0624711A8AFAF9FB37CF9F253478F1E9DEEA87D3EFBECB37585D041A059364C69050EA090851C176F81D8F2CD810A1C00ED6FBF0A1C9F3A08CD667F9DC964FE232CA656AC58D174A9493E6E3E11DB8DEDB7BC25C4FD76F7602B761481F0C29DBB74E9D23BC30BB63474AEFC8F0AB3D95C7575F5170BA18340B3B4837EA0D035173AE43A80F6CFAF33C2EC0F079357ABAAAA3EA8A8A878212C9EB573E7CE64DEBC79C9D5575FDDEEBF636C37B6DFEC85B8DFEE1E77C58E22105FA8A143AC5AB264C989A3478FCEFBFE162E5CF862369B6D2C840E026D7973EAAA1E7EF8E1E4E9A79FFEE4E7EDDBB7E7751B20D7C97540310BB9B54D376D0863AB7F4DA7D3CFC6E5DFFDEE77C9B871E392A38F3EBADD7EBFEAEAEAA6765BEFAF10E2AED85124366FDE7CED2F7FF9CB274F3BEDB45E994C266FFB696C6CDCF1C8238F1C1E3AC895A28E37A7AE67CA9429C905175CB0C7FAF88576A5A5A5EDBE0D90EBE43A80B6A9ACAC7CAEA2A2E2A9B07861186F25F7DD775F72C71D7724FDFAF56B8F7162537BB1DD664FC5FD1542DC143B8AA8835C75D555CB162C5870FA45175D549AAFFDFCFCE73F7F3E74949D85D241A0D0F4EDDBB769FAACEDEDBD0D40AE03689B30C6BAB6A4A4E4E56C367BC8471F7D94DC7DF7DDC98D37DED8A682472C74C476627BCD6AE37E0A2566692F9BE2115ECC57565656D6AF5CB9329B8FF6972F5FFEC7458B169D58481D040000A0B3555555FD79D7AE5D9352A954D329186FBFFD7672F3CD37375D827230E2F3E2F3633BCD7665B3D9CBE27E0A25668A1D45D6411A1A1A26DD75D75D75EBD7AF6FD7B6D7AC59F3C63DF7DC734CE82097175207010000E80A2A2B2B9FC9E572D7B4143CE219193FFAD18F9ABE4F28DE4D657FC4C7C5C7C7E7B53AA3635798BE1DDB2FA478B98CA5083B484545C57537DC70C3BD3FFCE10F7B8D1C39B2ACAD6D2E5DBA74F1FDF7DF7F6C58BCB9D03A08000040573167CE9C9F4D9E3CF9BD4C26332F97CBF58FDFB5B168D1A2E4F9E79F4F8E3FFEF864D4A8514D5F5E1A6F4F3B70E0C0A4B6B6B6A9C011CFE458B26449F2C61B6FB4BEEB4AB4319BCD4E2EC4719C6247117790DB6FBF7DEEA5975EBAE1E28B2F1E76305F5A1A3AD6E69FFEF4A78B43C71A153AC8B7143A000000F22B8EBB2EBBECB25353A9D403E1C7F1715D2C60BCFAEAAB4DD3015890CBE5BE17DA7BBB10E3A4D851DC1D64545555D5034F3EF9648F69D3A6E5CE3AEBACC3D3E9CFBFB2299BCDD685E7FC7EEEDCB9C786E592D041CE2CD40E020000D0D584B1581C7F5D3879F2E473C318EED6B07CF6013CFDF7611CF7E342BFA98462870ED2D44166CE9C79EB430F3DD473C48811EF9C73CE399961C386F5193C78F080418306F5FEE8A38FD6071BAAABAB373EF3CC33B9B56BD79E129ED73B7490ABDD75050000A073348FC79E9B3469D291994C66422E97FB7A2A951A1AD61D1EA66161AA09D3DAB0FEC3B0FE378D8D8D4F5455557D500CB151ECE0531DE4ADB7DE9AB06AD5AA960E126F513BA0F961BB4207A96BEE20538BA5830000007475CDE3B3079B2712C50E74100000000A8C5BCF020000000545B10300000028288A1D000000404151EC000000000A8A62070000005050143B0000008082A2D8010000001414C50E000000A0A02876000000000545B10300000028288A1D000000404151EC000000000A8A62070000005050143B00F228954A25B95C4E20BA80F07FD812668D2201729D5C0750F8143B00F2A8478F1EBB76EEDC29105DC0F6EDDBD787D93A9100B94EAE03287C8A1D00F91D006CDAB66D9B4074015BB76E5D1D66EF8904C875721D40E153EC00C8A3D2D2D2C5B5B5B502D105D4D4D4D4E572B9DF8A04C875721D40E153EC00C8A3AD5BB7DEB96EDDBA5DD96C56303A5188FFEACD9B379F1AE6F34503E43AB90EA0F0297600E4D198316396A5D3E9A56BD6AC118C4EB462C58AFF09B397C78F1FFFAA68805C27D701143EC50E803CDBB163C7B7DE7DF7DDBACD9B370B462758BF7EFD7F6DDCB8F1823010BB513440AE93EB008A43460800F26BF6ECD91BA74E9DFACA860D1B2EE9DFBF7F69595999A074E0C1FF9B6FBE39261CFC5F3976ECD8252202729D5C07501C143B003AC02F7EF18BB72EBFFCF2E5E18074422E97ABEBD7AF5FAF542A25307912AF5B7FFDF5D79FA8A9A9B920C4F91FC68D1BB7405440AE93EB008A87771F800EB468D1A2116100706F38283D7BC890216B870E1DDABFBCBC7C605959596FD16993AD0D0D0D1BEAEAEA568583FEFA8F3FFE785458F7523C9D7BECD8B16F0B0FC875721D407151EC00E8040B162C38391C9C7E330C04CE0F038223C37C98A8B44D88634D88E30761BE30DE89C017F4815C27D701000000000000000000000000000000000000000000000000000000000000000000000000000000000000000000000000000000000000000000000000000000000000000000000000000000000000000000000000000000000000000000000000000000000000000000000000000000000000000000000000000000000000000000000000000000000000000000000000000000000000000000000000000000000000000000000000000000000000000000000000000000000000000000000000000000000000000000000000000045E37F013FAB947ECA6AE5A50000000049454E44AE426082, 0);
INSERT INTO `ACT_GE_BYTEARRAY` VALUES ('13a733df-f13c-11ed-8599-005056c00001', 1, 'process/jiaban.bpmn20.xml', '13a70ccd-f13c-11ed-8599-005056c00001', 0x3C3F786D6C2076657273696F6E3D22312E302220656E636F64696E673D225554462D38223F3E0A3C646566696E6974696F6E7320786D6C6E733D22687474703A2F2F7777772E6F6D672E6F72672F737065632F42504D4E2F32303130303532342F4D4F44454C2220786D6C6E733A7873693D22687474703A2F2F7777772E77332E6F72672F323030312F584D4C536368656D612D696E7374616E63652220786D6C6E733A7873643D22687474703A2F2F7777772E77332E6F72672F323030312F584D4C536368656D612220786D6C6E733A61637469766974693D22687474703A2F2F61637469766974692E6F72672F62706D6E2220786D6C6E733A62706D6E64693D22687474703A2F2F7777772E6F6D672E6F72672F737065632F42504D4E2F32303130303532342F44492220786D6C6E733A6F6D6764633D22687474703A2F2F7777772E6F6D672E6F72672F737065632F44442F32303130303532342F44432220786D6C6E733A6F6D6764693D22687474703A2F2F7777772E6F6D672E6F72672F737065632F44442F32303130303532342F44492220747970654C616E67756167653D22687474703A2F2F7777772E77332E6F72672F323030312F584D4C536368656D61222065787072657373696F6E4C616E67756167653D22687474703A2F2F7777772E77332E6F72672F313939392F585061746822207461726765744E616D6573706163653D22687474703A2F2F7777772E61637469766974692E6F72672F70726F63657373646566223E0A20203C70726F636573732069643D226A696162616E2220697345786563757461626C653D2274727565223E0A202020203C73746172744576656E742069643D227369642D30434642433242322D314437422D344637312D423835302D303838444636383238444132223E3C2F73746172744576656E743E0A202020203C757365725461736B2069643D227369642D44333334363643322D303943372D344238332D393339352D36324237354238313530433922206E616D653D22E7BB8FE79086E5AEA1E689B9222061637469766974693A61737369676E65653D22247B61737369676E6565317D223E3C2F757365725461736B3E0A202020203C757365725461736B2069643D227369642D33464534394534332D394330342D343441372D413946352D37303031433542423741424122206E616D653D22E4BABAE4BA8BE5AEA1E689B9222061637469766974693A61737369676E65653D22247B61737369676E6565327D223E3C2F757365725461736B3E0A202020203C656E644576656E742069643D227369642D38453833463643362D324342342D343037362D384639312D433631383431454639323732223E3C2F656E644576656E743E0A202020203C73657175656E6365466C6F772069643D227369642D38464434454432372D374433352D343939442D424141432D3046324532384135314530452220736F757263655265663D227369642D30434642433242322D314437422D344637312D423835302D30383844463638323844413222207461726765745265663D227369642D44333334363643322D303943372D344238332D393339352D363242373542383135304339223E3C2F73657175656E6365466C6F773E0A202020203C73657175656E6365466C6F772069643D227369642D42363739324343432D363132382D343430362D383233342D4132343535344637343239432220736F757263655265663D227369642D44333334363643322D303943372D344238332D393339352D36324237354238313530433922207461726765745265663D227369642D33464534394534332D394330342D343441372D413946352D373030314335424237414241223E3C2F73657175656E6365466C6F773E0A202020203C73657175656E6365466C6F772069643D227369642D35383439324145452D364443382D344439442D423635332D4544464339423941393531342220736F757263655265663D227369642D33464534394534332D394330342D343441372D413946352D37303031433542423741424122207461726765745265663D227369642D38453833463643362D324342342D343037362D384639312D433631383431454639323732223E3C2F73657175656E6365466C6F773E0A20203C2F70726F636573733E0A20203C62706D6E64693A42504D4E4469616772616D2069643D2242504D4E4469616772616D5F6A696162616E223E0A202020203C62706D6E64693A42504D4E506C616E652062706D6E456C656D656E743D226A696162616E222069643D2242504D4E506C616E655F6A696162616E223E0A2020202020203C62706D6E64693A42504D4E53686170652062706D6E456C656D656E743D227369642D30434642433242322D314437422D344637312D423835302D303838444636383238444132222069643D2242504D4E53686170655F7369642D30434642433242322D314437422D344637312D423835302D303838444636383238444132223E0A20202020202020203C6F6D6764633A426F756E6473206865696768743D2233302E30222077696474683D2233302E302220783D223132312E31393939373936353939313532372220793D223135352E3939393939373435313930313436223E3C2F6F6D6764633A426F756E64733E0A2020202020203C2F62706D6E64693A42504D4E53686170653E0A2020202020203C62706D6E64693A42504D4E53686170652062706D6E456C656D656E743D227369642D44333334363643322D303943372D344238332D393339352D363242373542383135304339222069643D2242504D4E53686170655F7369642D44333334363643322D303943372D344238332D393339352D363242373542383135304339223E0A20202020202020203C6F6D6764633A426F756E6473206865696768743D2238302E30222077696474683D223130302E302220783D223334342E393939393834353737323938362220793D223133302E39393939393534393938343934223E3C2F6F6D6764633A426F756E64733E0A2020202020203C2F62706D6E64693A42504D4E53686170653E0A2020202020203C62706D6E64693A42504D4E53686170652062706D6E456C656D656E743D227369642D33464534394534332D394330342D343441372D413946352D373030314335424237414241222069643D2242504D4E53686170655F7369642D33464534394534332D394330342D343441372D413946352D373030314335424237414241223E0A20202020202020203C6F6D6764633A426F756E6473206865696768743D2238302E30222077696474683D223130302E302220783D223635392E393939393930313635323333372220793D223133302E3939393939333534373739373337223E3C2F6F6D6764633A426F756E64733E0A2020202020203C2F62706D6E64693A42504D4E53686170653E0A2020202020203C62706D6E64693A42504D4E53686170652062706D6E456C656D656E743D227369642D38453833463643362D324342342D343037362D384639312D433631383431454639323732222069643D2242504D4E53686170655F7369642D38453833463643362D324342342D343037362D384639312D433631383431454639323732223E0A20202020202020203C6F6D6764633A426F756E6473206865696768743D2232382E30222077696474683D2232382E302220783D22313030342E393939393835303234333333322220793D223135362E39393939393132303833313532223E3C2F6F6D6764633A426F756E64733E0A2020202020203C2F62706D6E64693A42504D4E53686170653E0A2020202020203C62706D6E64693A42504D4E456467652062706D6E456C656D656E743D227369642D38464434454432372D374433352D343939442D424141432D304632453238413531453045222069643D2242504D4E456467655F7369642D38464434454432372D374433352D343939442D424141432D304632453238413531453045223E0A20202020202020203C6F6D6764693A776179706F696E7420783D223135312E31393939373936353939313532372220793D223137302E39393939393733333837363039223E3C2F6F6D6764693A776179706F696E743E0A20202020202020203C6F6D6764693A776179706F696E7420783D223334342E393939393834353737323938362220793D223137302E3939393939353837363938343636223E3C2F6F6D6764693A776179706F696E743E0A2020202020203C2F62706D6E64693A42504D4E456467653E0A2020202020203C62706D6E64693A42504D4E456467652062706D6E456C656D656E743D227369642D42363739324343432D363132382D343430362D383233342D413234353534463734323943222069643D2242504D4E456467655F7369642D42363739324343432D363132382D343430362D383233342D413234353534463734323943223E0A20202020202020203C6F6D6764693A776179706F696E7420783D223434342E393939393834353737323938362220793D223137302E3939393939353138393939393838223E3C2F6F6D6764693A776179706F696E743E0A20202020202020203C6F6D6764693A776179706F696E7420783D223635392E393939393930313635323333372220793D223137302E39393939393338353736343639223E3C2F6F6D6764693A776179706F696E743E0A2020202020203C2F62706D6E64693A42504D4E456467653E0A2020202020203C62706D6E64693A42504D4E456467652062706D6E456C656D656E743D227369642D35383439324145452D364443382D344439442D423635332D454446433942394139353134222069643D2242504D4E456467655F7369642D35383439324145452D364443382D344439442D423635332D454446433942394139353134223E0A20202020202020203C6F6D6764693A776179706F696E7420783D223735392E393939393930313635323333372220793D223137302E3939393939333136393234303338223E3C2F6F6D6764693A776179706F696E743E0A20202020202020203C6F6D6764693A776179706F696E7420783D22313030342E393939393835303234333333322220793D223137302E39393939393133313433313132223E3C2F6F6D6764693A776179706F696E743E0A2020202020203C2F62706D6E64693A42504D4E456467653E0A202020203C2F62706D6E64693A42504D4E506C616E653E0A20203C2F62706D6E64693A42504D4E4469616772616D3E0A3C2F646566696E6974696F6E733E, 0);
INSERT INTO `ACT_GE_BYTEARRAY` VALUES ('23b7b13c-f14d-11ed-ae60-005056c00001', 1, 'process/jiaban01.bpmn20.xml', '23b7b13b-f14d-11ed-ae60-005056c00001', 0x3C3F786D6C2076657273696F6E3D22312E302220656E636F64696E673D225554462D38223F3E0A3C646566696E6974696F6E7320786D6C6E733D22687474703A2F2F7777772E6F6D672E6F72672F737065632F42504D4E2F32303130303532342F4D4F44454C2220786D6C6E733A7873693D22687474703A2F2F7777772E77332E6F72672F323030312F584D4C536368656D612D696E7374616E63652220786D6C6E733A7873643D22687474703A2F2F7777772E77332E6F72672F323030312F584D4C536368656D612220786D6C6E733A61637469766974693D22687474703A2F2F61637469766974692E6F72672F62706D6E2220786D6C6E733A62706D6E64693D22687474703A2F2F7777772E6F6D672E6F72672F737065632F42504D4E2F32303130303532342F44492220786D6C6E733A6F6D6764633D22687474703A2F2F7777772E6F6D672E6F72672F737065632F44442F32303130303532342F44432220786D6C6E733A6F6D6764693D22687474703A2F2F7777772E6F6D672E6F72672F737065632F44442F32303130303532342F44492220747970654C616E67756167653D22687474703A2F2F7777772E77332E6F72672F323030312F584D4C536368656D61222065787072657373696F6E4C616E67756167653D22687474703A2F2F7777772E77332E6F72672F313939392F585061746822207461726765744E616D6573706163653D22687474703A2F2F7777772E61637469766974692E6F72672F70726F63657373646566223E0A20203C70726F636573732069643D226A696162616E30312220697345786563757461626C653D2274727565223E0A202020203C73746172744576656E742069643D227369642D30434642433242322D314437422D344637312D423835302D303838444636383238444132223E3C2F73746172744576656E743E0A202020203C757365725461736B2069643D227369642D44333334363643322D303943372D344238332D393339352D36324237354238313530433922206E616D653D22E7BB8FE79086E5AEA1E689B9222061637469766974693A61737369676E65653D22247B757365724265616E2E676574557365726E616D652831297D223E3C2F757365725461736B3E0A202020203C757365725461736B2069643D227369642D33464534394534332D394330342D343441372D413946352D37303031433542423741424122206E616D653D22E4BABAE4BA8BE5AEA1E689B9222061637469766974693A61737369676E65653D22247B757365724265616E2E676574557365726E616D652832297D223E3C2F757365725461736B3E0A202020203C656E644576656E742069643D227369642D38453833463643362D324342342D343037362D384639312D433631383431454639323732223E3C2F656E644576656E743E0A202020203C73657175656E6365466C6F772069643D227369642D38464434454432372D374433352D343939442D424141432D3046324532384135314530452220736F757263655265663D227369642D30434642433242322D314437422D344637312D423835302D30383844463638323844413222207461726765745265663D227369642D44333334363643322D303943372D344238332D393339352D363242373542383135304339223E3C2F73657175656E6365466C6F773E0A202020203C73657175656E6365466C6F772069643D227369642D42363739324343432D363132382D343430362D383233342D4132343535344637343239432220736F757263655265663D227369642D44333334363643322D303943372D344238332D393339352D36324237354238313530433922207461726765745265663D227369642D33464534394534332D394330342D343441372D413946352D373030314335424237414241223E3C2F73657175656E6365466C6F773E0A202020203C73657175656E6365466C6F772069643D227369642D35383439324145452D364443382D344439442D423635332D4544464339423941393531342220736F757263655265663D227369642D33464534394534332D394330342D343441372D413946352D37303031433542423741424122207461726765745265663D227369642D38453833463643362D324342342D343037362D384639312D433631383431454639323732223E3C2F73657175656E6365466C6F773E0A20203C2F70726F636573733E0A20203C62706D6E64693A42504D4E4469616772616D2069643D2242504D4E4469616772616D5F6A696162616E3031223E0A202020203C62706D6E64693A42504D4E506C616E652062706D6E456C656D656E743D226A696162616E3031222069643D2242504D4E506C616E655F6A696162616E3031223E0A2020202020203C62706D6E64693A42504D4E53686170652062706D6E456C656D656E743D227369642D30434642433242322D314437422D344637312D423835302D303838444636383238444132222069643D2242504D4E53686170655F7369642D30434642433242322D314437422D344637312D423835302D303838444636383238444132223E0A20202020202020203C6F6D6764633A426F756E6473206865696768743D2233302E30222077696474683D2233302E302220783D223132312E31393939373936353939313532372220793D223135352E3939393939373435313930313436223E3C2F6F6D6764633A426F756E64733E0A2020202020203C2F62706D6E64693A42504D4E53686170653E0A2020202020203C62706D6E64693A42504D4E53686170652062706D6E456C656D656E743D227369642D44333334363643322D303943372D344238332D393339352D363242373542383135304339222069643D2242504D4E53686170655F7369642D44333334363643322D303943372D344238332D393339352D363242373542383135304339223E0A20202020202020203C6F6D6764633A426F756E6473206865696768743D2238302E30222077696474683D223130302E302220783D223332392E39393939393530383236313638362220793D223130342E39393939393834333533373831223E3C2F6F6D6764633A426F756E64733E0A2020202020203C2F62706D6E64693A42504D4E53686170653E0A2020202020203C62706D6E64693A42504D4E53686170652062706D6E456C656D656E743D227369642D33464534394534332D394330342D343441372D413946352D373030314335424237414241222069643D2242504D4E53686170655F7369642D33464534394534332D394330342D343441372D413946352D373030314335424237414241223E0A20202020202020203C6F6D6764633A426F756E6473206865696768743D2237392E3939393939393939393939393939222077696474683D223130302E302220783D223634342E393939393830373737353032352220793D223130342E3939393939363837303735363232223E3C2F6F6D6764633A426F756E64733E0A2020202020203C2F62706D6E64693A42504D4E53686170653E0A2020202020203C62706D6E64693A42504D4E53686170652062706D6E456C656D656E743D227369642D38453833463643362D324342342D343037362D384639312D433631383431454639323732222069643D2242504D4E53686170655F7369642D38453833463643362D324342342D343037362D384639312D433631383431454639323732223E0A20202020202020203C6F6D6764633A426F756E6473206865696768743D2232382E30222077696474683D2232382E302220783D22313030342E393939393835303234333333322220793D223135362E39393939393132303833313532223E3C2F6F6D6764633A426F756E64733E0A2020202020203C2F62706D6E64693A42504D4E53686170653E0A2020202020203C62706D6E64693A42504D4E456467652062706D6E456C656D656E743D227369642D38464434454432372D374433352D343939442D424141432D304632453238413531453045222069643D2242504D4E456467655F7369642D38464434454432372D374433352D343939442D424141432D304632453238413531453045223E0A20202020202020203C6F6D6764693A776179706F696E7420783D223135312E31393939373936353939313532372220793D223137302E3939393939373435313930313436223E3C2F6F6D6764693A776179706F696E743E0A20202020202020203C6F6D6764693A776179706F696E7420783D223234302E35393939383733373132363630382220793D223137302E3939393939373435313930313436223E3C2F6F6D6764693A776179706F696E743E0A20202020202020203C6F6D6764693A776179706F696E7420783D223234302E35393939383733373132363630382220793D223134342E39393939393834333533373831223E3C2F6F6D6764693A776179706F696E743E0A20202020202020203C6F6D6764693A776179706F696E7420783D223332392E39393939393530383236313638362220793D223134342E39393939393834333533373831223E3C2F6F6D6764693A776179706F696E743E0A2020202020203C2F62706D6E64693A42504D4E456467653E0A2020202020203C62706D6E64693A42504D4E456467652062706D6E456C656D656E743D227369642D42363739324343432D363132382D343430362D383233342D413234353534463734323943222069643D2242504D4E456467655F7369642D42363739324343432D363132382D343430362D383233342D413234353534463734323943223E0A20202020202020203C6F6D6764693A776179706F696E7420783D223432392E39393939393530383236313638362220793D223134342E3939393939383138373032353433223E3C2F6F6D6764693A776179706F696E743E0A20202020202020203C6F6D6764693A776179706F696E7420783D223634342E393939393830373737353032352220793D223134342E39393939393731313931303839223E3C2F6F6D6764693A776179706F696E743E0A2020202020203C2F62706D6E64693A42504D4E456467653E0A2020202020203C62706D6E64693A42504D4E456467652062706D6E456C656D656E743D227369642D35383439324145452D364443382D344439442D423635332D454446433942394139353134222069643D2242504D4E456467655F7369642D35383439324145452D364443382D344439442D423635332D454446433942394139353134223E0A20202020202020203C6F6D6764693A776179706F696E7420783D223734342E393939393830373737353032352220793D223134342E39393939393638373037353632223E3C2F6F6D6764693A776179706F696E743E0A20202020202020203C6F6D6764693A776179706F696E7420783D223838322E343939393832363737343030352220793D223134342E39393939393638373037353632223E3C2F6F6D6764693A776179706F696E743E0A20202020202020203C6F6D6764693A776179706F696E7420783D223838322E343939393832363737343030352220793D223137302E39393939393132303833313532223E3C2F6F6D6764693A776179706F696E743E0A20202020202020203C6F6D6764693A776179706F696E7420783D22313030342E393939393835303234333333322220793D223137302E39393939393132303833313532223E3C2F6F6D6764693A776179706F696E743E0A2020202020203C2F62706D6E64693A42504D4E456467653E0A202020203C2F62706D6E64693A42504D4E506C616E653E0A20203C2F62706D6E64693A42504D4E4469616772616D3E0A3C2F646566696E6974696F6E733E, 0);
INSERT INTO `ACT_GE_BYTEARRAY` VALUES ('23b7d84d-f14d-11ed-ae60-005056c00001', 1, 'process/myfilename-20230513045628160.png', '23b7b13b-f14d-11ed-ae60-005056c00001', 0x89504E470D0A1A0A0000000D494844520000043B000000EC08060000007AC7ADA6000000206348524D00007A26000080840000FA00000080E8000075300000EA6000003A98000017709CBA513C0000000467414D410000B18E7CFB5193000000017352474200AECE1CE900000006624B474400FF00FF00FFA0BDA793000000097048597300000EC400000EC401952B0E1B000014E94944415478DAEDDD7D7055E59900F073EFCD1702229F45C5ADC2B6E257D5DAA2ADBA2AF881755DAD2598CC74C5691DDBDD76FA81A83BA3BBCA6AD551D93F76DC69EBB85BC7BA0209E84EEB546441C5AE5669401D8D2BAE425414119BA024014292BBEF9B49D82CDF21B9C8BDF7F79B39730EE7DCFB9EF0E4BECF7DDF27E7DE93240000000000000000000000000000000000000000000000000000000000000000000000000000000000000000000000000000000000000000000000000000000000000000000000000000000000000000000000000000000000000000000000000000000000000000000000000000000000000000000000000000000000000000000000000000000000000000000000000000000000000000000000000000000000000000000000000000000000000000000000000000000000000000000000000000000000000000000000000000000000000000000000000000000000000000000000000000000000000000000000000000000000000000000000000000000000000000000000000000000000000000000000000000000000000000000000000000000000000000000000000000000000000000000000000000000000000000000000000000000000000000000000000000000000000000000000000000000000000000000000000000000000000000000000000000000000000000000000000000000000000000000000000000000000000000000000000000000000000000000000000000000000000000000000000000000000000000C00195120280BECB66B3A56BD6ACF9717373F3552D2D2D5F686B6B2B0F8B9CDA4FA5A5A5ED2525251BCBCACA9685D8DE3979F2E415A202729D5C07405F79B302E8A3B56BD7FECDFAF5EBEF0903D4C163C78E4D468C18915454542461D02A38FD142651C9962D5B92C6C6C664DDBA75ED994CA62EECFBF6942953DE161D90EBE43A00F6956207C03ECA66B3E977DE79677E4343C3B4A38E3A2A39E2882392743A2D3039D2D9D9997CF0C1074988796B88FDB4300978425440AE93EB00D817DEB900F6511CFC8765DA09279C908C1B37CEE03FD76F5021BE31CE279D74D22161BB76E9D2A5178B0AC875721D00FB222304007B172FE75EBD7AF5F571F07FE8A187EE747CF3A76B9375F50B93F56FFC26F953C3B2A4A5694D52367874525A7EA8E0F553797979326CD8B0B2F5EBD75F3263C68C050F3DF45093A8805C27D701B0274AF5007B11BFA02F7E6E3D5ECEBDABC1FF964DEB92F756FC6BD2DAF876D2D9B1AD6B89DB715F3C46FFC5B887F87784DFC5BDA201729D5C07C0DE287600EC45BC13414B4BCBE0F8B9F55D696C78B66BD0BFA3B82F1E63608409C0C8743A7DD6A2458B4E160D90EBE43A00F644B103602F9A9B9B678C193366B79F5BDFFCC97BBB7DEE9E8ED1C737AC10FF51A3467D14D6DF120D90EBE43A00F6984F850060CF5A5A5A26C45B2EEE4E67E7B6FD3A46DF8589D890542A758148805C27D701B027254200B0676D6D6D1583060D128883C021871C32C27B17C875721D007B238902ECC5B66DDB52A5A5A57B78446A3F8FD15765656543C2CA6C0CE43AB90E803DF2311680BDC866B3492AB5FB817CD9A0E1FB758CBEEBFE3DB86D3AC875721D007BA4D801D04F233E7F5692CE94EDB43F533A281979F4390204C875007080297600F4D3D031272483477D71A7FD878C98900C193D518000B90E000E30C50E80FECA66938EB6D69D7677ED0BC700E43A0038B0143B00FAA1ADF54FC9BB2B1E485A9B56EF742CEE8BC7E26300E43A003870143B00F647369B34BDFB7CD2F0E27D49EBC67776FBB0782C3E263ED65F3E01B90E000E0CB79E05E8A3F8D7CB0F5F7F748F03FFDE3A3BB625EBDFFC5DB2E9A3FA64ECF1572465878C144440AE03801C726507401FEDED2F9CBBD3F3974F00B90E00724BB103A08FE25F2F3F8BE702C87500B06F7C8C05A08F269E7FBB2000721D001CC45CD9010000001414C50E000000A0A02876000000000545B10300000028288A1D000000404151EC000000000A8A62070000005050143B0000008082A2D8010000001414C50E000000A0A02876000000000545B10300000028288A1D000000404151EC000A5E7575F57561F99A4800721D0014871221000A5D369BBD37AEABAAAA3E09ABC752A9D4FD73E7CEFD83C800059AEB9AC2AA36E4BA07F339D7BDF2CA2BC9E2C58B77DA7FCA29A72463C68C19F063175C70811711400151EC008AC9B0B05C1D260457E773E1C30400D88BE161B936E4BA6BF3B9F0F1E28B2F2683070F4E4E3BEDB4EDFB5A5A5A92471F7D34F9D297BE34E0C7E43A80C2A2D80114ABBC2D7C9800007D90D7858F89132726A79F7EFAF67F6FDCB8B12B2FE5EA18008543B103200F0B1F2600C07E28882B3E00605F2876409EAAACAC1C515252F2BD30682D138D01B5BDF0515D5DBD25ACEB376DDA242A0789E6E6E6AE8FF18489DA2DA201FDD2BBF0B1396CBF2AD7C975E497542AD5D6DEDEFECBDADADA46D1809D2976409E4AA7D371907A8748E44E886F45589DB67CF9F2E4924B2E119083C073CF3D97D4D5D5C5CD5B450306CCA0B04C92EBE43AF26E9C12C783D9B0799768C0CE143B204FA552A9F2EECD67BA17766F5F078B1D61C9F4FA77FC48CBAB93264D3A4B080F0E679E7966F2E69B6FC649800900EC7FAE6BDF610C28D7C975E49F73E3D26B3C08EC40B103F2DF33F3E6CD9B2D0CBB575555B5DBC16218246CCB66B3A5DDFF8C858E77C3BE0561BDA0E773ECDFFDEE77B3A278701832644872F2C92727B366CDF29A873EE4BA606B58CA7B8DFFE43AB98EFCEEEF7175AE48C0EE29760045A77781A37BBDD3A01FA000F42E7094CB75001413C50EA028648330C84F756F2B7000059FEB12050E008A9862075014BA07FF06FD805C97471E78E081E4C9279FDCFEEFAD5BB7E6F418008543B1032886C1FFACB07ABE900A1C260040A1E7BAEAEAEAE4A28B2EDA697FFC3E8BB2B2B2013F06406151EC000A5E18F8CF29A4FF8F0900500CB96EE8D0A15DCB9E8E0FF431000A8762078009800900000005252D040000004021716507000000E4B1CACACA233399CCA5D96CF61BA9546A6CD8757858C685656D58D685FD1F86FDBFEBE8E8F86D6D6DEDFBC51013C50EB67BF2C92727AF5DBBF6C7EFBDF7DED75A5B5B876CDAB4A9BCA9A9297DD86187B50F1932647359595953D8FE6D6363E33FDD75D75DAB450C0000E0B3337DFAF4F3D2E9F4ECB07976FCF7FFDD7D7CBB58F018D7BDFFD24C26F3F3AAAAAADF777676DE525353F37421C746B1A3C865B3D9D4C2850B6F7BE9A59766D6D6D60EFAF297BF9C4C9D3A35193D7A7472D861872523468C481A1B1B4B366EDC3874C3860D4357AE5CF98355AB56FDEDCC9933D7959494FCE0EEBBEFFE0F510400003870AEBCF2CA09A954EABEB039753F9E7E763A9D7EAAAAAA6A51980FFE70FEFCF96F17628C143B8AD8134F3CF1CDD9B3673FB871E3C643436749264D9A948417FD4E8F8B058FB88C1F3F3E39FDF4D393CECECED4F2E5CB8F98376FDEC29FFEF4A7FFB361C386BF7CF8E187DF1251000080DC9A3E7DFAF9A954AA266C0EEFD9575A5A9A1C7FFCF15D73BAA38F3EBAF71FAE9330DF4B1A1A1A9230874BEAEBEBB3EDEDED3D977F4C0DEDFC31B437BDA6A66649A1C549B1A3488517F39D8F3DF6D88D975F7E79EAC20B2F4C3299CC3E3F371644CE38E38CE4AB5FFD6A7AF1E2C5C72E5CB8F0B5EF7FFFFBD37EF18B5F3C2EB2000000B9515555F59DB0FA65CF5C3ECEE3CE3DF7DC64DAB4695D058E1DF5FEC3F5E4C99363E123B560C182E4E9A79FCEC63F6287870C0FF3BB2742BBDF9B376FDEBF1552ACDC8DA5083DF8E083B5E1C5FD773367CE4C5D7CF1C57D2A74F4169F179F7FFDF5D797878EF2E8B5D75EFB03D10500001878F18A8EA457A163D4A851C9EDB7DF9E5C73CD35BB2C74EC4A7C5C7CFCCF7EF6B3D4C891233BBB77C7F67ED9DD7EC150EC28328F3CF2C8EC175E7861DAADB7DE9A1C7BECB103D2666CE7B6DB6E2BEDECEC9C535D5D7D81280300000C9CCACACA3F4FA7D3F393EE42C784091362C1A2EB232BFB233EEF8E3BEE488F1F3F3EDBBDAB24B61FCF53283153EC282235353553972D5BF6F73FF9C94F923163C60C68DBB1BD59B366955754543C56481D040000E0B396C964FE39AC46C4ED7845C70D37DC901C7AE8A1FD6A333EFFC61B6FEC7D85C788EEF31404C58E22F2EAABAF3E74D96597A506EA8A8E1DC576A74D9B563164C89007441B0000A0FFE2ED65C3EAE2B81DBF4AE0BAEBAEEB77A1A3476C67D6AC59E9A0E70A8F8BBBCF97F7143B8AC4830F3E78DDA64D9B46C72F23CDA58B2EBA28535151715AA17410000080FEA8AEAEBE2E2C5FDBEF497B3AFD8F3DDBF1CB48F7F7A32BBB13DB3BEFBCF352BB3A5F3E53EC2812AFBFFEFA4DF1F6B2FBFB65A4FB2AB67FD555570DAEA8A8B85BD40100806297CD66EF0DCBF3555555EF545757CFE94BE1A3B2B2F2C8B03A336EC7DBCBC6BBAEE4426CB7A4A4A4E7EA8E33BBCF9BD7143B8AC0BDF7DE3BB1A9A96978BCE7F28110CE13AB82C71542070100001800F17B31FE2C9BCDCEEC4BE1239D4EFF5558755D7571C20927ECF35D57FA2AB67BE28927F65CDD91EA3E6F5E2BF19A2B7C994CE6FA534F3D3576940372BE789E934E3A69535D5D5DEC203FF71B0000008A5CD7642C954A7D1AD7D96CB6ABF0113667565555BD1BF62F08DB0BE6CE9DFB87DE4F0AFBB7DFEDF22B5FF94A4E7FC0D8FECB2FBFDCFBBC793D9753EC28021B366C38FBD24B2F3DA0E7FCFAD7BF3E6CC58A1579DF41000000064A369BDDFECDA2FB58F838AAE7F1E3C78FCFE9CFB643FB47E57BAC153B8A406B6BEBC8CF7DEE7307F49C871F7EF8A0743AFD79D10700809C39374C8E45214FF52E7C045BBBD7BD0B1F9F84F5A09E07E4EA232CBB69FF887C8FAF624711686969199CEB8EB1A3F8E539C1174307BDC56F20776F6E420000509493E4ADA954AA673C684C5818CA77B16F58EF7F0C1D3A34A73FC00EED8FCCF7802A761481CD9B3797E6BA63EC287ED6ABB3B37348D8BCD56F20F76F76A20000503CC238FBFE9292925418079689465ED8DF39517358CABA9764D3A64DC9F0E1C373F643C6F67BF953BE075DB1A3085454546C0D2FDC41B9EC183B3AE5945392471E79645348C073FC067227954AB5757474DC2F120000C5A3B6B6B631ACEE1489FC505555756B1F1EFE6118E33F92747F674778EE1FC376D737936EDCB831A7C58ED87E2F1FE47BDC153B8A404545C527E1857B408B1D6D6D6DADD96C76D5BC79F366FB0D000000ECD6FF2B70EC70ECBDA4BBD8B17AF5EAE498638EC9D90F11DBDFE1BC794DB1A308643299F7D6AF5F3F36971D63476B8242E82000000039B0A702C776D96CF63FC3E3BE19B7EBEAEA922953A6E4EC078AEDF73E6FBE0758B1A308B4B6B6CE5BB972E569679C7146FA409DF3A9A79E6A29840E0251FC02B0F07A4EBABF088CCF50F83DC40F931E221220D7C975401EDAA702476F9D9D9DBFC96432FF12D3747D7D7DD7474D7271F389D86E6CBF270DC5F3E67BB0153B8A4078E1CEAFABABBB33BC60CBD2E9DCD73BC279B20D0D0D5F28840E025D89B2A4A47DDBB66D256565BE03ECB3B675EBD68F925EB76003E43AB90E38D8A552A95961F5FCBE16387AABADAD7DBFAAAAEAB9B07956C8D1C982050B926BAEB966C07FC6D86E6CBFDB73F1BCF91EF7B4975EE18B2FD44C26F3E6F2E5CB0FC8F9162F5EFC426767677D217410E89E006CDCBC79B3401C049A9B9BE38749DF150990EBE43A205FCC9D3B77CEFE143A7A84B9D53FF46C3FF3CC33494343C380FE7CB1BDD8EEAECE97CF143B8AC4A79F7EFAA35FFFFAD7AD1D1D1D393D4F68BFEDE1871F3EBC503A0844656565CB1A1B1B05E220B076ED5A1F9103B94EAE038A4A4D4DCDD361F544F77C2B9933674E9CDF0DD43CB1ABBD5EF3C427BACF97F7143B8AA8836CDDBA75C5A2458BDA72799E5FFDEA57CF868EF2DF85D241206A6E6EBE73FDFAF5ED9D9D9D82F1190AF15F1DDE904F0BEB85A201729D5C07149330C7FA513A9DEEBA37ECC71F7F9CDC7DF7DDFD2E78C4E7C776627BDD1AE3790A25668A1D4524BC98BF535353D3BA6AD5AA9C8C6256AE5CF987A54B979E58481D04A2C99327AF086F2E751F7CF081607C86EAEBEBFF2BACFE3875EAD4574403E43AB90E2826B5B5B56FB5B7B757A652A9AE4B30DE7EFBEDE4A69B6EDAEF8FB4C4E7C5E7C776BAC562F795F13C851233C58E22EB205BB66CA9BCEBAEBB5A3EFAE8A3016D3B0C8C5EBFE79E7B8E091DE4AF0BA983408FB6B6B66FBFF3CE3B2D0375C9207D1372D6BF3735355D142662378806C875721D508C6A6A6A9664B3D96B7B0A1EF18A8C9B6FBE3979E08107BAEEA6B22FE2E3E2E3E3F37A5DD1D11E96EFC5F60B295E192F99E2525F5FBF7AE2C489EB9F7AEAA9BF38EEB8E3D2A3468DEAF71D79EAEAEA96CD9E3D7B5CD8BC79FEFCF92EB9A4203DF4D0434D3366CC7879C3860D970F1B36ACACBCBC5C500EE0E0FF8D37DE981C06FFDF993265CA721101B94EAE038AD56BAFBDF6D2F1C71FFF7CC81597857F56C45B86AF59B326DE242259B56A552C5A77DD463C2E83060D4AE27731AD5BB72E79E9A5979230578B793E79EBADB7BA8E776BEAECECBCBC10E7716EA45EA4A64F9F7E7E6969E9FC2BAEB8A2F5B2CB2E1B97C9F4BDEED5D1D1F1E9FDF7DFBFECD9679F9D143AC8B70BAD1208BBB264C992A9A9546ADE51471DD51E969107E276CEC52A7E6E3D5ECEDDD4D414633EE3FCF3CF5F242A20D7C975004972E595574E0839E3BEB039B51FCD2CCA66B33F9C3F7FFEDB851823C50E1DE4BE4183069D72F5D55767CF3AEBACC3F7653013DE945B1E7FFCF1DF874EF1C5B0FD66217710D895A54B974E08AFFB7B43FF397BF4E8D1EBC68E1D3BACA2A262447979F960D1E997E62D5BB66C6869697973EDDAB5AD9F7CF2C9A4B0EFC57839F7942953E41890EBE43A801D4C9F3EFDBC903F6687CDB3FBF0B4DF8779DC2D857E5309C50EB67790B09C3461C28435E79C734E66DCB87143468D1A357CE4C891833FFEF8E38F820D0D0D0D4D4B962CC9AE5BB7EED4F0B4FA62E820B0278B162D3A39F49B6F8589C08561427064588F1395FE09715C1BE2F87E582F8E7722F0057D20D7C975007B57595979642693B934E4956F84FC3236EC3A3C2C315FAF0DCBBAB0FFC3B0FF771D1D1DBFADADAD7DBF1862A2D8810E020000000000000000000000000000000000000000000000000000000000000000000000000000000000000000000000000000000000000000000000000000000000000000000000000000000000000000000000000000000000000000000000000000000000000000000000000000000000000000000000000000000000000000000000000000000000000000000000000000000000000000000000000000000000000000000000000000000000000000000000000000000000000000000000000000000000000000000000000000000090CFFE17D3E84A832C821E780000000049454E44AE426082, 0);
INSERT INTO `ACT_GE_BYTEARRAY` VALUES ('2cde4d42-f238-11ed-a88e-005056c00001', 1, 'process/myfilename-20230514090823804.png', '2cde4d41-f238-11ed-a88e-005056c00001', 0x89504E470D0A1A0A0000000D494844520000033C000001630806000000F8B10EE5000000206348524D00007A26000080840000FA00000080E8000075300000EA6000003A98000017709CBA513C0000000467414D410000B18E7CFB5193000000017352474200AECE1CE900000006624B474400FF00FF00FFA0BDA793000000097048597300000EC400000EC401952B0E1B000020004944415478DAEDDD09781375FEC7F149D2935E5068A9C8E1851C6D412E014145CAADB828843455AE5551773D51F14229828AEBB92BEB0AEB8A1468D35651611544C0E3AF72C9CA55E4125A2C4241E841D33BC9FFFB2B29CB028596366DD2BE5FCFF37B663293A6ED773293DF2773691A0000000000000000000000000000000000000000000000000000000000000000000000000000000000000000000000000000000000000000000000000000000000000000000000000000000000000000000000000000000000000000000000000000000000000000000000000000000000000000000000000000000000000000000000000000000000000000000000000000000000000000000000000000000000000000000000000000000000000000000000000000000000000000000000000000000000000000000000000000000000000000000000001A2C1D2500501B1C0E87F7FEFDFB1FCECFCF1F6FB55ADB979494F84A631B5343DEDEDE655E5E5E393E3E3EDF486D5F1E3870E026AA0200008107401DCACCCCBC3F2B2BEB55E9900744444468A1A1A19A9F9F9F269D748A5343121AB5A2A222EDF8F1E3DAA14387CA0C06C38F32EDCE9898985FA80E0000041E002EE47038F4191919C9E9E9E963DAB469A3B56AD54AD3EBF514C645EC76BBF6DB6FBF6952F302A9FD18093DCBA90A0000E747CF04C045536147DA98C8C848AD75EBD6841D576FB0A5BEAACED1D1D14D643C75F5EAD5C3A90A0000E767A004002E863A8C6DDFBE7D4FA8B0131C1C7CD6FCC2BC4CED50DA475AD6CEA5DAB1F46F346BF67ECD27204CF3F60DA67835E4EBEBAB858484F8646565DD3C61C2840F131212B2A90A0000E7C6D7B100AA4D5DA0409DB3A30E633B57D8293A7148FB75D3BFB482E3BF68765B697953E36A9A9A879A537597FADB6459BC4635000020F000A845EA6A6C56AB35409DB3732EC7D3BF2D0F396752D3D43CD40E093CCDF57A7DFF152B5674A51A0000107800D492FCFCFC09E1E1E1959EB35398FB6BA53F7BBE79A8E6065CEADFA2458B23321C4D35000020F000A82556ABF54A75E9E9CAD8EDA517350FD527C13350A7D30DA61200009C9B172500505D2525257EFEFEFE14C20D3469D224946D390000041E00B5A8B4B454E7EDED7D9E67E82E721EAACBC7C7275006A44F00002AC1216D00AACDE170683A5DE5C1C5C7BFD945CD43F5399703B718000080C003A0AE84B6EBAFE90D3E674D3778FB6BCD2FBB9102010000020F00CF15141EA905B4B8FAACE94D42AFD402C33A5220000040E001E0C11C0ECD565270D6E4F269320F000080C003C02395141CD30E6C7A4F2BC8DE77D63C354DCD53CF01000020F000F01C0E87967DE0072D7DFD1CAD2027A3D2A7A979EA39EAB9ECED010000AEC665A901D498DA637378C792F3069DD3D96DA55AD6EECFB51347D2B488CEB76B3E4D9A53440000E012ECE101506317DAAB53998ABD3D000000041E006E4BEDB1A98F9F050000B8100E690350631D07CDA2080000C02DB1870700000000810700000000083C0000000040E00100000000020F0000000010780000000080C00300000080C00300000000041E0000000020F00000000000810700000000083C0000000040E00100000040E00100000000020F00000000B8392F4A00C0136CD9B2455BB972E559D3AFB9E61A2D3C3CBC4EE70D1E3CF8BC7F8F9A0F0000083C005065EBD7AFD7020202B41E3D7A9C9A66B55AB5254B96685DBA74A9D3792AD09CEFEF21F0000040E001806AEBD8B1A3D6BB77EF538F737272CA03467DCCABCA7C000050FF38870700000000810700000000083C0000000040E00100000000020F0000000010780000000080C003000000A051E03E3C003CC67BEFBDA77DF1C517A71E171717D7DBBCAACC070000041E00A812B3D9AC0D1D3AF4ACE98181819A8F8F4F9DCEBBD0DF030000083C00502D414141E5ED7CF3EB7ADEF9E6030000F7C0393C00000000083C0000000040E00100000000020F0000000010780000000080C00300000000041E00000000041E0000000020F00000000000810700000000083C0000000040E00100000000020F00000000020F0000000010780000000080C00300000000041E0000000020F00000000000810700000000810700000000083C00000000E041BC280180AA301A8D6D0D06C360191D66B55A3587C3A1E9743A0A53CF64399C9041132A010000810740F5C24D0F19ED291DEA6B64D847C24D68C5FC8D1B373A626262743E3E3E14AB9E1517171F91813F95000080C003A00AE146824D6F196F5E31FFCCBD38F29C82BE7DFB161716163623F0D4BFFCFCFC7D3208A212000010780038C5C6C6BE20C1A5C785C2CD3914EAF5FABEE1E1E1CF1F3F7E7C74484808C5AC67999999565996EBA8040000E7C6450B8046C66C363F2283E724DC8C5061C7A14EC6A91ABB3CD59C9494B4353F3FFFE5ACACAC32BBDD4E41EB91D47F5F5E5E5E0F197E4435000020F000101258DE92E05256F15877E1DD3A1581E899E4E4E44FD5C8C0810337E9F5FA1F7FFBED370A5A8FD2D2D2BE93C1C661C3866DA11A0000107800384970F1AEE253D52E1C1588165A2C96574E9F5152527267464686352F2F8F82D68323478E2CCECECE1E2AC1732AD5000080C003E00C3A9D2EE7024F7138B7113FE4E6E6DE73E6CC9898985F643076FBF6ED849E7A083B3B77EE1C286167D2BBEFBE9B1D1B1BFBE771E3C68553190000CE66A00440E3141515B550068F9D2F1349CBF0F6F61EF4D1471F9D33D12C58B0608F74B4FF231DF0910E87C31A1C1CDC847BF3B88E3A674702E6B2CCCCCCA152E74983060D5AD1B56BD74932EBEF32EF8ECE9D3BAF4F4B4BFB954A010040E0011A2DA3D168904EF20332BA449AEF799E9A2F9DEAC18B172FDE77BED74B4848D83B61C284D4DCDCDC8ED2110F2B2C2CDC2721A9587ED64B70DDEA9AC92F2A2A3A28B5DDB067CF9E6DD2DAC9E3A37ABD3E56C2CE46F584EEDDBBEFB3D96CD7CA68B4D47C5C6464649E849EF5940E008093F82A1668444C26532FE914FF4346D57D77D43D753E91C7A3CEF1547545B6DB2B2E5250552B56ACE82A9DF1D1F29A43E4E72F95616BAA5E3352C74CA9E34119AE5457633BD7050A54889570F9B23CE771E7763D5942D0DDA9A9A9F954100040E001D0E0498738C46030BC28A3F76927F7ECA64B27FAA1A4A4A4656A7E6C6C6CC595D8D4450AD4793B4F9D799102B83F598EB7C9E00369C1B27C7748401A23A1F5672A030020F00068B0CCC2E170BC21A311D24AA5BD61B55A5F58B66C59C1199DE58AD0A3AEC8369ECA792693C974B5841D755F9E28199E90E1DD126C53A80C00A0B1E21C1EA0818A8B8B6B1F1515952C61E709791828EDFFA4033C52C24CD2EEDDBB4BCF7CBE3C375E3B7945B6317BF7EEB55141CF94969676AC5BB76E09B2DCDB49EB29938CB26C435AB468B13A3D3D9D3BC502001A1DF6F0000DCCF0E1C37D4342429E92D1A7B593172538266DAA049DF72FF4B346A331343535F538556C18D4E5AA65A0F6EEA98B477CE7E5E53576D1A24587A80C0080C003C0238D1D3B76905EAF7F4746DB6B27EFA333DFC7C7676A4242C231AAD338994CA63E3A9D2E5546D505240ECB786C5252D23754060040E001E0318C466384C16050DFE49B9D93B64BC7F67EE9D87E477520EF8F30797F24C9688CB432694F5B2C96D7A80C0080C003C0ADC5C7C7EB77EDDA759FDD6E7F51024E5399649536333838F88D79F3E69552219C167A24F3185ED04E1EEAA8B6FD4B0A0A0A262E5DBAF404D50100107800B81D93C9D45D42CEBB32DA4B3D76381CCBA443FB6062626206D54165CC66F34809C8092A204BDB259346272525A5511900008107805BB8E38E3B826D36DB4C195527A4AB2B2D1E908EEBC3D269FD84EAA08A61F94AE7A5ABBB6A27F70A4EB6582C8954060040E00150AFCC66F35887C3F1A68CB6D24E9E8BF196B7B777FCC2850BAD5407D561341AFD0D06C33F64748273D29CE0E0E0291C0A090020F000A873EA1B7919FC5DA7D30D754EFAC1795182AD540735111B1B3B59067FD34E5EC27CADCD6633A6A6A61EA432F0042B56ACE8AAD7EB47CBF67088C3E1B85486ADA94ACD481D33A58E0765B8D26EB77F346CD8B02D5405041E002E63341A7D0C06C354197D569A9F34758F9CA72C16CB7BDAC9CB4E03B5117AD40D4A3F94D64EDA11E9EC98254CAFA1327057AB57AFBE523AE4AFC97BF5FAB0B0B043111111217E7E7EA1BEBEBE0154A746F28B8A8A8E5AADD6DD99999905B9B9B9D7CAB4F5122AA7C6C4C4FC427940E00150ABC68E1D7B933AE4483ED43B38272D900FF7C7A523FA3BD5416D1B3F7E7CF3E2E2E2C5CEBD8836193E27EFB5D9046BB89B55AB560D93F7A7A54D9B3665D29A4B679CA2B888DD6EDF979696F65D7676B6AAF984418306ADA02A20F000A8B171E3C685979696BE2EA3773A27FDEC3C7C8D9B45C2A59C97399F2E217B9A3C54BDC8A5369B6D7C6A6A6A2ED5813B58B366CD08D91EA64445450504070753903A72E4C891C53B77EE1C28E1F2AE989898E55404041E0035E96CDE239DCD97E561336985F2C13E332828E8354E24475D32994CC3E5BDB7484643A5ED95F1D19C2F86FAA60E6393F7E296E8E868C24EFD859E41127AFA71781B3C8D811200F52F2E2EEE9AA3478F2E91D1FBA4F94BE8F9DC6EB7DF929C9CBC6CD3A64D762A84BA949696B6372A2A2A45466F9016296D42646464A64CE7E465D49B7BEEB9E7F3366DDA5C11161676CEF9857999DAA1B48FB4AC9D4BB563E9DF68D6ECFD9A4F4098E6ED4B38AA0D0101015DF2F2F296141616DEBC70E1C2142A024FC21E1EA01EDD7AEBAD414D9A349921A30F4AF392A6AE8EF3485252D2475407F56DE2C4897E4545457364F42EE7A4776D36DBC3A9A9A92554077569CD9A353D0C06C3BA6BAFBDD6EB5CE7EC149D38A41DF8719E66B7FDEFCE70BDC15B6BDB73B2E617740945AC05EA9C9EEFBEFBCE5BB60323B97A1B3C0967FA01F5C46C368F96B0B343461F754E7AB3A0A0A0336107EEE2830F3E28B2582C773B034FA1B4FBA4D3F99DD1686C4B7550970203039F6ED9B2A557651728389EFEED5961A7BC832ED3D43CD452A751AFBF2238387893BA1438D500810740A5A4B378B9C964FACCE170A8CB00AB7B46AC930F8F5ED2B19CB274E9D2135408EE46DE9BEFCBA09FB4FDD27A49E8D924EFE121540675A5A4A4E4C6D0D0D04AE717E6FE7A51F3507DAD5BB70ED0E97483A904083C00CE3279F2646FB3D9FCB47416D3E4C362844CCA96E17D1D3B76EC979898B8990AC1CD43CF4F12CC7BC8E867D25AC87BF7F3D8D8D8E7340E8D461D282B2B6BEAEFEF5FE97CBBBDF4A2E6A1FA020303AF90017B79E151BC2801E07A12746ECCCBCBFB878C76724E5AE4EDEDFDD8C2850B8F501D780A09E6D932182941475DB67ABAB41764BCB704A171CE7980AB028F976C3329841BF0F5F50D9741132A01020F808AA0D342DD0D5CDA04F558A7D3EDB2D96CF7A7A4A47C4575E0A11C168B65A6C9645A2FEFE7C5F2F866BBDDBE4982CF68B51788F2C0256F3A87436D3FCFF38C8B9D87EA92E5104415E06938A40D70D167827400D53D7576C9B80A3B45D29E2B2B2BEB42D84143909C9CBC52C2BB3AC46DA3B4CBA57D2FEFF93F5219D4071FFF6617350F40E3C01E1EA09699CDE62E1274D4E16BD7A9C732FE850CFE2C1D446ED48606253535F580D168EC6F3018FEAA9DBC87D4BF24F45CE7E7E7F780BAC21B15425D096DD7BFFC1E3C76DBFF5E31DDE0EDAF35BFEC460A04107800D48671E3C605949696C64BC079C4B96EFDA6D3E91EB5582CDCA00D0D39F4A81EE6FD269369ADBCDF55D0BFABA8A8A89BF310B7742A84BA10141EA9E5656DD34E646DFF9FE94D42AFD402C33A5220A091E39036A01698CDE6511276D43D751ED74E1E30FE3783C1D029292989B083462139393941024F5F19DD2BADBB3475E9EAE1540675C2E1D06C2505674D2E9F26F300346EECE1016A202E2EAE9DCD667BDBE1708C744EDA28E3F749E7EF3F54078D8D04FCAD46A3B1A784FD047978AB04A07F9BCDE6591D3A7498111F1F6FA7427085928263DAE11D4BB4829C8CB3E61564EFD30E6C7A4F8BE87CBBE6D3A439C5021A29F6F0001741DD53273636F649BBDDAEEEA93352424E8E0CFFDCB163C73E841D3466A9A9A9B9168B6594AC0FCF68E5A7B0399EFFF9E79F3F1F3F7E3CBD4DD42E8743CB3EF08396BE7ECE39C3CEA9D023F3D473D473D9DB031078005481D96CEE9F9797A742CD6C6901D29224F8A8C3D7DEE15B6CE0645754D6879725F40C91F123321C5A5252A22E5DDDF37C3F24F31FA574A80AB55747EDB9C9DAFDB966B75DF8C6A2EA39EAB9EA67D4CF0220F0006EC7683406D6F7DFA0BEA1960ED9BF1C0EC7B7F2304ADA1E093A832D164B5C6A6AEA619612F0BF24F4ACB1D96CEA7C9EB5D2DA49FB4ED6A1C9E77AAEC964DA2C833764F86143DA6EC0352EB457A732157B7B00107800B73276ECD87E0683619F1AD6D7DFA0EE2F525252A2EEA9A3EE33A2AE4A159F9B9B1B9D9292B28A2504542E3535F5607070B0BA2EB0EA65FA4A9B2BEBD3071246FC4F7F9E4EA7EBEA1C8E8E8B8B1BD110B61B709DAAECD571C5CF02F04CDC7E186E4D3A3EEAC6862B860D1B7662F9F2E581D2191A9E9898B8A9AE7EBFD96C8E74DE53E77A67676C95B43FC9DFB087A50354FB8B833819CCD34E1E0ABA45D6ADD1EAFE5432FDCC132BF6D96CB628094B859EB8DD40EDFBF2CB2F1D37DC7003857013DF7EFBAD3678F060FA90F018064A0077A5C2867454BE7CE8A1871C23468C687DE9A597666FD8B0617C5454D4F2EDDBB71F75E5EF1E39726493EEDDBBCF94D105DAC9BBC81F96BF65725252D2D46DDBB61D67E900D527EBEDB6E8E8E84F655D8A918791D2C6CBE3D9673C4D9D07176A3018D4F3D778D27603AE337EFCF8F876EDDA510837919191A12D5CB870069580A7E09036B825A3D178955EAF5F3579F264AD77EFDEE16A5A9F3E7D5ADF75D75D85AA33A3E6BB30688D0C08084893D1279DEBC8DF6D365B47093B492C19A06664354AB35AADBD647489ACCB4D2BFB5C72381C4FC8BAD8D153B61B0000020F509D4E4B5B1F1F9FAF264C98E075E38D37869D3E6FE0C081EDEEB8E38E426F6FEFD5EA79B5F97B636363DB984CA68FA5A3B5541E5E266D938CF7B5582C0FA84BEDB26480DAB174E9D213B25E8DBEC0D37C9C8793BAF5760300E0FE1AF48D47E583ED5283C1A0EE913242A7D345C8A44BA4B5969629ED904C5787297D6EB3D996A9136B793BB8C5328B904ECB37123E9A0C1E3C38F45CCF193162C4158585857B3EFCF043D579B9BEA657481B306080574444C423323A5DDE0FEAAA4E79329C565656F68EBCB68DA502D4BE739CB7F33FD40D7C643D1C20CF1B27E168A1BB6D370080FEAFE76890279C8D1D3BF626BD5E3F431676D7F6EDDB1FB8FEFAEB75AD5BB70E6EDEBC79A834C7D1938EEFD9B3E7E0EAD5AB7D645C1D5EB1C36EB74F4F4949F98A55A57EA8CB3ECB4AF8C3C89123C364656D76A1E72F5CB870D7F2E5CBCBBCBDBD6F4C4848B8A81B2B4807E93A19A86F91BB3827A5487B543A58BFB14480FA093B67049FA3B22DEF90989898ED2EDB0DD43D2E5AE05EB868817BF77F35E78596AAE8FF1A43FFB741BD594D26D395F2C1F84E93264DBA4F9C38D1BB6FDFBE21B2E02FF873B2A08F48C25DF5C9279F5C2B0FF7CA87E703EACA41AC3A75FA6D4488AFAFEFFF0D1D3AB4ED9D77DE1952D59F9B3B77EECEAFBFFEBAC066B30DACCE6167717171CD64B9BF22A3773BD7835FE4BDF267E9547DC1D200EA24EC9469553CCA40B6C973659B7C5F7D6F3740E00181C75DFBBF3A9D4E5DFA7F580D5E664543EEFF3698ABB449AA1D241F7CAB6478E994295342DBB56BE7270BBF6AA94FA70B888A8A8ABEEDB6DB0AD2D3D3B71E3E7CF8E5CE9D3B6F4E4B4BDBC76AE47AEA8A684141415FF5EFDFFFCA4993268554E7677BF6ECD9E2C0810339870E1DBAFDF2CB2FB7ECDEBDFB823758309BCD139CE7E9A86F40D4F35FF2F3F333AB6F7E591A806B45464606C936571D5A71FADE1875E8A8FE3CDBE8EEF2732B659B9C595FDB0DD42FAED2E65EB84A9B7BF57FF57AFD97321A5D31CDDBDB5B8B8E8ED66EBDF5566DF4E8D1E56DDCB871EA7C46AD5FBF7EDA95575EA9D96C36EDD8B1630EBBDD5ED159BE4AB6B5E3A4FFBBA921F67F1B44E0898B8BBBCBDFDF7FFED34F3F1D220BD2AF2A7B75CE457E2E587EFE9AF0F0F0259B366D7A4C4250CEF6EDDB7F6275729DE1C387FBB668D1E2CB5EBD7A45DD77DF7D41550DA9A7EBD3A74FD8AE5DBBAC39393923DAB46993B277EF5E5B25DF8074920D80BA8BBB3A5F27407ED757127C6E4E4E4EFE70F3E6CD652C0DC0F5E48374A56C57DF927571A5AC836AEFCAA5A7871F99A62E4BAD3B3BF3E8AEEDD4A9D33F77ECD8E1A8CBED06083C20F0B82B755374D9FE59B493F736D3D4E5FC55A879ECB1C7B441830669975F7EB9D6AC59334DFAC8E5CF5743F5584DEFDFBFBF7AAEAEA8A8482DCFF2D326D553E4F5E2A4FF7BB0A1F57F3D3EF098CDE6C1B2001366CF9E1D505B1B43799DAEF241FACDAA55ABEE94A4BB853D3DAEA12E16201D8DCFA5E3D3EBA1871E0ABC984E8BB327A45D7FFDF5615BB76E2DB15AAD31D211FA303D3DDD5E315FDDD1BD4B972E33E47909F2F04A6959327E7F5252D263B26C39861FA807F2619A29ED5CE1E7F44B553B4E0B3F2DE5C33C4FD6EF8D75B1DD008107041E77A6F6EC38C34EF9A1C1B20DD3A64D9B561E78FCFCFCAAF41AEA79DDBB77D77AF4E8A1DBBC79B3BDB0B0506D50D55E839BA5FFBBB621F57F3D3AF0A87B2A3469D2E4AB279F7C32A0B637844D9B36BD3A3C3CFCE34D9B363DD1A953A74F77ECD8C1CD266B517C7CBC5E3A2F1F5F75D555373EF6D8630117BB57EEF4CECB0D37DC10B671E346F52DC57563C68CF9F8EBAFBF76C4C5C5A92B947C264FB9D5D9719A2B2BF86D8B162DDAC052003C2AFCA8F57C505858D880F6EDDBF771E576832542E00181C7DDFBBFD28752E71C97EFD95187A83DFFFCF35ACB962D2FB6CFABF6F8E8D41EF4ECECECF2D023DBC75BA4FFBBA4A1F47F3D3AF0488A5D356AD4A8B67DFAF471C98973B271EDB27FFFFE8FB2B2B28CF241BC9855ACD6E824E858DAB66D3B5CC26A132FAFF39FB7FCD1471F693FFFFC7379EBDCB973A5CF539D9F010306B4F8E1871FBCD3D3D37B454545DD219367496B269D99CDB2F2DE66B158E66EDEBCB98845007854F8B9429ABA64BCCEDFDFBFCD8B2FBEE8EB8AED8674E2AE91DFBB8CA540E00181C79D75E9D26591E6BCBAACDAB3A3C24E7070708D5ED3D7D757EBD5AB976EEDDAB5157B7AFC65FBD8BEA1F47F3DF6C6A3F7DC73CF505910D143860C71E555427453A64C1924C3F6EA527FAC62B563F2E4C9F35BB66CF907093BFEEAC4BA0BF9F0C30F4FB50B51AFF7CA2BAF5C1D1010304C3A4AA3A59D90C953EC767B4F093BEBA93EE039929292D6AA434F65DD8D90A0B34AD66BBB7CB01B5CB5DD080D0DBDC16432FD95CA037057CEFEE87035AECED951E7EBD434EC5450AFF3F8E38F4BF75A5FB1A77B7843E9FF7A6CE0F1F3F37BD76C367BA985ED4AF2FAAD478D1AB55E16FE0B8D6DA592FA3E26AD6F6DBEE6FDF7DF3FA769D3A6E6679E79C6577D9BE00AF2BABA575F7D355486BF4BD0F9403A4B6F720351C073A9ED465858D80D7FFBDBDFF4AD5BB776E576E372F9C0BF253636F645AA0EC01DFB56A7F747070C18A05D76D965B5FAF7A9D7BBE9A69B74E7FA7D049E3A3669D2A4368585856DAFBDF6DA3AF97D46A351EDE5E9A8EE5CDB98564A87C3F19ABAA19F7CF867C8CAF97A4DC3CF830F3EF8177F7FFF7B9E7BEE399F264D9AB8F46F0F0D0D35CC9933A7694040C0ADF2773FCD2616F04C75B9DD90D737BCF1C61B6D647807DB0DF7EAE401F4ADCAFBA3AA1FDA4F8DAB3DD363C68C71C9DFA85ED7CBCBAB622F4FBF86D0FFF5C8C023E9F3E1EEDDBBEB6B7AC26A35D2744B75652019DEDA08D74D75D5A2B6B2724EA949F879E49147A6AB81EAB4040606D6C91F2EBFC7EBF5D75FBFC4C7C7E7CFF2F73EC86616F02C6C371A6427EF606D7C810634C6BE95B31F5ABEF7253232B2FC6203AEA05E372A2AAA622F8FAE21F47FBD3CF18F2E2E2EBEB55BB76E75FA3B636262CA92939307CBE83F1AD94A59912A73D58D3064C52C5F41E5F11459410FC8247580FC87EA58FBCA5EE089279E985A5050302D3E3EDECB552BE779565A9F575F7DB5D9E38F3FFE8CFCBD568BC5F23EDB59C0FDB1DD68B05A9DF619F29BF3B2BAE7FD0C71475BB66CD156AE5C79D6F46BAEB9460B0F0FAFF57983070FE69DD300FB56F2FE2F92F5A1AC22FC5CA86F25D34FBD117AF6ECE9D23F50BDFEE6CD9B4FFFBD1EDDFFF5D4C01371B197DEBB581D3A7468A59DBC27446315222BA356DDF0F3E4934F3E989B9BFBD2F4E9D30DEA4A22F5212C2CACC9ECD9B36DF2B7CC36994C05125C2D6C6B01F7C576A3F1851FB3D97C4886499E127ED6AF5FAF050404A8FB979C9A66B55AB5254B96A82B68D5FA3C024FC324EF7FBFD3C24C55C24F9B8AE75F71C5152EFDDBCE78FD369E5E6B8F0C3CF9F9F9FE75FD8D9FBFBF7FA80C9ACB9B6F3AABE87FC38F7305D59DB182AACBC86E6BD5AAD5BFB3B3B35F7CEEB9E70C111111F5FA075F72C92541B366CDB23DF3CC336FCB07AB55361C5C7A167043CF3FFFFC5D870F1F7E93ED46A3EBF85DA23E3F3C29FC74ECD851EBDDBBF7A9C7393939E5E1C455F3DCA80F56BE878BFE90EBC28F50C1C77E8EBE957FC5135CDD0F3EE3F55B1178EA41414181575050509DFECEAD5BB7AA85AD2E2B16CF6A59E90A7A2A1049EB7FE4C8917E2FBCF082EE42575552F7CBA8CAA56315F9203CEF7C75A2DDE8D1A3CF39AF6DDBB64DE3E3E38F4D9F3EFDFDB163C79A53525256B10401F73163C68C3B323333E73EFDF4D30637DC6ECC970EC7A732E9004BAAEEC28FD43C5F869B4F9C384161DCC4F7DF7FAFFDF8E38F1AFDA13AEF9F879CFEC0D5FDE0335EBF3981A71E0404043864E3A76BD6AC599DFDCE6EDDBA9525252515CBE81B8D6885BBD88D59BE5EAF0F18316284EEF2CB2F77AB7FE8AAABAE6A7ECB2DB7EC5BBA74E9E29123475EBE6CD9B202B6AB40FD93F5B1494646C6FBA3468D32B8E376A343870EC77EFEF9E73FB2A4EA9CBA5A45FF0D1B366837DF7C33D57003FDFAF5D376EFDEAD420F81A70EFB563A9DCEEA7038D44DC87CD463F525802BFBC1677CC9708CC0530F8283838B737272FCEA32F0141616FE2E83A3168BA5D1DC59383636B63A2BE56159191335E721083367CE1CF5D5575FA55E7DF5D55EA71F8F5CDFD6AD5B77E4DFFFFE77B0DD6E1F45D801DC875A1F65BB6192616AAB56ADDC6EBBB16BD72E837436E6CA76EE104BCB759D3CA9AF5DEA7CFA2558CB0F91BEF6DA6BFB53423749A081815AD7AE5DD50D2A67500DD7F6AD647D382203D5B74A517D2BF9D98D325E7EB50275B8A32BFBC1EAF54FF31B81A71E040505E5676565F9D5E5B780BFFEFAAB550D5855F7AFA96B00001C0C494441542B0F39A7CF78EEB9E73E993163C6B0B973E72E9F3871A2F775D75D57E98BA843492A3B9C4439FD7014F93D17FDC77EF3CD3747E7CD9BA7B3D96C43535252FEC3E203DC8B9B6F3786242727B3DD704D27AFACA23FE20C3B675D04E7AEBBEE725045340667869C33BBA3158167DFBE7D9A2BFBC1EAF5CFF8BD049EBAD6B66DDBCD3FFDF4D3A03E7DFAD4D9EFFCFEFBEF653BECF89255B1F29073A6E9D3A7AF960ECCF50B162CF8B6B8B8D8E7A69B6EAAB73F7AE5CA95C71212126CA5A5A531A9A9A93B588C807B62BBD168949DD607F13A57C8010839FF4BF543E5B9B7A971751E554C4C8CCBFE26E7795AA77E2F81A71EB46FDFFE9DF9F3E70FB2DBED5A5DDC7C54FD9EDDBB77B796E152424EF53E8866CE9CB95E3A2F3DA5B3B0A1A8A8C86FF8F0E175FEC77FFAE9A7C7E5F717949595DD24C35FD8B402EE8DED46C3A4BE3554B73420E400550F3967F447971A0C86BFAB1F4F4B4B2B3FECCC15576B53AFAB5EBF62D56D08FD5F8F0C3C7DFBF6FDF4F3CF3F2FDDB06183775DECE559BB766DAECD66DB261F7A071BD9CAF8B80C7EA8E90791745EB63DF5D453D19F7DF6D966E9BC04DC76DB6D75F63FA4A4A4E42C5BB64C2DBF1B939393392411F09CD0C376A3E17DA6E80839603DB8F8BE95EA87C6C6C67E2FA3FD4B4B4BCBAF5479F7DD77D7FADFA85E57BDBED3F70DA1FFEBE5A16F16FBF2E5CBE7CB07D1E45EBD7A6992765DF6BBE4034FFBE0830F4A25DD3EDFD8564A59195FAFADD79A3D7BF6DEA953A776FCEAABAFB617161686C4C5C5B9F46F57F70978F3CD370BF7ECD9734C96613F8BC592C56616F02C75BDDD50647B9FBB66CD9AC3B2DD18C076C33D3A79EEEABDF7DED3BEF8E28B538F8B8B8B5D3A0FF4AD14D51FD5EBF56BD4F8D75F7FAD0D1A3448BBECB2CB6AEDEF4B4F4F2F7FDDD37F5F43A8BB97A7FEE1C3860D7B78D3A64DE357AE5CE9D2C31D3EFBECB39C8282824D2929295FB19AD6CC5FFEF297CC071F7CB0FDC68D1B77141515B598346992F6DFA31B6A8FBA29AAFCAE22093BFEEA7E0EF23BEE321A8DAFA5A6A696B01400CFDB6E8C1B37EE4FB2AD9F9F9393E373FFFDF7BB6CBB316FDEBC13DF7FFF7DBA6C9F06CAF6E238D5779F4E9EBB5117C5183A74E859D3D515CC7C7C7C6A7D1E5041F54763636397CBE870F5A5FCEBAFBFAEBDF8E28BEA0AC6357EEDBCBCBCF2D753AFEBB4BCA1F47F3D36F0C8075ED10F3FFCF0784242C29C2BAEB842EBD0A143ADFF8E5DBB7639D4CDED4A4B4B1F6015AB1D6FBFFDF6D13BEEB8E3CA1D3B76FCFCEEBBEFB6BAF7DE7B6BF53C2C75BED59C3973F2333232764907265DDE27EA324E2F1A0C86497171710F2726267ECE52003CA243D9570663A4DD29DBE070356DE3C68D85B24EFBBB6ABBB169D3A61DB9B9B983972E5DCA5D2E715EEAA68CE7BBF1A32BE6011524903CE4EDEDBD51B65D4D7FFFFD77F5C5903675EAD41A851E1576D4EBA8D7733AAE7E4F43A999DE93FFF8EBAEBBEEEFB7DD765BE25B6FBDA51D3972A4565F5BBDDE2BAFBC622D2A2A32A6A6A6EE65F5AA3D8B172FCE3B70E0C055E9E9E9FBFEFAD7BF6A656565B5F2BAEA755E7BEDB5829F7EFAE9C7C2C2C2EB9393935567495DE2499D7977956C183E33994C4B25F85CC15200DC33E4487B3D363636C3E170FC206D8AB4F08ACFF8E2E2E23E2EDE6EDC44D801E0EE54BF54B65D469D4E57BE2BE6975F7ED19E7DF6D9F2C3D12E86FA39F5F3EA752A368DD2673235A4FEAFC1D3FF81850B177E5C5A5A3AFCFDF7DFBFF4AAABAED25AB46851E3D7DCB56B97366BD6AC42093B0F5B2C968F58B56ADF8E1D3BCA5AB56AF5AE8F8FCFEDD2D108BFF6DA6B2B3D174B1DBED2B973E753ED5C4A4A4AD43713EA9C9D6FAC56EB2DB292961FF8BC7DFBF674794FCC0B0C0C5477D0EA23AFD5453A50F7454545F974EAD4699DFA3B581A40FD869CE8E8E847659DFCA73C9C224DEDD90951E76AAAD5FFD48795C110979898B8A62EB61B703FE3C78F8F6FD7AE1D857013191919AAFFC58D47EB515A5ADA3ED96E66CAB6EE1679A82F2828283FF7E6F8F1E39A3AF2C9CFCFEF82AFA1AEC6B668D1224DFAD09A6C034F851D69F726272737A8FEAFC7079E19336668124AFEE5EDEDDD7EFEFCF9D1EAC34F2DE88B39DC411DB3A84E169C3B77AEB5B0B070545252D287AC522E0D3D36E9BCCC9530327CDDBA7597AACE8B2CC7B39E77A14E8B2C2BEDA5975E2ACACCCC5C7EE2C489DBA5D35276C6371776093EEBA453355F1E8649EB2EED46798FDC29D37E95793FB334803A0F3AAF9F1972A4A9C05171A8F5E927EA7C2CDBE3E7EB72BB01020F083CEE4EFA2F3FC936EE07E9CFFC411EFAA97311F7EFDFAFEE2156FEE5BDFA52474D53CDDFDFBF3C0C1D3A7448FBE9A79F3409345A424282B677EFDEF2F94ED976BB7D54430B3B677EA0783CF9F0FBF3975F7EF9DAB163C7FC4C2693A63E08AB127CD4F1DB1B366C50275596896DF2F34659D8DC77A10EDF87D3A64D5B23CBE1C6A79F7E5A579D1334D5D5D866CD9A559C9D9D9D3A6FDEBCF132E98277E356DF28CBCA3DC7197CD437C1AB64F0A02CFF9D2C0AC0B5D4E16A32687BDA247531119FF3FC88BAD2E295124872EB73BB81FA259FED8E1B6EB88142B8896FBFFD561B3C78B08E4AB807E9F35E297D19D5AF1956839759217DA3071A6AFFD7D090FE99F7DE7B6FE39A356B5E9785DE52865DA4036B3878F06079A0A948B9A727DCDDBB776BCB962D5357E6B1EFDCB9535D99E78EB973E74E4D4B4BCB66F5A9F38DE782810307F65CB56A557B09AABAAAEC8ACDCDCDD55E78E18512E9BC2C90E5F6C76A7C23923966CC98F724D81ED24E7EB31C25EDDEA8A8A8E02BAEB862DDAE5DBBB89A1BE09AB0A382853A5CADF4B4CF9F4A3F87D48D2AF57AFD48F900DE59DFDB0DD42FF6F0B817F6F0B817D56F95BECDE2CE9D3B7F2BDB57759E72755696FF937EF224D9CECE6AC8FDDF069BCED5E7E4BA75EB46EDD9B3E7BEFDFBF7772F282808C8CBCBF3CDCECED6356DDAB42C3030B0D060301C91E127FBF6EDFBEBFCF9F3B9B99C1B908EC86209A4E669D3A6E99A376F5EE9F324ACA8E796DA6CB6BFFDFDEF7F7FFC627F9FD1680C95F7C18B327A8FB3E37548361653252C2F6269002E0B3D55DD8EFF433E84FFE46EDB0DD43DF6F0B817F6F0B837E9DB5C2A7D9B91B20D1D217D9A08997489B4D6D232553F47A61F96E99FCBB6705943B8A968A30E3CF05CB366CDFA475656D6BDCF3EFBACAE65CB9667CD9779EA39655E5E5E2FBFF5D65BB572432C93C9D45D56FEB765F43AE7A4EF9CBB76B7B044805A0F3DF62A7CFEA4FBF9F975FAE0830F8ADC75BB01020F8107F00C7A4A0077336DDAB4FB232222FE3263C60C7B6666E6FFCC538FE3E3E3CBA42334AD363B2D126CFE63B158FA49E899A8FA46D2FACBF826E998CD898B8B6BC652016A558F0BCCB73B1C8ED1550D3BF5B5DD00001078808BF6ECB3CF3ED5A64D9BE766CD9A6557571C51D470E6CC99B690909029AFBDF6DA2BAEF8BD4949490B0C06C3D532FAA6EA7449FBB3DD6EDF6D369BEF960E13EB0B5043B22E3D2883B51778DA0BEA4B084FD96E0000DC9B8112C05DAD5EBDFAFFC68C1973FCDFFFFEF7301F1F1FDDBC79F36C111111F7BDF4D24BEFBAF2F76EDBB6AD78FBF6ED5F74EAD4E923093FEA9AB691D26EFDFDF7DF474445456D957907593A40F5A83DA591919116197D549A97C3E17847A7D3F53AF379326DB3CD66BB73C78E1D0E4FDA6EC0B5B868817BE1A20520F000B51B7A36DC7EFBEDE9DF7FFFFD2D6DDAB4993863C68C0575F5BBA5C37554C2CD82E8E868759F9E3ED23A49FBA3849E761286D6CAFC029610706163C78EED27832FA5F596A09323A1262E3939F97559BF66C8FA345D739ECF23F38A25ECDC949A9A7ACC53B71B20F0107800020F506D6BD6ACD9D2B56BD757DF7AEBAD9FEAE3F74BA72CAD5BB76EF3D4E5CD55874D5A2FE9B0DDD3A54B9782162D5AFC47DDD894A5049C4D1D061A1111F1B4AC2F2A70A873E1D61A0C86C1494949EB4E5BBF54E88957E3F2BC07535252563684ED06083C041EC07D704E023C42754E5E7605D9B05B2D16CBB3369B2DCAE1707C2E1DB3A632FC5BCB962DFF3376EC582E1D049CC1683446ECDAB5EB0B1955977DD7CB3A33FBF0E1C337242626669CEBF9EA06C0B28EBDDB90B61B0000F7E0450980AA4B4D4DDD2B839BCD66B3BABEFD9BD2498B96F64D6C6C6CA284A1A98DE57AF6C0F9984CA621B25E24C83AA2AE0F9D25C3F112662ADD7323F374EA9E58540E0040E001DC445252D2B2E1C387AF0C0909992A0F9F92166730186E95E0332B3838F88D79F3E6955225343603060CF0BAE4924B664AC051EB85DAABB3AAACAC6C5C6A6AEAE12A7C99709C0A02005C8143DA808BB47CF9F2628BC532D366B3A98B197C282D50DAECBCBCBCEDEA1B6E2A84C6242E2EAE5D4444C4B71276D41700EABCB6673B74E830B42A6107000057620F0F5043D2A13B2003636C6C6C8C0CE748EBA8D3E9BE90C71FCBF8140945E954090D99BCD76F93E0FFBE3AB74D1E1EB0DBED71292929DF531900008107684024D8AC9E3C797297BCBCBC87E5E173D26E93364C3A83AFF8F9F9BDC209D46868264E9CE8575858F8BA8CFE49C28E9AF4A95EAF9F24EB4236D5010010788006C879EECE6B77DE79E7E2B2B2327557F771D2E28B8A8A2698CDE6294949499F5025340446A3B183BCAF9325E8749587C5327C42DEDF6F5319000081076804162D5A744806E325E4A8FBF7BC2D9DC16B1C0EC7C72693495DA6F7A1E4E4E4DD54099E4ADED713E4FDAC0EDF54E7ADA9F772AC841DEE77030020F0008D8D7402BF331A8D3DBDBCBCEE950EE22C093E4365F2B6D8D8D8376D36DBACD4D4D47CAA044F21EFE54083C1F08EBC97C739272D94F7F19F781FC3D5D42193F2BED39C874EA21EA9E5206C5402041E00A74867507D30BC337EFCF8E49292929765FC2E694F4AC7F14EB3D9AC0E034AA24A707712D2BBC9C022ED6A69F9D2F17C40DEBA0BA80CEA82B7B7B7A3B4B454E7E3E34331EA997C8EA92F38F2A804083C00CE929090704C0693A5E3384F3B7935B7DE0E8723511EDF2BE1E7C1C58B176FA34A704712CC1F94F7EAAB32EA2B6D8BCD66334990DF4565505724E814151616FA1378EA5F414181BA67D66F5402041E0095B2582C3FCAA0AFC9649AA8D3E966CBF88DD281FC8F049F77FCFCFCA67FF0C107395409EE202E2EAE99DD6E9F2F61E70FEAB10CDFF1F7F77F8C2B0EA2AE050404FC72FCF8F1A89090108A51CF8E1C39922FDB822FA9043C09371E05EA8723393979BE049C0E32FE37E7B4878A8A8A7649109A24E31CA88E7A3576ECD87E127636CBE81FA473A342F8EDF29EFD336107F5213030708174B435794F528C7AA4EAFFFBEFBF87CBF023AA014F62A00440FDD9BC7973D1F6EDDB5774EDDAF513E954769649913A9DEE0F515151C3A46D96791C36803A151F1FAF8F8888785ADE87EAFC9C66D2D61A0C86C1494949EBA80EEACB5B6FBDB5F1D8B163534A4B4B7D82838329483D3970E0C0B19C9C9CEF860C19F257AA01020F806AD9B66DDB1109371F444747AB4BFCF691D649DADD127A5A77EFDEFD872D5BB6145225B89AD1688CC8CECE5E22A3F7A8C7127A5E397CF8F0F865CB96712351D4AB193366D89F7FFEF9ECF4F4F49BD5616DBEBEBE14A58EE5E5E5697BF6EC2991EDC298848404B609F0281C3603B85FA7535DFA779A8C3E2A4D9DA19B2D1F30D3CACACAE63AAFF806D43A93C93444DE670932DA525A96C3E1189F9C9CBC92CAC09D48E049CDC8C818D3B973678D3D3D751B76B66FDF6EB5DBEDC6989898E554049E863D3C809BD9B16347897CB0AC8A8C8C4C9187574B27344A8637CBF0D62E5DBAA4C9BC035409B565C080015E7DFBF67D5146FF212D48DE67AB6C36DBD09494942D5407EEE6CD37DF54E78E44EED9B3A7B3BA274F606020F7E6712175CECEC18307B5DDBB7717381C0EC20E3C165B09C0CD99CDE651F241F3868C5EEE9CB4D0CBCBEBC9458B161DA23AA889B8B8B876D2A151F781EA2BAD4CDAF48E1D3BCE8E8F8FE7CC70B8B5CCCCCCFBB3B2B25ECDCFCF0F888888D0424343353F3F3F8DCB56D75C494989565454A41D3F7E5C3B74E85099C160F851A6DD2961E717AA03020F0097993871A29F7C003D29A3AAF96B276FFA36333838F8AFF3E6CD2BA542A8AED8D8D8DB2448BFAFD3E99ACAC303127CE2525252BEA732F014F2FEF5DEBF7FFFC3127AC65BADD6F6D229F79546BFA686BCBDBDCBBCBCBC72243C7E23B57D79E0C0819BA80A083C00EAB2937A990CD4DE9EDB9C93764A7BC062B1ACA63AA86A782E2C2C7C5D82CE9F9C933ED5EBF5931213133909190040E001E01E9C2798BF2DA3573B277D68B3D91E4B4D4DE5FC1E54CA68347630180CC932DA555AB1BC879E484A4A7A9BCA0000083C00DCCEE4C993BDF3F2F2A6C8A8BAA25BA0B40269B3737373FFB27CF9F2622A84D399CDE6090E87638EF3BDA22E7F1E6BB1587EA2320000020F00B766341A2F35180C7F91D138E7A45F743ADDA3494949CBA80E9C97397F4746C739272DB4D96C7F4A4D4DCDA73A0000020F008F3176ECD81B24E8CC9116AD1E3B1C8ECFED76FBC3D2B1DD4B751AA7D8D8D86E32B068270F7DCC97F7C6031284175019004063C27D788006222D2D2D232C2CEC9F414141BF4BD8E9AB828F5EAFBF372A2ACABF5BB76EEBB76EDD5A7A81CEF1A3DBB76F5F47251B06B3D9FCA00CD4F93AEA46A25B6C36DB90E4E4642E6E010020F000F05CE9E9E976092D1B3A77EEFCBE849DE632A987B41BEC76FBB8E8E8E883322FADB29F9560B456DA1079CEFB54D273C5C5C5358B8C8C547B751E95E625E1F71D7F7FFFB189898959540700D01871481BD080C5C6C6F69681BA0A57AFF2155EA7FBAAACACEC81D4D4D41DA73FCF6432D975FFBD5DF9428BC5329EEA799EB163C7F693A09B28A36D25E8E4C822FDA32CCB8FA90C0080C003A0C18A8F8FD7EFDAB5EB8FD2017E591EB690A60E6D9B633018E2172F5E9C276167AD748CFB389F6ED34EEEF97D4A3ACAAF54E7F7701340D7A8CA4D00D532DEB973E753323A439A97B4B5127CCC8989891954100040E001D028A8439DEC76FB4C19BDCF196AB224E83C2941E58333828B43A6ABC1EDC9C9C99F56E5B5333333EFCFCACA7A553AE4011111115A6868A8E6E7E7A749279DC2D7908446ADA8A8483B7EFCB876E8D0A13209AA3FCAB43B6362627E51F38D46638804A20F65790D92876A4FDD5FE479CF7DFDF5D765540F0000020FD0E8984CA6AEEA6A6E32DAFF024F5557F5EA979494B4B5B22748275B9F9191919C9E9E3EA64D9B365AAB56AD34BD5E4F915D4402ABF6DB6FBF6952F302A9FD18093DCB63636327CBACB92AC0CAB4F112525752290000FE8B8B16008D4C5A5A5AD6F6EDDBE7474747AB3D04B79FE7A96AF7CC886EDDBA256EDDBAD57AAE274C9A3429453ADF63222323B5B0B030EDBFA701C115547D838383B5A64D9B7A1F3D7A74D4F8F1E37FDAB265CB72999521F31EB1582C5BA9120000041E004202CF7732F03DCF531CD29ADAEDF67E6DDAB459BC77EF5EDBE933D5616CFBF6ED7B42851DD5093F53615EA67628ED232D6BE752ED58FA379A357BBFE61310A679FB0653FC1AF2F5F5D54242427CB2B2B26E9640BAF889279EF85242AC95CA000070368E3D011A2987C3117481A7949FC823C3EBA473FDCF337ED65B9DB3A30E633B57D8293A7148FB75D3BFB482E3BF68765B697953E36A9A9A879A537597FADB6459BC4635000020F000384D6C6C6C954E68775EAA5A859E71F2334F564C575763B35AAD01EA9C9D73399EFE6D79C839939AA6E6A17648E069AED7EBFBAF58B1A22BD5000080C0034098CDE647B4FF3D9CD57EA1DCE31CBE643299FEA046F2F3F327848787577A8182C2DC5F2B7DB1F3CD433537E052FF162D5A1C91E168AA01000081078056BED766810C663A1C8ECF6578EC5CDB01E7A16C676D2FE46793243075B15AAD57AA4B4F57C66E2FBDA879A83E099E81B25C0653090000CECD8B12008D4B626262B60C9EAF786C341ADB1A0C861E32DA5372CE35D279EE2DAD79253FEE2FCFF9E1E8D1A37E51515114D30D3469D224946D390000041E0095484D4D3D2003D53E3E5F0892F18A1014B06EDD3A6DC89021E77955DD45CE4375F9F8F804AA204A25000020F000A879081A2AE16768CF9E3D479FEF9E3B3EFECDB4C292FC4AE7A1F6389703B7180000A0129CC303A0CA21C862B1FC332929694C50D0F9AF681DDAAEBFA637F89C35DDE0EDAF35BFEC468A090000083C003C575078A416D0E2EAB3A63709BD520B0CEB4881000000810780077338345B49C15993CBA79DF30270000000041E001EA0A4E0987660D37B5A41F6BEB3E6A9696A9E7A0E000000810780E77038B4EC033F68E9EBE768053919953E4DCD53CF51CF656F0F00007035AED206A0C6D41E9BC33B969C37E89CCE6E2BD5B2767FAE9D3892A64574BE5DF369D29C2202000097600F0F801ABBD05E9DCA54ECED01000020F000705B6A8F4D7DFC2C0000C08570481B801AEB386816450000006E893D3C00000000083C0000000040E00100000000020F0000000010780000000080C00300000000041E00000000041E0000000020F00000000000810700000000083C0000000040E00100000000020F00000000020F00000000107800000000C0CD795102009E66CB962DDACA952BCF9A7ECD35D76883070F3EEFFCF0F0F05A9FA77E27000020F00040AD58BF7EBD161010A0F5E8D1E3D434ABD5AA2D59B2A43C7C9C6F7E972E5D6A7D1E81070000020F00D4AA8E1D3B6ABD7BF73EF5382727A73C7C5465BE2BE6010000F7C4393C00000000083C0000000040E00100000000020F0000000010780000000080C00300000000041E000000008D02F7E101E091DE7BEF3DED8B2FBE38F5B8B8B8B8CAF35D310F0000107800A05698CD666DE8D0A1674D0F0C0CBCE07C1F1F9F5A9F070000083C00506B828282CA5B4DE6D7F63C0000E09E38870700000000810700000000083C0000000040E00100000000020F0000000010780000000080C00300000080C00300000000041E0000000020F00000000000810700000000083C0000000040E00100000040E00100000000020F0000000010780000000080C00300000000041E0000000020F00000000020F00000000000810700000000083C001A329D4EA7391C0E0AE10664399C90818D4A000040E001504BBCBCBCCA4A4B4B29841B282E2E3E22832C2A010000810740ED059E9CC2C2420AE106F2F3F3F7C9E00095000080C003A096F8F8F87C73FCF8710AE106323333AD0E87E34B2A0100008107402DC9CFCF7F392B2BABCC6EB7538C7A24F5DF979797D743861F510D0000083C006AC9C0810337E9F5FA1F7FFBED378A518FD2D2D2BE93C1C661C3866DA11A0000107800D4A29292923B333232AC79797914A31E1C397264717676F650099E53A9060000953350020017232121217BC284099B8F1E3D3A2A2424C4C7D7D797A2D461D8D9B973E740093B7F8C8989D94045000020F0007081050B16EC19376EDC7FA4033ED2E170588383839BA87BF4C035D4393BDBB76F5F9699993954EA3C69D0A0412BA80A0000E747CF04408DAD5EBDFA4A093CAF4927FCFAB0B0B043111111217E7E7EA1BEBEBE0154A746F28B8A8A8E5AADD6DD12720A727373AF9569EBD5616C313131BF501E0000083C00EAD08A152BBA4A677CB4049F2112802E95616BAA523352C74CA9E34119AE545763E3020500000000000000000000000000000000000000000000000000000000000000000000000000000000000000000000000000000000000000000000000000000000000000000000000000000000000000000000000000000000000000000000000000000000000000000000000000000000000000000000000000000000000000000000000000000000000000000000000000000000000000000000000000000000000000000000000000000000000000000000000000000000000000000000000000000000000000000000000000000000000000000000000000000000000000000000000000000000000000000000EAC4FF03A48BE005FFBE4C910000000049454E44AE426082, 0);
INSERT INTO `ACT_GE_BYTEARRAY` VALUES ('2cde7453-f238-11ed-a88e-005056c00001', 1, 'process/qingjia02.bpmn20.xml', '2cde4d41-f238-11ed-a88e-005056c00001', 0x3C3F786D6C2076657273696F6E3D22312E302220656E636F64696E673D225554462D38223F3E0A3C646566696E6974696F6E7320786D6C6E733D22687474703A2F2F7777772E6F6D672E6F72672F737065632F42504D4E2F32303130303532342F4D4F44454C2220786D6C6E733A7873693D22687474703A2F2F7777772E77332E6F72672F323030312F584D4C536368656D612D696E7374616E63652220786D6C6E733A7873643D22687474703A2F2F7777772E77332E6F72672F323030312F584D4C536368656D612220786D6C6E733A61637469766974693D22687474703A2F2F61637469766974692E6F72672F62706D6E2220786D6C6E733A62706D6E64693D22687474703A2F2F7777772E6F6D672E6F72672F737065632F42504D4E2F32303130303532342F44492220786D6C6E733A6F6D6764633D22687474703A2F2F7777772E6F6D672E6F72672F737065632F44442F32303130303532342F44432220786D6C6E733A6F6D6764693D22687474703A2F2F7777772E6F6D672E6F72672F737065632F44442F32303130303532342F44492220747970654C616E67756167653D22687474703A2F2F7777772E77332E6F72672F323030312F584D4C536368656D61222065787072657373696F6E4C616E67756167653D22687474703A2F2F7777772E77332E6F72672F313939392F585061746822207461726765744E616D6573706163653D22687474703A2F2F7777772E61637469766974692E6F72672F70726F63657373646566223E0A20203C70726F636573732069643D2271696E676A696130322220697345786563757461626C653D2274727565223E0A202020203C73746172744576656E742069643D227369642D43463932424434302D363537432D343442452D394245332D333931423743423637453646223E3C2F73746172744576656E743E0A202020203C706172616C6C656C476174657761792069643D227369642D39303941374645322D373736312D343346412D393741362D373935393939333631434635223E3C2F706172616C6C656C476174657761793E0A202020203C706172616C6C656C476174657761792069643D227369642D34463635343839422D423431412D343635322D384531412D423741443445343438463643223E3C2F706172616C6C656C476174657761793E0A202020203C757365725461736B2069643D227369642D30353939443732372D334439422D343932452D384241352D38394235453631393846314122206E616D653D22E983A8E997A8E7BB8FE79086E5AEA1E689B9222061637469766974693A61737369676E65653D2277616E6735223E3C2F757365725461736B3E0A202020203C757365725461736B2069643D227369642D32413545423846342D393445302D343330432D424636322D38463439353043324146463622206E616D653D22E680BBE7BB8FE79086E5AEA1E689B9222061637469766974693A61737369676E65653D22676F757761223E3C2F757365725461736B3E0A202020203C656E644576656E742069643D227369642D37434630363637372D304536342D344345362D393730362D333432363346374336454333223E3C2F656E644576656E743E0A202020203C73657175656E6365466C6F772069643D227369642D44383635393444352D414336372D344444422D423941452D3443383644413143304134342220736F757263655265663D227369642D43463932424434302D363537432D343442452D394245332D33393142374342363745364622207461726765745265663D227369642D39303941374645322D373736312D343346412D393741362D373935393939333631434635223E3C2F73657175656E6365466C6F773E0A202020203C73657175656E6365466C6F772069643D227369642D41323944414534342D383644372D343132322D423942302D4238464433313444353232362220736F757263655265663D227369642D39303941374645322D373736312D343346412D393741362D37393539393933363143463522207461726765745265663D227369642D30353939443732372D334439422D343932452D384241352D383942354536313938463141223E3C2F73657175656E6365466C6F773E0A202020203C73657175656E6365466C6F772069643D227369642D45393932313831332D343645372D343534312D423138462D4545453035394536463833422220736F757263655265663D227369642D39303941374645322D373736312D343346412D393741362D37393539393933363143463522207461726765745265663D227369642D32413545423846342D393445302D343330432D424636322D384634393530433241464636223E3C2F73657175656E6365466C6F773E0A202020203C73657175656E6365466C6F772069643D227369642D30414639453244432D324538322D343432462D393742432D3243393635453238313941452220736F757263655265663D227369642D30353939443732372D334439422D343932452D384241352D38394235453631393846314122207461726765745265663D227369642D34463635343839422D423431412D343635322D384531412D423741443445343438463643223E3C2F73657175656E6365466C6F773E0A202020203C73657175656E6365466C6F772069643D227369642D32373433364333442D393436342D343635432D394636392D3739313335464345354338312220736F757263655265663D227369642D32413545423846342D393445302D343330432D424636322D38463439353043324146463622207461726765745265663D227369642D34463635343839422D423431412D343635322D384531412D423741443445343438463643223E3C2F73657175656E6365466C6F773E0A202020203C757365725461736B2069643D227369642D35324542413630452D344339452D343234442D413930372D30354136374535354433394522206E616D653D22E4BABAE4BA8BE5A487E6A188222061637469766974693A61737369676E65653D227869616F6C69223E3C2F757365725461736B3E0A202020203C73657175656E6365466C6F772069643D227369642D30353342343632422D313531442D343942372D424542312D4541373642314546424435392220736F757263655265663D227369642D34463635343839422D423431412D343635322D384531412D42374144344534343846364322207461726765745265663D227369642D35324542413630452D344339452D343234442D413930372D303541363745353544333945223E3C2F73657175656E6365466C6F773E0A202020203C73657175656E6365466C6F772069643D227369642D30363741434330392D363346412D343531372D394335432D3741413941433142463034372220736F757263655265663D227369642D35324542413630452D344339452D343234442D413930372D30354136374535354433394522207461726765745265663D227369642D37434630363637372D304536342D344345362D393730362D333432363346374336454333223E3C2F73657175656E6365466C6F773E0A20203C2F70726F636573733E0A20203C62706D6E64693A42504D4E4469616772616D2069643D2242504D4E4469616772616D5F71696E676A69613032223E0A202020203C62706D6E64693A42504D4E506C616E652062706D6E456C656D656E743D2271696E676A69613032222069643D2242504D4E506C616E655F71696E676A69613032223E0A2020202020203C62706D6E64693A42504D4E53686170652062706D6E456C656D656E743D227369642D43463932424434302D363537432D343442452D394245332D333931423743423637453646222069643D2242504D4E53686170655F7369642D43463932424434302D363537432D343442452D394245332D333931423743423637453646223E0A20202020202020203C6F6D6764633A426F756E6473206865696768743D2233302E30222077696474683D2232392E3939393939393939393939393939332220783D2234342E39393939393933323934343737352220793D223136312E39393939393032363935343231223E3C2F6F6D6764633A426F756E64733E0A2020202020203C2F62706D6E64693A42504D4E53686170653E0A2020202020203C62706D6E64693A42504D4E53686170652062706D6E456C656D656E743D227369642D39303941374645322D373736312D343346412D393741362D373935393939333631434635222069643D2242504D4E53686170655F7369642D39303941374645322D373736312D343346412D393741362D373935393939333631434635223E0A20202020202020203C6F6D6764633A426F756E6473206865696768743D2234302E30222077696474683D2234302E302220783D223134392E39393939393737363438323538352220793D223135362E3939393939303334343034373932223E3C2F6F6D6764633A426F756E64733E0A2020202020203C2F62706D6E64693A42504D4E53686170653E0A2020202020203C62706D6E64693A42504D4E53686170652062706D6E456C656D656E743D227369642D34463635343839422D423431412D343635322D384531412D423741443445343438463643222069643D2242504D4E53686170655F7369642D34463635343839422D423431412D343635322D384531412D423741443445343438463643223E0A20202020202020203C6F6D6764633A426F756E6473206865696768743D2234302E30222077696474683D2234302E302220783D223431392E393939393933373431353132342220793D223135362E3939393939303334343034373932223E3C2F6F6D6764633A426F756E64733E0A2020202020203C2F62706D6E64693A42504D4E53686170653E0A2020202020203C62706D6E64693A42504D4E53686170652062706D6E456C656D656E743D227369642D30353939443732372D334439422D343932452D384241352D383942354536313938463141222069643D2242504D4E53686170655F7369642D30353939443732372D334439422D343932452D384241352D383942354536313938463141223E0A20202020202020203C6F6D6764633A426F756E6473206865696768743D2238302E30222077696474683D223130302E302220783D223236392E39393939393539373636383635332220793D2234342E3939393939393332393434373735223E3C2F6F6D6764633A426F756E64733E0A2020202020203C2F62706D6E64693A42504D4E53686170653E0A2020202020203C62706D6E64693A42504D4E53686170652062706D6E456C656D656E743D227369642D32413545423846342D393445302D343330432D424636322D384634393530433241464636222069643D2242504D4E53686170655F7369642D32413545423846342D393445302D343330432D424636322D384634393530433241464636223E0A20202020202020203C6F6D6764633A426F756E6473206865696768743D2238302E30222077696474683D223130302E302220783D223236392E393939393931393533333733312220793D223232342E3939393939333239343437373633223E3C2F6F6D6764633A426F756E64733E0A2020202020203C2F62706D6E64693A42504D4E53686170653E0A2020202020203C62706D6E64693A42504D4E53686170652062706D6E456C656D656E743D227369642D37434630363637372D304536342D344345362D393730362D333432363346374336454333222069643D2242504D4E53686170655F7369642D37434630363637372D304536342D344345362D393730362D333432363346374336454333223E0A20202020202020203C6F6D6764633A426F756E6473206865696768743D2232382E30222077696474683D2232382E302220783D223734392E393939393838383234313239322220793D223136322E39393939383739313531353838223E3C2F6F6D6764633A426F756E64733E0A2020202020203C2F62706D6E64693A42504D4E53686170653E0A2020202020203C62706D6E64693A42504D4E53686170652062706D6E456C656D656E743D227369642D35324542413630452D344339452D343234442D413930372D303541363745353544333945222069643D2242504D4E53686170655F7369642D35324542413630452D344339452D343234442D413930372D303541363745353544333945223E0A20202020202020203C6F6D6764633A426F756E6473206865696768743D2238302E30222077696474683D223130302E302220783D223535342E393939393833343539373131342220793D223133362E393939393838333032353839223E3C2F6F6D6764633A426F756E64733E0A2020202020203C2F62706D6E64693A42504D4E53686170653E0A2020202020203C62706D6E64693A42504D4E456467652062706D6E456C656D656E743D227369642D30363741434330392D363346412D343531372D394335432D374141394143314246303437222069643D2242504D4E456467655F7369642D30363741434330392D363346412D343531372D394335432D374141394143314246303437223E0A20202020202020203C6F6D6764693A776179706F696E7420783D223635342E393939393833343539373131342220793D223137362E3939393938383138303735353632223E3C2F6F6D6764693A776179706F696E743E0A20202020202020203C6F6D6764693A776179706F696E7420783D223734392E393939393838383234313239322220793D223137362E3939393938373934393237323137223E3C2F6F6D6764693A776179706F696E743E0A2020202020203C2F62706D6E64693A42504D4E456467653E0A2020202020203C62706D6E64693A42504D4E456467652062706D6E456C656D656E743D227369642D45393932313831332D343645372D343534312D423138462D454545303539453646383342222069643D2242504D4E456467655F7369642D45393932313831332D343645372D343534312D423138462D454545303539453646383342223E0A20202020202020203C6F6D6764693A776179706F696E7420783D223138322E34383532323935313131323239382220793D223138342E3531343735383539373735303738223E3C2F6F6D6764693A776179706F696E743E0A20202020202020203C6F6D6764693A776179706F696E7420783D223236392E393939393931393533333733312220793D223233352E3733353737373132333331333134223E3C2F6F6D6764693A776179706F696E743E0A2020202020203C2F62706D6E64693A42504D4E456467653E0A2020202020203C62706D6E64693A42504D4E456467652062706D6E456C656D656E743D227369642D30353342343632422D313531442D343942372D424542312D454137364231454642443539222069643D2242504D4E456467655F7369642D30353342343632422D313531442D343942372D424542312D454137364231454642443539223E0A20202020202020203C6F6D6764693A776179706F696E7420783D223435392E35353739323038313136343339352220793D223137372E34343230363332373339313634223E3C2F6F6D6764693A776179706F696E743E0A20202020202020203C6F6D6764693A776179706F696E7420783D223535342E393939393833343539373131342220793D223137372E3135313936343631363438323834223E3C2F6F6D6764693A776179706F696E743E0A2020202020203C2F62706D6E64693A42504D4E456467653E0A2020202020203C62706D6E64693A42504D4E456467652062706D6E456C656D656E743D227369642D32373433364333442D393436342D343635432D394636392D373931333546434535433831222069643D2242504D4E456467655F7369642D32373433364333442D393436342D343635432D394636392D373931333546434535433831223E0A20202020202020203C6F6D6764693A776179706F696E7420783D223336392E393939393931393533333733312220793D223232382E3333333332353934343834313136223E3C2F6F6D6764693A776179706F696E743E0A20202020202020203C6F6D6764693A776179706F696E7420783D223432382E343631353332323933393738382220793D223138352E34363135323838393635313433223E3C2F6F6D6764693A776179706F696E743E0A2020202020203C2F62706D6E64693A42504D4E456467653E0A2020202020203C62706D6E64693A42504D4E456467652062706D6E456C656D656E743D227369642D44383635393444352D414336372D344444422D423941452D344338364441314330413434222069643D2242504D4E456467655F7369642D44383635393444352D414336372D344444422D423941452D344338364441314330413434223E0A20202020202020203C6F6D6764693A776179706F696E7420783D2237342E39393939393933323934343737352220793D223137362E393939393930323739373032223E3C2F6F6D6764693A776179706F696E743E0A20202020202020203C6F6D6764693A776179706F696E7420783D223134392E39393939393737373833373233352220793D223137362E3939393939303333303530313432223E3C2F6F6D6764693A776179706F696E743E0A2020202020203C2F62706D6E64693A42504D4E456467653E0A2020202020203C62706D6E64693A42504D4E456467652062706D6E456C656D656E743D227369642D41323944414534342D383644372D343132322D423942302D423846443331344435323236222069643D2242504D4E456467655F7369642D41323944414534342D383644372D343132322D423942302D423846443331344435323236223E0A20202020202020203C6F6D6764693A776179706F696E7420783D223138322E3835353337303036373931382220793D223136392E3835353336323634373134303035223E3C2F6F6D6764693A776179706F696E743E0A20202020202020203C6F6D6764693A776179706F696E7420783D223236392E39393939393539373636383635332220793D223131352E39333634353135343338323033223E3C2F6F6D6764693A776179706F696E743E0A2020202020203C2F62706D6E64693A42504D4E456467653E0A2020202020203C62706D6E64693A42504D4E456467652062706D6E456C656D656E743D227369642D30414639453244432D324538322D343432462D393742432D324339363545323831394145222069643D2242504D4E456467655F7369642D30414639453244432D324538322D343432462D393742432D324339363545323831394145223E0A20202020202020203C6F6D6764693A776179706F696E7420783D223336392E39393939393539373636383635332220793D223132332E3333333332393633323837383339223E3C2F6F6D6764693A776179706F696E743E0A20202020202020203C6F6D6764693A776179706F696E7420783D223432382E363739323338363336323230352220793D223136382E3332303734353434393333393832223E3C2F6F6D6764693A776179706F696E743E0A2020202020203C2F62706D6E64693A42504D4E456467653E0A202020203C2F62706D6E64693A42504D4E506C616E653E0A20203C2F62706D6E64693A42504D4E4469616772616D3E0A3C2F646566696E6974696F6E733E, 0);
INSERT INTO `ACT_GE_BYTEARRAY` VALUES ('3bb111fd-f149-11ed-8741-005056c00001', 1, 'process/jiaban.bpmn20 (1).xml', '3bb0eaec-f149-11ed-8741-005056c00001', 0x3C3F786D6C2076657273696F6E3D22312E302220656E636F64696E673D225554462D38223F3E0A3C646566696E6974696F6E7320786D6C6E733D22687474703A2F2F7777772E6F6D672E6F72672F737065632F42504D4E2F32303130303532342F4D4F44454C2220786D6C6E733A7873693D22687474703A2F2F7777772E77332E6F72672F323030312F584D4C536368656D612D696E7374616E63652220786D6C6E733A7873643D22687474703A2F2F7777772E77332E6F72672F323030312F584D4C536368656D612220786D6C6E733A61637469766974693D22687474703A2F2F61637469766974692E6F72672F62706D6E2220786D6C6E733A62706D6E64693D22687474703A2F2F7777772E6F6D672E6F72672F737065632F42504D4E2F32303130303532342F44492220786D6C6E733A6F6D6764633D22687474703A2F2F7777772E6F6D672E6F72672F737065632F44442F32303130303532342F44432220786D6C6E733A6F6D6764693D22687474703A2F2F7777772E6F6D672E6F72672F737065632F44442F32303130303532342F44492220747970654C616E67756167653D22687474703A2F2F7777772E77332E6F72672F323030312F584D4C536368656D61222065787072657373696F6E4C616E67756167653D22687474703A2F2F7777772E77332E6F72672F313939392F585061746822207461726765744E616D6573706163653D22687474703A2F2F7777772E61637469766974692E6F72672F70726F63657373646566223E0A20203C70726F636573732069643D226A696162616E2220697345786563757461626C653D2274727565223E0A202020203C73746172744576656E742069643D227369642D30434642433242322D314437422D344637312D423835302D303838444636383238444132223E3C2F73746172744576656E743E0A202020203C757365725461736B2069643D227369642D44333334363643322D303943372D344238332D393339352D36324237354238313530433922206E616D653D22E7BB8FE79086E5AEA1E689B9222061637469766974693A61737369676E65653D22247B757365724265616E2E676574557365726E616D652831297D223E3C2F757365725461736B3E0A202020203C757365725461736B2069643D227369642D33464534394534332D394330342D343441372D413946352D37303031433542423741424122206E616D653D22E4BABAE4BA8BE5AEA1E689B9222061637469766974693A61737369676E65653D22247B757365724265616E2E676574557365726E616D652832297D223E3C2F757365725461736B3E0A202020203C656E644576656E742069643D227369642D38453833463643362D324342342D343037362D384639312D433631383431454639323732223E3C2F656E644576656E743E0A202020203C73657175656E6365466C6F772069643D227369642D38464434454432372D374433352D343939442D424141432D3046324532384135314530452220736F757263655265663D227369642D30434642433242322D314437422D344637312D423835302D30383844463638323844413222207461726765745265663D227369642D44333334363643322D303943372D344238332D393339352D363242373542383135304339223E3C2F73657175656E6365466C6F773E0A202020203C73657175656E6365466C6F772069643D227369642D42363739324343432D363132382D343430362D383233342D4132343535344637343239432220736F757263655265663D227369642D44333334363643322D303943372D344238332D393339352D36324237354238313530433922207461726765745265663D227369642D33464534394534332D394330342D343441372D413946352D373030314335424237414241223E3C2F73657175656E6365466C6F773E0A202020203C73657175656E6365466C6F772069643D227369642D35383439324145452D364443382D344439442D423635332D4544464339423941393531342220736F757263655265663D227369642D33464534394534332D394330342D343441372D413946352D37303031433542423741424122207461726765745265663D227369642D38453833463643362D324342342D343037362D384639312D433631383431454639323732223E3C2F73657175656E6365466C6F773E0A20203C2F70726F636573733E0A20203C62706D6E64693A42504D4E4469616772616D2069643D2242504D4E4469616772616D5F6A696162616E223E0A202020203C62706D6E64693A42504D4E506C616E652062706D6E456C656D656E743D226A696162616E222069643D2242504D4E506C616E655F6A696162616E223E0A2020202020203C62706D6E64693A42504D4E53686170652062706D6E456C656D656E743D227369642D30434642433242322D314437422D344637312D423835302D303838444636383238444132222069643D2242504D4E53686170655F7369642D30434642433242322D314437422D344637312D423835302D303838444636383238444132223E0A20202020202020203C6F6D6764633A426F756E6473206865696768743D2233302E30222077696474683D2233302E302220783D223132312E31393939373936353939313532372220793D223135352E3939393939373435313930313436223E3C2F6F6D6764633A426F756E64733E0A2020202020203C2F62706D6E64693A42504D4E53686170653E0A2020202020203C62706D6E64693A42504D4E53686170652062706D6E456C656D656E743D227369642D44333334363643322D303943372D344238332D393339352D363242373542383135304339222069643D2242504D4E53686170655F7369642D44333334363643322D303943372D344238332D393339352D363242373542383135304339223E0A20202020202020203C6F6D6764633A426F756E6473206865696768743D2238302E30222077696474683D223130302E302220783D223332392E39393939393530383236313638362220793D223130342E39393939393834333533373831223E3C2F6F6D6764633A426F756E64733E0A2020202020203C2F62706D6E64693A42504D4E53686170653E0A2020202020203C62706D6E64693A42504D4E53686170652062706D6E456C656D656E743D227369642D33464534394534332D394330342D343441372D413946352D373030314335424237414241222069643D2242504D4E53686170655F7369642D33464534394534332D394330342D343441372D413946352D373030314335424237414241223E0A20202020202020203C6F6D6764633A426F756E6473206865696768743D2237392E3939393939393939393939393939222077696474683D223130302E302220783D223634342E393939393830373737353032352220793D223130342E3939393939363837303735363232223E3C2F6F6D6764633A426F756E64733E0A2020202020203C2F62706D6E64693A42504D4E53686170653E0A2020202020203C62706D6E64693A42504D4E53686170652062706D6E456C656D656E743D227369642D38453833463643362D324342342D343037362D384639312D433631383431454639323732222069643D2242504D4E53686170655F7369642D38453833463643362D324342342D343037362D384639312D433631383431454639323732223E0A20202020202020203C6F6D6764633A426F756E6473206865696768743D2232382E30222077696474683D2232382E302220783D22313030342E393939393835303234333333322220793D223135362E39393939393132303833313532223E3C2F6F6D6764633A426F756E64733E0A2020202020203C2F62706D6E64693A42504D4E53686170653E0A2020202020203C62706D6E64693A42504D4E456467652062706D6E456C656D656E743D227369642D38464434454432372D374433352D343939442D424141432D304632453238413531453045222069643D2242504D4E456467655F7369642D38464434454432372D374433352D343939442D424141432D304632453238413531453045223E0A20202020202020203C6F6D6764693A776179706F696E7420783D223135312E31393939373936353939313532372220793D223137302E3939393939373435313930313436223E3C2F6F6D6764693A776179706F696E743E0A20202020202020203C6F6D6764693A776179706F696E7420783D223234302E35393939383733373132363630382220793D223137302E3939393939373435313930313436223E3C2F6F6D6764693A776179706F696E743E0A20202020202020203C6F6D6764693A776179706F696E7420783D223234302E35393939383733373132363630382220793D223134342E39393939393834333533373831223E3C2F6F6D6764693A776179706F696E743E0A20202020202020203C6F6D6764693A776179706F696E7420783D223332392E39393939393530383236313638362220793D223134342E39393939393834333533373831223E3C2F6F6D6764693A776179706F696E743E0A2020202020203C2F62706D6E64693A42504D4E456467653E0A2020202020203C62706D6E64693A42504D4E456467652062706D6E456C656D656E743D227369642D42363739324343432D363132382D343430362D383233342D413234353534463734323943222069643D2242504D4E456467655F7369642D42363739324343432D363132382D343430362D383233342D413234353534463734323943223E0A20202020202020203C6F6D6764693A776179706F696E7420783D223432392E39393939393530383236313638362220793D223134342E3939393939383138373032353433223E3C2F6F6D6764693A776179706F696E743E0A20202020202020203C6F6D6764693A776179706F696E7420783D223634342E393939393830373737353032352220793D223134342E39393939393731313931303839223E3C2F6F6D6764693A776179706F696E743E0A2020202020203C2F62706D6E64693A42504D4E456467653E0A2020202020203C62706D6E64693A42504D4E456467652062706D6E456C656D656E743D227369642D35383439324145452D364443382D344439442D423635332D454446433942394139353134222069643D2242504D4E456467655F7369642D35383439324145452D364443382D344439442D423635332D454446433942394139353134223E0A20202020202020203C6F6D6764693A776179706F696E7420783D223734342E393939393830373737353032352220793D223134342E39393939393638373037353632223E3C2F6F6D6764693A776179706F696E743E0A20202020202020203C6F6D6764693A776179706F696E7420783D223838322E343939393832363737343030352220793D223134342E39393939393638373037353632223E3C2F6F6D6764693A776179706F696E743E0A20202020202020203C6F6D6764693A776179706F696E7420783D223838322E343939393832363737343030352220793D223137302E39393939393132303833313532223E3C2F6F6D6764693A776179706F696E743E0A20202020202020203C6F6D6764693A776179706F696E7420783D22313030342E393939393835303234333333322220793D223137302E39393939393132303833313532223E3C2F6F6D6764693A776179706F696E743E0A2020202020203C2F62706D6E64693A42504D4E456467653E0A202020203C2F62706D6E64693A42504D4E506C616E653E0A20203C2F62706D6E64693A42504D4E4469616772616D3E0A3C2F646566696E6974696F6E733E, 0);
INSERT INTO `ACT_GE_BYTEARRAY` VALUES ('3bb1390e-f149-11ed-8741-005056c00001', 1, 'process/myfilename-20230513033723448.png', '3bb0eaec-f149-11ed-8741-005056c00001', 0x89504E470D0A1A0A0000000D494844520000043B000000EC08060000007AC7ADA6000000206348524D00007A26000080840000FA00000080E8000075300000EA6000003A98000017709CBA513C0000000467414D410000B18E7CFB5193000000017352474200AECE1CE900000006624B474400FF00FF00FFA0BDA793000000097048597300000EC400000EC401952B0E1B000014E24944415478DAEDDD7B7055F59D00F073EFCD0B0191675161ABB0ADF8AA5A5BB45557051F58D7D55A82C94C579CD6B1DD6DA70F44DD19DD5556AB8ECAFEB1E34E5BC7DD3AD6154840775AA7222BBEBA5AA5017534AEB80A4151446C8292040849EEFE7E9984CDF20EC945EEBD9FCFCC997338E7DEDF09DFDCDFF7FE7EDF9C7B4F9200000000000000000000000000000000000000000000000000000000000000000000000000000000000000000000000000000000000000000000000000000000000000000000000000000000000000000000000000000000000000000000000000000000000000000000000000000000000000000000000000000000000000000000000000000000000000000000000000000000000000000000000000000000000000000000000000000000000000000000000000000000000000000000000000000000000000000000000000000000000000000000000000000000000000000000000000000000000000000000000000000000000000000000000000000000000000000000000000000000000000000000000000000000000000000000000000000000000000000000000000000000000000000000000000000000000000000000000000000000000000000000000000000000000000000000000000000000000000000000000000000000000000000000000000000000000000000000000000000000000000000000000000000000000000000000000000000000000000000000000000000000000000000000000000000000000000000007544A0800FA2E9BCD96AE5EBDFAC7CDCDCD57B6B4B47CA1ADADAD3C2C726A3F959696B69794946C2C2B2B7B36C4F68E2953A62C171590EBE43A00FACA9B15401FAD5DBBF66FD6AF5F7F7718A00E1E3B766C3262C488A4A2A222098356C1E9A730894AB66CD99234363626EBD6AD6BCF64327561DFB7A74E9DFA8EE8805C27D701B0AF143B00F651369B4DAF59B366414343C3F4F1E3C727471C7144924EA70526473A3B3B930F3EF82009316F0DB19F1E26018F8B0AC875721D00FBC23B17C03E8A83FFB04C3FFEF8E39371E3C619FCE7FA0D2AC437C6F9C4134F3C246CD72E5DBAF4225101B94EAE03605F64840060EFE2E5DCAB56ADBA2E0EFE0F3DF4D09D8E6FFE746DB2AE7E51B2FECDDF247F6A783669695A9D940D1E9D94961F2A78FD545E5E9E0C1B36AC6CFDFAF517CF9C3973E1830F3ED8242A20D7C97500EC89523DC05EC42FE88B9F5B8F9773EF6AF0BF65D3BAE4BDE5FF9AB436BE9374766CEB5AE276DC178FD17F31EE21FE1DE177718F68805C27D701B0378A1D007B11EF44D0D2D232387E6E7D571A1B9EEB1AF4EF28EE8BC71818610230329D4E9FB978F1E2934403E43AB90E803D51EC00D88BE6E6E69963C68CD9EDE7D6377FF2DE6E9FBBA763F4F10D2BC47FD4A8511F85F5B74403E43AB90E803DE6532100D8B396969689F1968BBBD3D9B96DBF8ED17761223624954A9D2F1220D7C97500EC49891000EC595B5B5BC5A0418304E22070C821878CF0DE05729D5C07C0DE48A2007BB16DDBB6546969E91E1E91DACF63F4555959D990B0321B03B94EAE03608F7C8C05602FB2D96C924AED7E205F3668F87E1DA3EFBA7F0F6E9B0E729D5C07C01E297600F4D388CF9F99A433653BEDCF940E4A461E75B60001721D001C608A1D00FD3474CCF1C9E0515FDC69FF2123262643464F122040AE0380034CB103A0BFB2D9A4A3AD75A7DD5DFBC23100B90E000E2CC50E807E686BFD53F2EEF2FB93D6A6553B1D8BFBE2B1F81800B90E000E1CC50E80FD91CD264DEFBE9034BC746FD2BA71CD6E1F168FC5C7C4C7FACB2720D701C081E1D6B3007D14FF7AF9E11B8FEC71E0DF5B67C7B664FD5BBF4B367D549F8C3DEEF2A4EC90918208C875009043AEEC00E8A3BDFD8573777AFEF20920D701406E297600F451FCEBE567F15C00B90E00F68D8FB100F4D1A4F36E130440AE038083982B3B0000008082A2D8010000001414C50E000000A0A02876000000000545B10300000028288A1D000000404151EC000000000A8A62070000005050143B0000008082A2D8010000001414C50E000000A0A02876000000000545B10300000028288A1D40C1ABAEAEBE362C5F130940AE0380E250220440A1CB66B3F7C4755555D52761F5682A95BA6FDEBC797F1019A040735D5358D5865CF7805C0740B152EC008AC9B0B05C15260457E573E1E3D5575F4D962C59B2D3FE934F3E39193366CC801F3BFFFCF3BD7220BF0C0FCB3521D75D93CF850FB90E80FE50EC008A55DE163E5E7AE9A564F0E0C1C9A9A79EBA7D5F4B4B4BF2C8238F245FFAD29706FC980900E4B5BC2D7CC87500F4876207401E163E264D9A949C76DA69DBFFBD71E3C6AEC17AAE8E010521EF0A1F721D00FB4BB103F2546565E588929292EF85416B99680CA8ED858FEAEAEA2D615DBF69D326513948343737775DDA1E266A378B06F44BEFC2C7E6B0FD9A5C27D7915F52A9545B7B7BFB2F6B6B6B1B450376A6D801792A9D4EC741EAED22913B21BE156175EAB265CB928B2FBE58400E02CF3FFF7C52575717376F110D183083C23259AE93EBC8BB714A1C0F66C3E69DA2013B53EC803C954AA5CABB379FE95ED8BD7D1D2C768425D3EBDFF1232DAF4D9E3CF94C213C389C71C619C95B6FBD1527012600B0FFB9AE7D8731A05C27D7917FCE894BAFF120B003C50EC87FCFCC9F3F7F8E30EC5E5555D56E078B6190B02D9BCD9676FF33163ADE0DFB1686F5C29ECFB17FF7BBDFCD8AE2C161C89021C949279D94CC9E3DDB6B1EFA90EB82AD6129EF35FE93EBE43AF2BBBFC7D5392201BBA7D801149DDE058EEEF54E837E8002D0BBC0512ED701504C143B80A2900DC2203FD5BDADC001147CAE4B14380028628A1D4051E81EFC1BF403721D001401C50EA01806FFB3C3EA85421AF4DF7FFFFDC9134F3CB1FDDF5BB76ECDE93140AE93EB00C8278A1D40C10B03FFB985F4FFA9AEAE4E2EBCF0C29DF6C72FB42B2B2B1BF063805C27D701906F143B00F2CCD0A143BB963D1D1FE86300721D00F9242D040000004021716507000000E4B1CACACA233399CC25D96CF61BA9546A6CD8757858C685656D58D685FD1F86FDBFEBE8E8F86D6D6DEDFBC51013C50EB67BE28927A6AC5DBBF6C7EFBDF7DED75A5B5B876CDAB4A9BCA9A9297DD86187B50F1932647359595953D8FE6D6363E33FDD79E79DAB440C0000E0B33363C68C73D3E9F49CB07956FCF7FFDD7D7CBB58F018D7BDFF924C26F3F3AAAAAADF777676DE5C5353F37421C746B1A3C865B3D9D4A2458B6E7DF9E59767D5D6D60EFAF297BF9C4C9B362D193D7A7472D861872523468C481A1B1B4B366EDC3874C3860D4357AC58F183952B57FEEDAC59B3D6959494FCE0AEBBEEFA0F510400003870AEB8E28A89A954EADEB0396D3F9E7E563A9D7EAAAAAA6A71980FFE70C18205EF14628C143B8AD8E38F3FFECD3973E63CB071E3C643436749264F9E9C8417FD4E8F8B058FB84C98302139EDB4D392CECECED4B265CB8E983F7FFEA29FFEF4A7FFB361C386BF7CE8A187DE1651000080DC9A3163C679A954AA266C0EEFD9575A5A9A1C77DC715D73BAA38E3AAAF71FAE9330DF4B1A1A1A9230874BEAEBEBB3EDEDED3D977F4C0BEDFC31B437A3A6A6E6C9428B936247910A2FE63B1E7DF4D11B2EBBECB2D405175C906432997D7E6E2C889C7EFAE9C957BFFAD5F492254B8E59B468D1EBDFFFFEF7A7FFE217BF784C6401000072A3AAAAEA3B61F5CB9EB97C9CC79D73CE39C9F4E9D3BB0A1C3BEAFD87EB2953A6C4C2476AE1C285C9D34F3F9D8D7FC40E0F191EE6778F8776BF377FFEFC7F2BA458B91B4B117AE081076AC38BFBEF66CD9A95BAE8A28BFA54E8E82D3E2F3EFFBAEBAE2B0F1DE5916BAEB9E607A20B000030F0E2151D49AF42C7A851A392DB6EBB2DB9FAEAAB7759E8D895F8B8F8F89FFDEC67A99123477676EF8EEDFDB2BBFD82A1D851641E7EF8E1392FBEF8E2F45B6EB92539E6986306A4CDD8CEADB7DE5ADAD9D939B7BABAFA7C5106000018389595957F9E4EA71724DD858E891327C68245D74756F6477CDEEDB7DF9E9E306142B67B57496C3F9EA75062A6D851446A6A6AA63DFBECB37FFF939FFC24193366CC80B61DDB9B3D7B76794545C5A385D4410000003E6B994CE69FC36A44DC8E57745C7FFDF5C9A1871EDAAF36E3F36FB8E186DE57788CE83E4F4150EC2822AFBDF6DA83975E7A696AA0AEE8D8516C77FAF4E91543860CB95FB4010000FA2FDE5E36AC2E8ADBF1AB04AEBDF6DA7E173A7AC47666CF9E9D0E7AAEF0B8A8FB7C794FB1A3483CF0C003D76EDAB46974FC32D25CBAF0C20B33151515A7164A07010000E88FEAEAEA6BC3F2B5FD9EB4A7D3FFD8B31DBF8C747F3FBAB23BB1BD73CF3D37B5ABF3E533C58E22F1C61B6FDC186F2FBBBF5F46BAAF62FB575E79E5E08A8A8ABB441D00002876D96CF69EB0BC505555B5A6BABA7A6E5F0A1F9595954786D519713BDE5E36DE75251762BB2525253D57779CD17DDEBCA6D85104EEB9E79E494D4D4DC3E33D970F84709E58153CB6103A080000C00088DF8BF167D96C76565F0A1FE974FAAFC2AAEBAA8BE38F3F7E9FEFBAD257B1DD134E38A1E7EA8E54F779F35A89D75CE1CB6432D79D72CA29B1A31C90F3C5F39C78E2899BEAEAEA6207F9B9DF00000050E4BA2663A954EAD3B8CE66B35D858FB039ABAAAAEADDB07F61D85E386FDEBC3FF47E52D8BFFD6E975FF9CA5772FA03C6F65F79E595DEE7CDEBB99C624711D8B061C359975C72C9013DE7D7BFFEF561CB972FCFFB0E0200003050B2D9ECF66F16DDC7C2C7F89EC74F983021A73FDB0EED8FCFF7582B761481D6D6D6919FFBDCE70EE8390F3FFCF041E974FAF3A20F000039734E981C8B429EEA5DF808B676AF7B173E3E09EB413D0FC8D5475876D3FE11F91E5FC58E22D0D2D23238D71D6347F1CB73822F860E7AB3DF40EEDEDC840000A02827C95B53A954CF78D098B03094EF62DFB0DEFF183A74684E7F801DDA1F99EF0155EC28029B376F2ECD75C7D851FCAC576767E790B0798BDF40EEDFEC440100A0788471F67D252525A9300E2C138DBCB0BF73A2E6B094752FC9A64D9B92E1C387E7EC878CEDF7F2A77C0FBA624711A8A8A8D81A5EB88372D9317674F2C927270F3FFCF0A69080E7FA0DE44E2A956AEBE8E8B84F2400008A476D6D6D6358DD2112F9A1AAAAEA963E3CFCC330C67F38E9FECE8EF0DC3F86EDAE6F26DDB871634E8B1DB1FD5E3EC8F7B82B7614818A8A8A4FC20BF780163BDADADA5AB3D9ECCAF9F3E7CFF11B000000D8ADFF57E0D8E1D87B4977B163D5AA55C9D1471F9DB31F22B6BFC379F39A624711C86432EFAD5FBF7E6C2E3BC68E560785D04100000072604F058EEDB2D9EC7F86C77D336ED7D5D52553A74ECDD90F14DBEF7DDE7C0FB0624711686D6D9DBF62C58A534F3FFDF4F4813AE7534F3DD552081D04A2F80560E1F59C747F11189FA1F07B881F263D442440AE93EB803CB44F058EDE3A3B3B7F93C964FE25A6E9FAFAFAAE8F9AE4E2E613B1DDD87E4F1A8AE7CDF7602B761481F0C25D505757774778C196A5D3B9AF7784F3641B1A1ABE50081D04BA12654949FBB66DDB4ACACA7C07D8676DEBD6AD1F25BD6EC106C875721D70B04BA552B3C3EA857D2D70F4565B5BFB7E5555D5F361F3CC90A393850B1726575F7DF580FF8CB1DDD87EB7E7E379F33DEE692FBDC2175FA8994CE6AD65CB961D90F32D59B2E4C5CECECEFA42E820D03D01D8B879F366813808343737C70F93BE2B1220D7C97540BE98376FDEDCFD2974F40873AB7FE8D97EE699679286868601FDF9627BB1DD5D9D2F9F297614894F3FFDF447BFFEF5AF5B3B3A3A727A9ED07EDB430F3D7478A1741088CACACA9E6D6C6C148883C0DAB56B7D440EE43AB90E282A3535354F87D5E3DDF3AD64EEDCB9717E3750F3C4AEF67ACD131FEF3E5FDE53EC28A20EB275EBD6E58B172F6ECBE5797EF5AB5F3D173ACA7F174A0781A8B9B9F98EF5EBD7B77776760AC66728C47F5578433E35AC178906C875721D504CC21CEB47E974BAEBDEB01F7FFC7172D75D77F5BBE0119F1FDB89ED756B8CE729949829761491F062FE4E4D4D4DEBCA952B73328A59B162C51F962E5D7A4221751088A64C99B23CBCB9D47DF0C10782F119AAAFAFFFAFB0FAE3B469D35E150D90EBE43AA098D4D6D6BEDDDEDE5E994AA5BA2EC178E79D77921B6FBC71BF3FD2129F179F1FDBE9168BDD57C4F3144ACC143B8AAC836CD9B2A5F2CE3BEF6CF9E8A38F06B4ED30307AE3EEBBEF3E3A7490BF2EA40E023DDADADABEBD66CD9A9681BA6490BE0939EBDF9B9A9A2E0C13B1EB4503E43AB90E28463535354F66B3D96B7A0A1EF18A8C9B6EBA29B9FFFEFBBBEEA6B22FE2E3E2E3E3F37A5DD1D11E96EFC5F60B295E192F99E2525F5FBF6AD2A449EB9F7AEAA9BF38F6D863D3A3468DEAF71D79EAEAEA9E9D3367CEB8B079D382050B5C7249417AF0C1079B66CE9CF9CA860D1B2E1B366C58597979B9A01CC0C1FF9B6FBE39250CFEBF3375EAD4652202729D5C0714ABD75F7FFDE5E38E3BEE85902B2E0DFFAC88B70C5FBD7A75BC4944B272E5CA58B4EEBA8D785C060D1A94C4EF625AB76E5DF2F2CB2F2761AE16F37CF2F6DB6F771DEFD6D4D9D9795921CEE3DC48BD48CD9831E3BCD2D2D205975F7E79EBA5975E3A2E93E97BDDABA3A3E3D3FBEEBBEFD9E79E7B6E72E820DF2EB44A20ECCA934F3E392D954ACD1F3F7E7C7B58461E88DB3917ABF8B9F57839775353538CF9CCF3CE3B6FB1A8805C27D70124C915575C3131E48C7BC3E6B47E34B3389BCDFE70C18205EF14628C143B74907B070D1A74F255575D953DF3CC330FDF97C14C78536E79ECB1C77E1F3AC517C3F65B85DC416057962E5D3A31BCEEEF09FDE7ACD1A347AF1B3B76ECB08A8A8A11E5E5E58345A75F9AB76CD9B2A1A5A5E5ADB56BD7B67EF2C92793C3BE97E2E5DC53A74E956340AE93EB00763063C68C7343FE981336CFEAC3D37E1FE6713717FA4D25143BD8DE41C272E2C48913579F7DF6D99971E3C60D19356AD4F09123470EFEF8E38F3F0A36343434343DF9E493D975EBD69D129E565F0C1D04F664F1E2C527857EF3AD3011B8204C088E0CEB71A2D23F218E6B431CDF0FEB25F14E04BEA00FE43AB90E60EF2A2B2B8FCC64329784BCF28D905FC6865D878725E6EBB5615917F67F18F6FFAEA3A3E3B7B5B5B5EF17434C143BD0410000000000000000000000000000000000000000000000000000000000000000000000000000000000000000000000000000000000000000000000000000000000000000000000000000000000000000000000000000000000000000000000000000000000000000000000000000000000000000000000000000000000000000000000000000000000000000000000000000000000000000000000000000000000000000000000000000000000000000000000000000000000000000000000000000000000000000000000000000000000F2D9FF0218404A830E6F11110000000049454E44AE426082, 0);
INSERT INTO `ACT_GE_BYTEARRAY` VALUES ('4eceb1cd-f21f-11ed-afed-005056c00001', 1, 'process/jiaban03.bpmn20.xml', '4eceb1cc-f21f-11ed-afed-005056c00001', 0x3C3F786D6C2076657273696F6E3D22312E302220656E636F64696E673D225554462D38223F3E0A3C646566696E6974696F6E7320786D6C6E733D22687474703A2F2F7777772E6F6D672E6F72672F737065632F42504D4E2F32303130303532342F4D4F44454C2220786D6C6E733A7873693D22687474703A2F2F7777772E77332E6F72672F323030312F584D4C536368656D612D696E7374616E63652220786D6C6E733A7873643D22687474703A2F2F7777772E77332E6F72672F323030312F584D4C536368656D612220786D6C6E733A61637469766974693D22687474703A2F2F61637469766974692E6F72672F62706D6E2220786D6C6E733A62706D6E64693D22687474703A2F2F7777772E6F6D672E6F72672F737065632F42504D4E2F32303130303532342F44492220786D6C6E733A6F6D6764633D22687474703A2F2F7777772E6F6D672E6F72672F737065632F44442F32303130303532342F44432220786D6C6E733A6F6D6764693D22687474703A2F2F7777772E6F6D672E6F72672F737065632F44442F32303130303532342F44492220747970654C616E67756167653D22687474703A2F2F7777772E77332E6F72672F323030312F584D4C536368656D61222065787072657373696F6E4C616E67756167653D22687474703A2F2F7777772E77332E6F72672F313939392F585061746822207461726765744E616D6573706163653D22687474703A2F2F7777772E61637469766974692E6F72672F70726F63657373646566223E0A20203C70726F636573732069643D226A696162616E30332220697345786563757461626C653D2274727565223E0A202020203C73746172744576656E742069643D227369642D30434642433242322D314437422D344637312D423835302D303838444636383238444132223E3C2F73746172744576656E743E0A202020203C757365725461736B2069643D227369642D44333334363643322D303943372D344238332D393339352D36324237354238313530433922206E616D653D22E7BB8FE79086E5AEA1E689B9222061637469766974693A63616E64696461746555736572733D22746F6D30312C746F6D3032223E3C2F757365725461736B3E0A202020203C757365725461736B2069643D227369642D33464534394534332D394330342D343441372D413946352D37303031433542423741424122206E616D653D22E4BABAE4BA8BE5AEA1E689B9222061637469766974693A63616E64696461746555736572733D22726F736530312C726F73653032223E3C2F757365725461736B3E0A202020203C656E644576656E742069643D227369642D38453833463643362D324342342D343037362D384639312D433631383431454639323732223E3C2F656E644576656E743E0A202020203C73657175656E6365466C6F772069643D227369642D38464434454432372D374433352D343939442D424141432D3046324532384135314530452220736F757263655265663D227369642D30434642433242322D314437422D344637312D423835302D30383844463638323844413222207461726765745265663D227369642D44333334363643322D303943372D344238332D393339352D363242373542383135304339223E3C2F73657175656E6365466C6F773E0A202020203C73657175656E6365466C6F772069643D227369642D42363739324343432D363132382D343430362D383233342D4132343535344637343239432220736F757263655265663D227369642D44333334363643322D303943372D344238332D393339352D36324237354238313530433922207461726765745265663D227369642D33464534394534332D394330342D343441372D413946352D373030314335424237414241223E3C2F73657175656E6365466C6F773E0A202020203C73657175656E6365466C6F772069643D227369642D35383439324145452D364443382D344439442D423635332D4544464339423941393531342220736F757263655265663D227369642D33464534394534332D394330342D343441372D413946352D37303031433542423741424122207461726765745265663D227369642D38453833463643362D324342342D343037362D384639312D433631383431454639323732223E3C2F73657175656E6365466C6F773E0A20203C2F70726F636573733E0A20203C62706D6E64693A42504D4E4469616772616D2069643D2242504D4E4469616772616D5F6A696162616E3033223E0A202020203C62706D6E64693A42504D4E506C616E652062706D6E456C656D656E743D226A696162616E3033222069643D2242504D4E506C616E655F6A696162616E3033223E0A2020202020203C62706D6E64693A42504D4E53686170652062706D6E456C656D656E743D227369642D30434642433242322D314437422D344637312D423835302D303838444636383238444132222069643D2242504D4E53686170655F7369642D30434642433242322D314437422D344637312D423835302D303838444636383238444132223E0A20202020202020203C6F6D6764633A426F756E6473206865696768743D2233302E30222077696474683D2233302E302220783D223132312E31393939373936353939313532372220793D223135352E3939393939373435313930313436223E3C2F6F6D6764633A426F756E64733E0A2020202020203C2F62706D6E64693A42504D4E53686170653E0A2020202020203C62706D6E64693A42504D4E53686170652062706D6E456C656D656E743D227369642D44333334363643322D303943372D344238332D393339352D363242373542383135304339222069643D2242504D4E53686170655F7369642D44333334363643322D303943372D344238332D393339352D363242373542383135304339223E0A20202020202020203C6F6D6764633A426F756E6473206865696768743D2237392E3939393939393939393939393939222077696474683D223130302E302220783D223332392E39393939393530383236313638362220793D2237342E3939393939383838323431323932223E3C2F6F6D6764633A426F756E64733E0A2020202020203C2F62706D6E64693A42504D4E53686170653E0A2020202020203C62706D6E64693A42504D4E53686170652062706D6E456C656D656E743D227369642D33464534394534332D394330342D343441372D413946352D373030314335424237414241222069643D2242504D4E53686170655F7369642D33464534394534332D394330342D343441372D413946352D373030314335424237414241223E0A20202020202020203C6F6D6764633A426F756E6473206865696768743D2237392E3939393939393939393939393939222077696474683D223130302E302220783D223632392E393939393930363132323638362220793D2238392E39393939393836353838393535223E3C2F6F6D6764633A426F756E64733E0A2020202020203C2F62706D6E64693A42504D4E53686170653E0A2020202020203C62706D6E64693A42504D4E53686170652062706D6E456C656D656E743D227369642D38453833463643362D324342342D343037362D384639312D433631383431454639323732222069643D2242504D4E53686170655F7369642D38453833463643362D324342342D343037362D384639312D433631383431454639323732223E0A20202020202020203C6F6D6764633A426F756E6473206865696768743D2232382E30222077696474683D2232382E302220783D22313030342E393939393835303234333333322220793D223135362E39393939393132303833313532223E3C2F6F6D6764633A426F756E64733E0A2020202020203C2F62706D6E64693A42504D4E53686170653E0A2020202020203C62706D6E64693A42504D4E456467652062706D6E456C656D656E743D227369642D38464434454432372D374433352D343939442D424141432D304632453238413531453045222069643D2242504D4E456467655F7369642D38464434454432372D374433352D343939442D424141432D304632453238413531453045223E0A20202020202020203C6F6D6764693A776179706F696E7420783D223135312E31393939373936353939313532372220793D223137302E3939393939373435313930313436223E3C2F6F6D6764693A776179706F696E743E0A20202020202020203C6F6D6764693A776179706F696E7420783D223234302E35393939383733373132363630382220793D223137302E3939393939373435313930313436223E3C2F6F6D6764693A776179706F696E743E0A20202020202020203C6F6D6764693A776179706F696E7420783D223234302E35393939383733373132363630382220793D223131342E3939393939383838323431323931223E3C2F6F6D6764693A776179706F696E743E0A20202020202020203C6F6D6764693A776179706F696E7420783D223332392E39393939393530383236313638362220793D223131342E3939393939383838323431323931223E3C2F6F6D6764693A776179706F696E743E0A2020202020203C2F62706D6E64693A42504D4E456467653E0A2020202020203C62706D6E64693A42504D4E456467652062706D6E456C656D656E743D227369642D42363739324343432D363132382D343430362D383233342D413234353534463734323943222069643D2242504D4E456467655F7369642D42363739324343432D363132382D343430362D383233342D413234353534463734323943223E0A20202020202020203C6F6D6764693A776179706F696E7420783D223432392E39393939393530383236313638362220793D223131342E3939393939383838323431323931223E3C2F6F6D6764693A776179706F696E743E0A20202020202020203C6F6D6764693A776179706F696E7420783D223532392E393939393932383437343432372220793D223131342E3939393939383838323431323931223E3C2F6F6D6764693A776179706F696E743E0A20202020202020203C6F6D6764693A776179706F696E7420783D223532392E393939393932383437343432372220793D223132392E39393939393836353838393535223E3C2F6F6D6764693A776179706F696E743E0A20202020202020203C6F6D6764693A776179706F696E7420783D223632392E393939393930363132323638362220793D223132392E39393939393836353838393535223E3C2F6F6D6764693A776179706F696E743E0A2020202020203C2F62706D6E64693A42504D4E456467653E0A2020202020203C62706D6E64693A42504D4E456467652062706D6E456C656D656E743D227369642D35383439324145452D364443382D344439442D423635332D454446433942394139353134222069643D2242504D4E456467655F7369642D35383439324145452D364443382D344439442D423635332D454446433942394139353134223E0A20202020202020203C6F6D6764693A776179706F696E7420783D223732392E393939393930363132323638362220793D223132392E39393939393836353838393535223E3C2F6F6D6764693A776179706F696E743E0A20202020202020203C6F6D6764693A776179706F696E7420783D223838322E343939393832363737343030352220793D223132392E39393939393836353838393535223E3C2F6F6D6764693A776179706F696E743E0A20202020202020203C6F6D6764693A776179706F696E7420783D223838322E343939393832363737343030352220793D223137302E39393939393132303833313532223E3C2F6F6D6764693A776179706F696E743E0A20202020202020203C6F6D6764693A776179706F696E7420783D22313030342E393939393835303234333333322220793D223137302E39393939393132303833313532223E3C2F6F6D6764693A776179706F696E743E0A2020202020203C2F62706D6E64693A42504D4E456467653E0A202020203C2F62706D6E64693A42504D4E506C616E653E0A20203C2F62706D6E64693A42504D4E4469616772616D3E0A3C2F646566696E6974696F6E733E, 0);
INSERT INTO `ACT_GE_BYTEARRAY` VALUES ('4eceffee-f21f-11ed-afed-005056c00001', 1, 'process/myfilename-20230513075110472.png', '4eceb1cc-f21f-11ed-afed-005056c00001', 0x89504E470D0A1A0A0000000D494844520000043B000000EC08060000007AC7ADA6000000206348524D00007A26000080840000FA00000080E8000075300000EA6000003A98000017709CBA513C0000000467414D410000B18E7CFB5193000000017352474200AECE1CE900000006624B474400FF00FF00FFA0BDA793000000097048597300000EC400000EC401952B0E1B00001A454944415478DAEDDD7D705567BD2FF0B5765E081068798B50412BA845E89BA2B4B675AC4991F6F478AB156832D7EB5B3BD5733D73D416F53AF7DED372ADD6E969FDE38C77AE767AB4A39CF21268EF1C1D4B51AC6D6D2D08286DE152AEA5012234D086405E2081EC759F951B981C5E022109C9DEF97C66D63C6BAFB5F7B3C277EF95ACE7C7DA6B451100000000000000000000000000000000000000000000000000000000000000000000000000000000000000000000000000000000000000000000000000000000000000000000000000000000000000000000000000000000000000000000000000000000000000000000000000000000000000000000000000000000000000000000000000000000000000000000000000000000000000000000000000000000000000000000000000000000000000000000000000000000000000000000000000000000000000000000000000000000000000000000000000000000000000000000000000000000000000000000000000000000000000000000000000000000000000000000000000000000000000000000000000000000000000000000000000000000000000000000000000000000000000000000000000003048C52200E8B924498A5E7FFDF5AF3635357DB6B9B9F93D6D6D6DC3C2E4776A2F1515151D2D2C2C6C282E2E7E26647B7F7979F906A90000D0530ECC017AA8B6B6F6EFEAEAEAFE290CC6474E9C38311A3B766C545252128501BA707AA9ADAD2D3A7CF870545F5F1FEDD9B3E7684141C1FAB0EC33151515AF49070080B3A5D80170969224C9ECD8B163594D4DCDBC2953A644175D745194C96404D34FB2D96CB47BF7EE2864DE12B29F575151F1A4540000381B8ED201CE525AE808D3BC9933674693274F56E8E8EF3F5021DF34E7CB2EBB6C4498AF5EB366CD4D520100E06C148800E0CCD2AFAE6CDFBEFD1B69A163F4E8D127AD3F74B036DAB3796554B7F5DFA2B76A9E899AF7BF1E158F9C10150D1B2DBC5E1A366C5874C1051714D7D5D5DDFCB9CF7D6EC5CF7EF6B3FD520100A03BFE5B12E00CD28B91A6D7E848BFBA72AA42C7E1C63DD1AE0DFF12B5D4BF1665DB8F744CE97CBA2C5D47EFA5B987FCDBC37BF1A03400003813C50E803348EFBAD2DCDC3C32BD46C7A9D4D73CDB51E03851BA2C5D47DF983265CAB84C2673DDAA55ABAE90060000DD51EC003883A6A6A6CF9595959DF61A1D870EEC3AED6BBB5B470FFF6085FCC78F1FBF37B49F96060000DD1E3B8A00A07BCDCDCDD3D2DBCB9E4E367BE49CD6D173656565A5711CCF91040000DD29140140F7DADADA4A860F1F2E884160C4881163FDED0200E04C1C30029CC1912347E2A2A2A26E9E119FE33A7AAAB8B8B834342A4F000074CBD75800CE204992288E4F5FB4281E3EE69CD6D1739DEF83DBA60300D02DC50E805E1AFBCEEBA24C41F149CB0B8A8647E32EFEA8800000E03C53EC00E8A5516533A391E3DF7BD2F21163A745A513A60B080000CE33C50E80DE4A92A8BDADE5A4C51DCBC23A0000E0FC728152805E686B792B7A63CBE3514BC38E93D6B5ECDF1EEDDCF0483471C6AD51F18871C2020644922445AFBFFEFA579B9A9A3EDBDCDCFC9EB6B6B6616172F5E45E2A2A2A3A5A5858D8505C5CFC4CC8F6FEF2F2F20D5201183C143B00CE6DF410EDDFF58768DF6BBF8EB2ED474EFBB4B40852B3F687D1846973A231533E9C5E615376C079535B5BFB771B376EFCA730181F3971E2C468D2A449514949497A6723E1F4525B5B5BE1E1C387C7D7D7D77FBAA5A5E596E79E7B6E7D58F6998A8A8AD7A40330F0143B007A7A80DBCDD91CA7921643EAB6FD2A6ADCBBD9591EC07991244966C78E1DCBFEF297BFCC9B32654A3463C68C2893F1EDE5BE94168CD269F4E8D1D13BDEF18EC2DDBB775F1D327F69CD9A35F32A2A2A9E9410C0C0F2570FA087D23335CEB6D0D1D5B1B33C00FA5B5AE808D3BC9933674693274F56E8E8EF03EA906F9AF365975D3622CC57AF59B3E626A9000CF0EF661100F44C775F5BE9CFD7029C8DF4AB2B353535F3D2B339D2B30E4E74E8606DB473E34FA36D4F2FEA98D2F97419BD97E67DE9A5978E0CB38FAD59B3669A4400068EAFB100F4D0F41BEE13023028A517234DAFD1917E75E554858EC38D7BA25D1BFEE5DF155E5BEA5F0BCB7646EFF8E09D51C9A84942ECA534F7907FFBCE9D3B1F0C0F3F25118081E1CC0E00803C91DE75A5B9B979E445175D74CAF5F535CF9EF20CB37459BA8EBE3165CA9471994CE6BA55AB565D210D8081A1D8010090279A9A9A3E57565676DA6B741C3AB0EBB4AFED6E1D3D3CC00EF98F1F3F7E6F683F2D0D8001FA5D2C020080FCD0DCDC3C6DECD8B1A75D9FCD1E39A775F45C595959691CC773240130305CB30300204FB4B5B5950C1F3E5C1083C0881123C63AD60618387E010300E48923478EC4454545DD3C233EC775F4547171716968549E000688AFB10000E4892449A2383E7DD1A278F898735A47CF75BE0F05920018188A1D000043C4D8775E17650A8A4F5A5E50343C1A77F147050440DE50EC000018224695CD8C468E7FEF49CB478C9D16954E982E2000F286620700C0509124517B5BCB498B3B96857500902F143B00008680B696B7A29D1B1E895AF66F3F695DBA2C5D973E0700F281620700403E4B9268FFCE17A29AB53F8C5A1A769CF669E9BAF439E9739DE50140AE73EB5900803C959EA9F1C696C7BB2D7274956D3F12D56DFB55D4B877733471C6AD51F188714204202739B30300204F9DE96C8ED33976960700E42AC50E20EF555555DD1DA60F4B02186AD2333506E2B50030D07C8D05C87B49923C98B69595950742F3441CC70F2F59B2E40FB9FAEFD9B46953B47AF5EA93965F79E595515959599FAF9B33678E0F11E4A8E937DC2704008624C50E6028B9204C9F4F92E4F3B95CF858BB766D3472E4C868D6AC59C797353737478F3FFE7874F9E597F7F93AC50E0000728D62073054E574E163FAF4E9D155575D75FC714343434761A2BFD60100402E51EC00C893333E000080FF4FB10372D4FCF9F3C71616167E290CD08BA5D1A78E173EAAAAAA0E8776736363A3540689A6A6A68E6B96545656DE238DC1218EE3B6A3478FFEB8BABABA5E1A00C060A1D801392A93C9DC1906E2DF9344FF09F9968466D6BA75EBA29B6FBE592083C0F3CF3F1FAD5FBF3E9DBD571A83663F497F1F2561F6FBD20000060BC50EC851711C0FEB9CFD5DE7C4E99DEDC0B83D4C055D1EA75F697979F6ECD9D7897070B8F6DA6BA36DDBB6A5058F7BA531285C9F4E5D7E1F01000C0A8A1D90FB7EB774E9D2456238BDCACACAD30E8CC320ED489224459D0FD342C7CEB06C4568571CBB66C7EDB7DF9E487170282D2D8DAEB8E28A68E1C2853EF38363DF4A9BEB2501000C368A1DC090D3B5C0D1D99E54E000000072976207302424411C74CE2B700000401E53EC008684CE4247DE14381E79E491E8A9A79E3AFEB8B5B5B55FD70100402E51EC00F25E1CC70B43F342BE9CC151555515CD9D3BF7A4E5E9F52C8A8B8BFB7C1D0000E41AC50E20EF2D59B2E4A17CFAF78C1A35AA63EA6E7D5FAF0300805C921101000000904F143B00000689AAAAAABBC3F461490040EFF81A0B00C0209124C983695B5959B93F34D5711C3F9ACBD71BDAB46953B47AF5EA93965F79E595515959599FAF9B33678E0F11001D143B0000069F3161BA3349923B73B9F0B176EDDA68E4C891D1AC59B38E2F6B6E6E8E1E7FFCF1E8F2CB2FEFF3758A1D001CA3D8010030B8E574E163FAF4E9D155575D75FC714343434761A2BFD601404AB103002077E4C5191F00D0DF143B0080DEBA3E0CBCA570FE752D7C1C0AF32F3736364A6590686A6AEAB86649786FEE9106FD218EE3B6A3478FFEB8BABABA5E1A7032C50E00E09C8441766B38D84E67AFEF9C1838C3C3347BDDBA75D1CD37DF2C8D41E0F9E79F8FD6AF5F9FCEDE2B0DFAE9777094C9649230FB7D69C0C9143B00807392CD661F2E2C2C8CC30177B134FACCD90E8C8F9E701C77204C2FCF9E3DFB3A110E0ED75E7B6DB46DDBB6B4E071AF34E807D7A7531CC7C34401A7A6D801009C93CE53A7EF9744DFA9ACACEC6E60DC1AA6615D8EE1768681CE8AD0AE3876CD8EDB6FBF3D91E2E0505A5A1A5D71C515D1C2850B1749837EF85D9136D74B024E4FB1030060F0EA5AE048DB930A1C00C0C9143B0000069124883B2F8612297000C03951EC000018443A0B1D7953E078E49147A2A79E7AEAF8E3D6D6D67E5D070029C50E008041228EE385A179215FCEE0A8AAAA8AE6CE9D7BD2F2F47A16C5C5C57DBE0E008E51EC00001824962C59F2503EFD7B468D1AD53175B7BEAFD701402A2302000000209F2876000000007945B103000000C82B8A1D000000405E51EC00000000F28A62070000009057143B00000080BCA2D8017006711C47499208621008EF436368DA2501004077143B00CEA0B0B0F0E8912347043108B4B6B6EE0D4D9D240000E88E6207C019141616361C3A74481083405353D3F6D0EC94040000DD51EC003883E2E2E267EAEBEB053108D4D6D6362749F26B490000D01DC50E8033686A6ABABFAEAEEE68369B15C6000AF96F3F78F0E0ACD0AE94060000DD51EC003883F2F2F20D994C66FDEEDDBB853180366FDEFCFBD0FCF1C61B6FDC240D0000BAA3D8017016DADADA3EB363C78EE683070F0A6300ECDDBBF75FF7EFDF3F3793C97C531A00009C896207C059A8A8A8782D340B5E79E515058FF32C2D746CDDBAB53C93C97CA1F37D0000806E2976009CA5F2F2F25FB5B7B7CF7BE9A5970EECD8B1E32DD7F0E85FE9353A5E7EF9E59F6DDDBA754E1CC75FACA8A878522A00009C0DC50E801EB8E1861B568566D6CE9D3B9F7BE18517DE7AF5D5575F3970E0C0AED6D6D666E9F45AD3E1C3875F7FEBADB79EDAB469D313BFFFFDEF87EDDFBFBF3493C95CD3993B00009C95421100F44CE757293EB56AD5AA2BDE78E38D4FD7D5D57D3C49923818299D5E290D3936841C2F0CEDBA6C36BBC8C5480100CE6CFEFCF96F2F2828F8443886FA9B702C35312C9A14A6C961AA0DD39EB0FC8DB03C3D4BF917D5D5D57F1D0A99287670DC534F3D555E5B5BFBD55DBB767DB8A5A5A5B4B1B131FD5FD5CC85175E78B4B4B4F4507171F1FE30FF8BFAFAFA1F7CFFFBDFDF2E3186BACE81783AFDA334000038DF162C58F0B14C26B328CC7E247D1CC7F1894F490B1E933B977FA2A0A0E07F5556563E97CD66EF59BE7CF9D3F99C8D62C71097FE6FF4CA952BBFF3A73FFDE9AEEAEAEAE11FF8C007D2015C3461C284E8C20B2F8CC68E1D1BD5D7D7173634348CDAB76FDFA88D1B377EE5D5575FFDCF77DD75D79EC2C2C2AF3CF0C003FF5B8A000000E7CF6DB7DD362D8EE31F86D91BCFE1E51FC96432BFADACAC5C15C6837FBF6CD9B2BCBC00BC62C710F6E4934F7E6AD1A2458F3634348C0E3B4B347BF6EC287CE84F7A5E5AF048A7A953A746575D75557AD1C078DDBA75172D5DBA74E5D7BFFEF5FFBB6FDFBEBF5DBC78F15F240A0000D0BF162C5870431CC7CBC3EC9863CB8A8A8AA2193366748CE92EBEF8E2AEFF711D85F15E5453531385315CB479F3E6E4E8D1A3C74EFFB831F4F3C7D0DF82E5CB97FF26DF7252EC18A2C287F9FE279E78E25B9FFCE427E38F7FFCE3514141C159BF362D885C7DF5D5D1873EF4A1CCEAD5AB2F59B972E52B5FFEF297E7FDE8473FFAA564010000FA476565E51743F3E36363F9741C77FDF5D747F3E6CDEB28709CA8EB7F5C979797A7858F78C58A15D1D34F3F9DA4FF891D9E32268CEF9E0CFD7E69E9D2A53FC9A7ACDC8D65087AF4D147ABC387FBBFDC75D75DF14D37DDD4A3424757E9EBD2D77FE31BDF18167694C7EFBCF3CEAF481700064EFA9DEC244904310884F7A13134ED9200FA4A7A4647D4A5D0317EFCF8E8BEFBEE8BEEB8E38E53163A4E257D5EFAFCEF7EF7BBF1B871E3B29D8BD3FE7EDCD97FDE50EC18621E7BECB1452FBEF8E2BC7BEFBD37BAE4924BFAA4CFB49FEF7CE73B45D96CF6A1AAAAAA395206808151585878F4C891238218045A5B5BF786A64E12405F983F7FFEBB3399CCB2A8B3D0316DDAB4B460D1F195957391BEEE7BDFFB5E66EAD4A9C72AE48569FFE976F22533C58E2164F9F2E5373EF3CC33FFFD6B5FFB5A545656D6A77DA7FD2D5CB870584949C913F9B48300402E292C2C6C3874E890200681A6A6A6F4CE753B2501F4858282827F0ECDD8743E3DA3E39BDFFC66347AF4E85EF599BEFE5BDFFA56D7333CC6766E272F28760C212FBFFCF2CF6EB9E596B8AFCEE83851DAEFBC79F34A4A4B4B1F9136009C7FC5C5C5CFA417A363E0D5D6D6362749F26B4900BD95DE5E363437A5F3E9A504EEBEFBEE5E173A8E49FB59B8706126387686C74D9DDBCB798A1D43C4A38F3E7A776363E384F462A4FD69EEDCB905252525B3F2650701805CD2D4D4747F5D5DDDD16C362B8C0114F2DF7EF0E0C159A15D290DA0AAAAEAEE307DF89C07ED99CCFF38369F5E8CF45CBFBA723A697F1FFBD8C7E2536D2F9729760C115BB66CF9AFE9ED65CFF562A4672BEDFFB39FFDECC892929207A40E00E7577979F9867090BA7EF7EEDDC218409B376FFE7D68FE78E38D376E92069024C983617AA1B2B272475555D5433D297CCC9F3FFFEDA1B9369D4F6F2F9BDE75A53FA4FD1616161E3BBBE3DACEEDE634C58E21E0C1071F9CBE7FFFFE31E93D97CF87B09DB42AF8BE7CD8410020D7B4B5B57D66C78E1DCD070F1E14C600D8BB77EFBF86E3AEB9994CE69BD200BA484FB97B47922477F5A4F0117E97FC87D0749C753173E6CCB3BEEB4A4FA5FD5E7AE9A5C7CEEE883BB79BD3143B86808282826FBCFFFDEF4F7794F3F3A10ADBB9ECB2CB1AF3610701805C535151F15A6816BCF2CA2B0A1EE7595AE8D8BA756B793806FA42E7FB00F0EFC6DE711C1F4CA7E82C0B1FE1B9C7EF76F9C10F7EB05F7FC0AEFD77DD6E4E074E7EDBB76FDF47D262C7F974CD35D75C900F3B0800E4A2F2F2F25FB5B7B7CF7BE9A5970EECD8B1E32DD7F0E85FE9353AD20BC16FDDBA754E38FEF9624545C59352014E254992D1E9D45950389BC2C79463AF9D3A756ABFFE6C27F43F25D7B32EF471CB7F2D2D2DE3DEF6B6B79DD76D4E9A346978269379A7F4016060DC70C30DABD6AC59336BE7CE9D0FEEDAB5EB2313264CD83371E2C40B4A4A4AC60E1B366CA4847AA5E9F0E1C3FB9A9B9BB7D5D6D6B61C387020FDAE706938F6B9C6191D9C67D787C1B11472D4B1A247A7D6CEB6A3F011DABBC27B7B20B4C38F3DA1BFBEC2729AFE2FCAF57C153B8680F08778647FEF18274A2F9E13BC37ECA0F77807FAEF8F9B0800E84EE7C0FB53AB56ADBAE28D37DEF8745D5DDDC7C341741C2876F44E69C8B121E4786168D765B3D9452E46CA791E24B786CFDFB1E341C784F961D829965DD0F5C1A851A3FAF50738A1FF71B91EA862C71070E8D0A1A2FEDE314EF4E73FFF393DA5B334CCDEEB1DE8FF3F765200A03B9D03F174FA476940EE0BC7D90F171616C6E138B0581A39E15CC7444D612AEE9CA2C6C6C668CC9831FDF643A6FD77F156AE87AED83104949494B4860FEEF0FEDC314E74E59557468F3DF65863F805FC9077A0FFC471DCD6DEDEFEB0240000868EEAEAEAFAD0DC2F89DC505959796F0F9EFE4638C67F2CB42B962C59F287F0DA3F86F98E2B87363434F46BB123EDBF8B9CBF87B962C71050525272207C70CF6BB1A3ADADAD25499257972E5DBAC83B000000705AFFAEC071C2BA5D5167B163FBF6EDD1BBDEF5AE7EFB21D2FE4FD86E4E53EC18020A0A0A76D5D5D54DECCF1DE344AF07F9B083000000F483EE0A1CC72549F2EBF0BC4FA5F3EBD7AF4FAFC5D46F3F50DA7FD7EDE67AC08A1D43404B4BCBD28D1B37CEBAFAEAABCFDBAD867FFBDBDF36E7C30E020000D047CEAAC0D155369BFDB7828282FF1966E3CD9B37777CD5A43F6E3E91F69BF6DF2949B79BEB612B760C01E183BB6CFDFAF5F7870F6C7126D3FFF58EB09DA4A6A6E63DF9B083000000F4461CC70B43F3C2D91638BAAAAEAEFE6B6565E5F361F6BA23478E442B56AC88EEB8E38E3EFF19D37ED3FE3B3D9F6E37D773CFF8E8E5BFF4835A5050B06DDDBA75E7657BAB57AF7E319BCD6ECE871D040000A037962C59F2D0B9143A8E0963ABE377D2FADDEF7E17D5D4D4F4E9CF97F697F67BAAEDE532C58E21E2E0C183FFF0F39FFFBCA5BDBDBD5FB713FA6F5BBC78F1A47CD94100000006D2F2E5CB9F0ECD939DE3ADE8A1871E4AC7777D354EECE8AFCB38F1C9CEEDE53CC58E21B483B4B6B66E58B56A555B7F6EE7A73FFDE9B36147F93FF9B2830000000CB430C6FA874C26D3716FD837DF7C337AE081077A5DF0485F9FF693F6D7A93EDD4EBE6456E0633374BCFBDDEF7E6EDBB66D5F98316346F1F8F1E3E3BEEE7FE3C68D7F58BC78F125610759B065CB967A89030000F45E3ABE7ADFFBDEB72193C9FCC7F030B37FFFFEE8C5175F8CC2D8EE9C2E589A7E75E5BEFBEE8BFEFAD7E3571E389ACD663F595D5DBD3E5F3253EC18623BC825975CB261EDDAB5B75E73CD35C3468E1CD9677DEFDEBD7BCB3DF7DC7351D841FE533EED2000000083C1E6CD9BB75F7AE9A5B5711CFF6D7898696969E9B8D6467D7D7D3475EAD4A8A4A4E48C7DA4775D59BC7871F4939FFC246A6E6E3EB6F86898BEB46CD9B295F99457EC2333F45456567EB1B8B8F8C16F7FFBDB23A64F9F3EACB7FDAD5FBFFE991FFCE007EF4D92E4BF2D5DBAF42712060000E81F0B162CB8A1A0A06045187F5D706C59515151C7591EB367CF8E2EBEF8E28EB33DC68E1DDB5108490B1CE9991CE90D2BB66CD9D2F5AE2BA9FDD96C76C1F2E5CB7F936F3929760CE11D24EC10CB6EBDF5D6965B6EB96572D8597ADC477B7BFBC1871F7EF899679F7D7676D8413E938F3B080000C06073DB6DB74D8BE3F88761F6C65E74B32A4992BF5FB66CD96BF9989162871DE487C3870FBFF2F39FFF7C72DD75D74DCA64CE7CCDDA6C36DBFCCB5FFEF2B9B053BC37CC6FCBE71D04000060B05AB060C1C7C2186E5198FD480F5EF65C18C7DD93EF379550ECE0F80E12A6CBA64D9BF6FA473FFAD182C99327978E1F3F7ECCB871E346BEF9E69B7B837D353535FB7FF39BDF247BF6EC797F78D9E6A1B0830000000C76F3E7CF7F7B4141C1279224F99B388E27864593C234394CB561DA1396BF1196FFAABDBDFD17D5D5D57F1D0A99287660070100000000000000000000000000000000000000000000000000000000000000000000000000000000000000000000000000000000000000000000000000000000000000000000000000000000000000000000000000000000000000000000000000000000000000000000000000000000000000000000000000000000000000000000000000000000000000000000000000000000000000000000000000000000000000000000000000000000000000000000000000000000000000000000000000000000000000000000000000000000C865FF0F4BC96BF9C80D20F90000000049454E44AE426082, 0);
INSERT INTO `ACT_GE_BYTEARRAY` VALUES ('69d1ccf9-f153-11ed-8550-005056c00001', 1, 'process/jiaban02.bpmn20.xml', '69d1ccf8-f153-11ed-8550-005056c00001', 0x3C3F786D6C2076657273696F6E3D22312E302220656E636F64696E673D225554462D38223F3E0A3C646566696E6974696F6E7320786D6C6E733D22687474703A2F2F7777772E6F6D672E6F72672F737065632F42504D4E2F32303130303532342F4D4F44454C2220786D6C6E733A7873693D22687474703A2F2F7777772E77332E6F72672F323030312F584D4C536368656D612D696E7374616E63652220786D6C6E733A7873643D22687474703A2F2F7777772E77332E6F72672F323030312F584D4C536368656D612220786D6C6E733A61637469766974693D22687474703A2F2F61637469766974692E6F72672F62706D6E2220786D6C6E733A62706D6E64693D22687474703A2F2F7777772E6F6D672E6F72672F737065632F42504D4E2F32303130303532342F44492220786D6C6E733A6F6D6764633D22687474703A2F2F7777772E6F6D672E6F72672F737065632F44442F32303130303532342F44432220786D6C6E733A6F6D6764693D22687474703A2F2F7777772E6F6D672E6F72672F737065632F44442F32303130303532342F44492220747970654C616E67756167653D22687474703A2F2F7777772E77332E6F72672F323030312F584D4C536368656D61222065787072657373696F6E4C616E67756167653D22687474703A2F2F7777772E77332E6F72672F313939392F585061746822207461726765744E616D6573706163653D22687474703A2F2F7777772E61637469766974692E6F72672F70726F63657373646566223E0A20203C70726F636573732069643D226A696162616E30322220697345786563757461626C653D2274727565223E0A202020203C73746172744576656E742069643D227369642D30434642433242322D314437422D344637312D423835302D303838444636383238444132223E3C2F73746172744576656E743E0A202020203C757365725461736B2069643D227369642D44333334363643322D303943372D344238332D393339352D36324237354238313530433922206E616D653D22E7BB8FE79086E5AEA1E689B9223E0A2020202020203C657874656E73696F6E456C656D656E74733E0A20202020202020203C61637469766974693A7461736B4C697374656E6572206576656E743D226372656174652220636C6173733D22636F6D2E6C6561726E696E672E617574682E61637469766974692E4D795461736B4C697374656E6572223E3C2F61637469766974693A7461736B4C697374656E65723E0A2020202020203C2F657874656E73696F6E456C656D656E74733E0A202020203C2F757365725461736B3E0A202020203C757365725461736B2069643D227369642D33464534394534332D394330342D343441372D413946352D37303031433542423741424122206E616D653D22E4BABAE4BA8BE5AEA1E689B9223E0A2020202020203C657874656E73696F6E456C656D656E74733E0A20202020202020203C61637469766974693A7461736B4C697374656E6572206576656E743D226372656174652220636C6173733D22636F6D2E6C6561726E696E672E617574682E61637469766974692E4D795461736B4C697374656E6572223E3C2F61637469766974693A7461736B4C697374656E65723E0A2020202020203C2F657874656E73696F6E456C656D656E74733E0A202020203C2F757365725461736B3E0A202020203C656E644576656E742069643D227369642D38453833463643362D324342342D343037362D384639312D433631383431454639323732223E3C2F656E644576656E743E0A202020203C73657175656E6365466C6F772069643D227369642D38464434454432372D374433352D343939442D424141432D3046324532384135314530452220736F757263655265663D227369642D30434642433242322D314437422D344637312D423835302D30383844463638323844413222207461726765745265663D227369642D44333334363643322D303943372D344238332D393339352D363242373542383135304339223E3C2F73657175656E6365466C6F773E0A202020203C73657175656E6365466C6F772069643D227369642D42363739324343432D363132382D343430362D383233342D4132343535344637343239432220736F757263655265663D227369642D44333334363643322D303943372D344238332D393339352D36324237354238313530433922207461726765745265663D227369642D33464534394534332D394330342D343441372D413946352D373030314335424237414241223E3C2F73657175656E6365466C6F773E0A202020203C73657175656E6365466C6F772069643D227369642D35383439324145452D364443382D344439442D423635332D4544464339423941393531342220736F757263655265663D227369642D33464534394534332D394330342D343441372D413946352D37303031433542423741424122207461726765745265663D227369642D38453833463643362D324342342D343037362D384639312D433631383431454639323732223E3C2F73657175656E6365466C6F773E0A20203C2F70726F636573733E0A20203C62706D6E64693A42504D4E4469616772616D2069643D2242504D4E4469616772616D5F6A696162616E3032223E0A202020203C62706D6E64693A42504D4E506C616E652062706D6E456C656D656E743D226A696162616E3032222069643D2242504D4E506C616E655F6A696162616E3032223E0A2020202020203C62706D6E64693A42504D4E53686170652062706D6E456C656D656E743D227369642D30434642433242322D314437422D344637312D423835302D303838444636383238444132222069643D2242504D4E53686170655F7369642D30434642433242322D314437422D344637312D423835302D303838444636383238444132223E0A20202020202020203C6F6D6764633A426F756E6473206865696768743D2233302E30222077696474683D2233302E302220783D223132312E31393939373936353939313532372220793D223135352E3939393939373435313930313436223E3C2F6F6D6764633A426F756E64733E0A2020202020203C2F62706D6E64693A42504D4E53686170653E0A2020202020203C62706D6E64693A42504D4E53686170652062706D6E456C656D656E743D227369642D44333334363643322D303943372D344238332D393339352D363242373542383135304339222069643D2242504D4E53686170655F7369642D44333334363643322D303943372D344238332D393339352D363242373542383135304339223E0A20202020202020203C6F6D6764633A426F756E6473206865696768743D2237392E3939393939393939393939393939222077696474683D223130302E302220783D223332392E39393939393530383236313638362220793D2238392E39393939393836353838393535223E3C2F6F6D6764633A426F756E64733E0A2020202020203C2F62706D6E64693A42504D4E53686170653E0A2020202020203C62706D6E64693A42504D4E53686170652062706D6E456C656D656E743D227369642D33464534394534332D394330342D343441372D413946352D373030314335424237414241222069643D2242504D4E53686170655F7369642D33464534394534332D394330342D343441372D413946352D373030314335424237414241223E0A20202020202020203C6F6D6764633A426F756E6473206865696768743D2237392E3939393939393939393939393939222077696474683D223130302E302220783D223632392E393939393930363132323638362220793D2238392E39393939393836353838393535223E3C2F6F6D6764633A426F756E64733E0A2020202020203C2F62706D6E64693A42504D4E53686170653E0A2020202020203C62706D6E64693A42504D4E53686170652062706D6E456C656D656E743D227369642D38453833463643362D324342342D343037362D384639312D433631383431454639323732222069643D2242504D4E53686170655F7369642D38453833463643362D324342342D343037362D384639312D433631383431454639323732223E0A20202020202020203C6F6D6764633A426F756E6473206865696768743D2232382E30222077696474683D2232382E302220783D22313030342E393939393835303234333333322220793D223135362E39393939393132303833313532223E3C2F6F6D6764633A426F756E64733E0A2020202020203C2F62706D6E64693A42504D4E53686170653E0A2020202020203C62706D6E64693A42504D4E456467652062706D6E456C656D656E743D227369642D38464434454432372D374433352D343939442D424141432D304632453238413531453045222069643D2242504D4E456467655F7369642D38464434454432372D374433352D343939442D424141432D304632453238413531453045223E0A20202020202020203C6F6D6764693A776179706F696E7420783D223135312E31393939373936353939313532372220793D223137302E3939393939373435313930313436223E3C2F6F6D6764693A776179706F696E743E0A20202020202020203C6F6D6764693A776179706F696E7420783D223234302E35393939383733373132363630382220793D223137302E3939393939373435313930313436223E3C2F6F6D6764693A776179706F696E743E0A20202020202020203C6F6D6764693A776179706F696E7420783D223234302E35393939383733373132363630382220793D223132392E39393939393836353838393535223E3C2F6F6D6764693A776179706F696E743E0A20202020202020203C6F6D6764693A776179706F696E7420783D223332392E39393939393530383236313638362220793D223132392E39393939393836353838393535223E3C2F6F6D6764693A776179706F696E743E0A2020202020203C2F62706D6E64693A42504D4E456467653E0A2020202020203C62706D6E64693A42504D4E456467652062706D6E456C656D656E743D227369642D42363739324343432D363132382D343430362D383233342D413234353534463734323943222069643D2242504D4E456467655F7369642D42363739324343432D363132382D343430362D383233342D413234353534463734323943223E0A20202020202020203C6F6D6764693A776179706F696E7420783D223432392E39393939393530383236313638362220793D223132392E39393939393836353838393535223E3C2F6F6D6764693A776179706F696E743E0A20202020202020203C6F6D6764693A776179706F696E7420783D223632392E393939393930363132323638362220793D223132392E39393939393836353838393535223E3C2F6F6D6764693A776179706F696E743E0A2020202020203C2F62706D6E64693A42504D4E456467653E0A2020202020203C62706D6E64693A42504D4E456467652062706D6E456C656D656E743D227369642D35383439324145452D364443382D344439442D423635332D454446433942394139353134222069643D2242504D4E456467655F7369642D35383439324145452D364443382D344439442D423635332D454446433942394139353134223E0A20202020202020203C6F6D6764693A776179706F696E7420783D223732392E393939393930363132323638362220793D223132392E39393939393836353838393535223E3C2F6F6D6764693A776179706F696E743E0A20202020202020203C6F6D6764693A776179706F696E7420783D223838322E343939393832363737343030352220793D223132392E39393939393836353838393535223E3C2F6F6D6764693A776179706F696E743E0A20202020202020203C6F6D6764693A776179706F696E7420783D223838322E343939393832363737343030352220793D223137302E39393939393132303833313532223E3C2F6F6D6764693A776179706F696E743E0A20202020202020203C6F6D6764693A776179706F696E7420783D22313030342E393939393835303234333333322220793D223137302E39393939393132303833313532223E3C2F6F6D6764693A776179706F696E743E0A2020202020203C2F62706D6E64693A42504D4E456467653E0A202020203C2F62706D6E64693A42504D4E506C616E653E0A20203C2F62706D6E64693A42504D4E4469616772616D3E0A3C2F646566696E6974696F6E733E, 0);
INSERT INTO `ACT_GE_BYTEARRAY` VALUES ('69d21b1a-f153-11ed-8550-005056c00001', 1, 'process/myfilename-20230513053847856.png', '69d1ccf8-f153-11ed-8550-005056c00001', 0x89504E470D0A1A0A0000000D494844520000043B000000EC08060000007AC7ADA6000000206348524D00007A26000080840000FA00000080E8000075300000EA6000003A98000017709CBA513C0000000467414D410000B18E7CFB5193000000017352474200AECE1CE900000006624B474400FF00FF00FFA0BDA793000000097048597300000EC400000EC401952B0E1B000015244944415478DAEDDD7B9014F59D00F09E997D210BC83368F062C008BEA286048D8F52F18531398D01DCADCBA9492C93BBA4F240D44BDD43398D5A1EF8C7955797589EA10C278F05BD4A2C41E20B3D8D122431BA9C72272E82E08AEE02FB401676E67EBDB54B6D782FCB00D3F3F95475754FF7CCAF77BF33BFEFF4EF3B3DD3510400000000000000000000000000000000000000000000000000000000000000000000000000000000000000000000000000000000000000000000000000000000000000000000000000000000000000000000000000000000000000000000000000000000000000000000000000000000000000000000000000000000000000000000000000000000000000000000000000000000000000000000000000000000000000000000000000000000000000000000000000000000000000000000000000000000000000000000000000000000000000000000000000000000000000000000000000000000000000000000000000000000000000000000000000000000000000000000000000000000000000000000000000000000000000000000000000000000000000000000000000000000000000000000000000000000000000000000000000000000000000000000000000000000000000000000000000000000000000000000000000000000000000000000000000000000001C7E292100E8B95C2E57FAEEBBEFFEA8B9B9F9BA969696CFB5B5B59587494EEDA5D2D2D2ED2525251BCBCACA9684D8DE337EFCF8D74405E42BF90A809EF24607D0436BD7AEFD9BFAFAFA7F0907B77D870F1F1E0D1A3428AAA8A888C201AFE0F4521880459F7CF249D4D0D010AD5FBF7E7B26935916D67DF3E28B2F7E477440BE92AF00D85F8A1D00FB2997CBA557AF5E3DB7AEAE6EE271C71D171D7BECB1513A9D16983CC966B3D1BA75EBA210F3D610FB896100B1505440BE92AF00D81FDEF500F6533C7008D3C4534E39251A3162848143BEDFA0427CE3389F76DA694785E59A679E79E60A5101F94ABE02607F64840060DFE253C157AD5A754B3C70E8DFBFFF2EDBB76C5E1BADAF5D10D5BFF5EBE8E3BA25514BE3BB5159DFA15169797FC1EBA5F2F2F268C0800165F5F5F5575E7FFDF5F31F79E491465101F94ABE02606F94F901F621FE71BFF83BEFF1A9E0BB1B387CD2B43E5AF3DA7F44AD0DEF44D9F66D1D53BC1CAF8BB7D17B71DC43FCDBC373315D3440BE92AF00D817C50E807D88AF62D0D2D2D237FECEFBEE34D4BDD03160D859BC2EDEC6C111060F83D3E9F4798B162D3A5D3440BE92AF00D81BC50E807D686E6EBE7ED8B0617BFCCEFB964D6BF6F8D8BD6DA3876F5821FE43860CF930CCBF211A205FC95700EC35170B01C0DEB5B4B48C8A2FD7B827D9ECB603DA46CF85415C652A95BA542440BE92AF00D89B122100D8BBB6B6B68A3E7DFA08C411E0A8A38E1AE4BD0BE42BF90A807D918001F661DBB66DA9D2D2D2BDDC237580DBE8A9B2B2B2CA30339203F94ABE0260AF7C8D05601F72B95C944AED791050D667E0016DA3E73A9F07974D07F94ABE0260AF143B007A69D067CE8BD299B25DD6674AFB44838FBF408000F90A000E31C50E805EEA37EC94A8EF901377597FD4A05151E5D0310204C857007088297600F4562E17B5B7B5EEB2BA635DD806205F01C0A1A5D801D00B6DAD1F47EFBDF650D4DAB86A976DF1BA785B7C1F00F90A000E1DC50E800391CB458DEFBD1CD5BDFA40D4BA71F51EEF166F8BEF13DFD7A7A6807C050087864BCF02F450FCC9E7072B1EDBEBA0A1BB6CFBB6A87EE59351D387B5D1F093AF89CA8E1A2C88807C050079E4CC0E801EDAD7A7A37BD2F5A929807C0500F9A5D801D043F1279F87E3B100F21500EC1F5F6301E8A13197DC2508807C0500473067760000000089A2D801000000248A620700000090288A1D00000040A228760000000089A2D801000000248A620700000090288A1D00000040A228760000000089A2D801000000248A620700000090288A1D00000040A228760000000089A2D801245E7575F5CD61FAB24800F215001487122100922E97CB4D8FE75555559BC2ECF1542AF5E0ECD9B37F2732C0119CAF1AC3AC26E4AB99859CAF5E7FFDF568F1E2C5BBAC3FE38C33A261C3861DF46D975E7AA91711001D143B806232204C3784C1C40D855CF8307880A230304C37857C755321173E5E7DF5D5A86FDFBED1D8B16377AC6B6969891E7BECB1E8F39FFFFC41DF265F01D045B1032856055BF8307880A253D0858F3163C644679D75D68EDB1B376EECC82DF9DA060031C50E80022C7C183C40D14AC4191F00906F8A1D50A0264D9A34A8A4A4E4BBE180B74C340EAA1D858FEAEAEA4FC2BCB6A9A949548E10CDCDCD1D5FE30983BCDB4503FEACF0B1252CBF215FC957148F542AD5B67DFBF65FD4D4D4348806EC4AB1030A543A9D8E0F70EF1689FC09F1AD08B3B14B972E8DAEBCF24A013902BCF4D24BD1B265CBE2C53B4403FE4C9F308D93AFE42B8AEA38253E1ECC85C57B450376A5D801052A954A95772E3EDF39B167FB7BA0D91EA64CB7DBF1575ADE18376EDC7942786438F7DC73A3952B57C6030883078A3D5F6DDFE9384EBE92AF282E17C653B7E34160278A1D50F89E9F3367CE3461D8B3AAAAAA3D1E688683846DB95CAEB4F3665CE8782FAC9B1FE6F3BBBE03FF9DEF7C27278A4786CACACAE8F4D34F8FA64E9DEA354FD1E5AB606B98CABB1DC3C957F215C59B2BE2D98522017BA6D801149DEE058ECEF92E0306802344F70247B97C0500FB47B103280AB9200C10529DCB0A1C4041E4AB488103000E88620750143A070E060C807C75883DF4D043D1534F3DB5E3F6D6AD5BF3BA0D00628A1D40310C1CA686D9CB492A70183C807C5508AAABABA3CB2FBF7C97F5F1EF599495951DF46D00D045B10348BC30689891A4FFC7E001E4AB42D1AF5FBF8E696FDB0FF6360088297600183C183C000090286921000000009244B1030000004814C50E0000002051143B000000804451EC000000001245B1030000004814C50E0000002051143B000000804451EC000000001245B1030000004814C50E0000002051143B000000804451EC000000001245B1030000004814C50E0000002051143B0000008044291102000000285C93264DFA742693F95A2E97FB4A2A951A1E561D13A611615A1BA6F561FD0761FD93EDEDEDBFA9A9A979BF1862A2D8C10E4F3DF5D4F8B56BD7FE68CD9A355F6E6D6DAD6C6A6A2A6F6C6C4C1F7DF4D1DB2B2B2BB79495953586E5DF343434DC7FEFBDF7AE1231000080C367F2E4C917A5D3E96961F1FCF8762A95DAF92E71C16344E7FAAF6532997FAFAAAA7A319BCDDE3E6FDEBCE7921C1BC58E2297CBE5520B162CB8F30F7FF8C3949A9A9A3E5FF8C217A20913264443870E8D8E3EFAE868D0A04151434343C9C68D1BFB6DD8B0A1DFF2E5CBBFFFF6DB6FFFED942953D69794947CFFBEFBEEFB2F510400003874AEBDF6DA51A954EA81B038E1001E7E7E3A9D7EB6AAAA6A51180FFE60EEDCB9EF2431468A1D456CE1C2855F9F366DDACC8D1B37F60F9D251A376E5C145EF4BBDC2F2E78C4D3C89123A3B3CE3A2BCA66B3A9A54B971E3B67CE9C053FF9C94FFE77C3860D5F9D356BD6FF89280000407E4D9E3CF992542A352F2C0EEC5A575A5A1A9D7CF2C91D63BAE38F3FBEFB07D75118EF457575755118C345B5B5B5B9EDDBB7779DFE3121B4F3FBD0DEE479F3E63D9DB438297614A9F062BEE7F1C71FBFEDEAABAF4E5D76D965512693D9EFC7C60591B3CF3E3BFAD297BE945EBC78F1E8050B16BCF9BDEF7D6FE2CF7FFEF32744160000203FAAAAAABE1D66BFE81ACBC7E3B80B2FBC309A38716247816367DD3FB81E3F7E7C5CF848CD9F3F3F7AEEB9E772F187D8E12E03C3F86E6168F7BB73E6CC793849B1723596223473E6CC9AF0E2FEBB2953A6A4AEB8E28A1E153ABA8B1F173FFE965B6E290F1DE5B19B6EBAE9FBA24B12C5DF71CCE57202710408CF435398B58B04C857F215506CE2333AA26E858E2143864477DD755774E38D37EEB6D0B13BF1FDE2FBFFEC673F4B0D1E3C38DBB93A6EEF179DED278662479179F4D147A7BDF2CA2B13EFB8E38E68F4E8D107A5CDB89D3BEFBCB3349BCDCEA8AEAEBE5494499A929292EDDBB66D138823C0D6AD5B3F0CB37A9100F94ABE028AC9A449934E48A7D373A3CE42C7A851A3E28245C757560E44FCB8BBEFBE3B3D72E4C8AE0A7949DC7EBC9FA4C44CB1A388CC9B376FC292254BFEF1C73FFE71346CD8B083DA76DCDED4A953CB2B2A2A1E4F520781CEC1C3C62D5BB608C411A0B9B939BE12D47B2201F2957C0514934C26F3AF6136285E8ECFE8B8F5D65BA3FEFDFBF7AACDF8F1B7DD765BF7333C0675EE2711143B8AC81B6FBCF1C855575D953A586774EC2C6E77E2C489159595950F893649525656B624FE71270EBFB56BD7B6E472B9DF8A04C857F215502CE2CBCB86D915F172FC530237DF7C73AF0B1D5DE276A64E9D9A0EBACEF0B8A2737F054FB1A348CC9C39F3E6A6A6A6A1F18F91E6D3E5975F9EA9A8A8189B940E02B1E6E6E67BEAEBEBB767B359C1388C42FC576DDEBC796C982F100D90AFE42BA050545757DF1CA62F1FF0A03D9DFEE7AEE5F8C7480FF4AB2B7B12B777D14517A576B7BF42A6D8512456AC58F1F7F1E5650FF4C748F757DCFE75D75DD7B7A2A2E23E512729C68F1FFF5A48FACBD6AD5B271887516D6DED7F87D9EF274C98F0BA68807C255F01852297CB4D0FD3CB555555ABABABAB67F4A4F03169D2A44F87D9B9F1727C79D9F8AA2BF910B75B5252D27576C7B99DFB2D688A1D4560FAF4E9631A1B1B07C6D75C3E14C27EE2AAE04949E820D0A5ADADED9BAB57AF6ED9BC79B3601C061F7EF8E17F863C767918C4DD2A1A205FC95740018A4FB9FB8B5C2E37A527858F904BFE32CC3ACEBA38E59453F6FBAA2B3D15B77BEAA9A7769DDD91EADC6F4153EC2802994CE69633CF3C33EE2887E64515F673DA69A73525A18340978B2FBEF89D309BFCE69B6F1A401C8681C35B6FBD353EE4946F753E0F807C255F010539F64EA5529BE329DACFC247B8EF8EAB5D7EF18B5FCCEB1FD8BDFDEEFB2DE880936C1B366C383F2E761C4AE79C73CE80247410E86EFCF8F14FB6B7B74FFCD39FFEB469F5EAD51FFB4E7C7EC5DF798F7F58390C1C2E0DF9E4DB61E0B0505440BE92AF804296CBE5FAC7536741617F0A1FC7753D76E4C89179FDDB766AFFB8428F7589975BF2B5B6B60EFED4A73E7548F779CC31C7F449A7D39F117D92E6924B2E59F4CC33CF8C7DEFBDF7A6AF59B3E6FCA14387AE1F3E7CF8808A8A8A41E5E5E57D45A8579A3FF9E4930D2D2D2D2BD7AE5DDBBA69D3A6F8BB779521979CE3135290AFE42BD8AD0BC3E058140A5457D1A3D3D6CE7947E123CCA784E7765398F7E9BA43BEBEC2B287F68F2DF4F82A761481F046DC37DF1D6367F18FE70427860E7ABB67207F6F6E427078741EC87E7DD1A245A77FF0C107DFA8AFAFBF2CBC29A5028387DEA90C71DC18E27874982FCD66B3D3FCB81FC857F215EC7690BC35BCFEBA8E071D132643F96ED60DE87EA35FBF7E79FD03766A7F70A10754B1A3086CD9B2A534DF1D63677FFCE31FE3533A2BC3E21D9E81FCBFD989C2E1D179601B4FFF241A807C051C2AE138FBC192929254380E2C138D8270A063A2E63095754E515353533470E0C0BCFD9171FBDD7C5CE84157EC28021515155BC30BB74F3E3BC6CECE38E38CE8D1471F6D0A09788667207F52A9545B7B7BFB83220100503C6A6A6A1AC2EC1E91280C55555577F4E0EE1F8463FC47C37CFEECD9B37F171EFBFBB0DCF1CBA11B376ECC6BB1236EBF9B82BF86B9624711A8A8A8D8145EB887B4D8D1D6D6D69ACBE5DE9E3367CE34CF000000C01EFD598163A76D6BA2CE62C7AA55ABA2CF7EF6B379FB23E2F677DA6F4153EC2802994C664D7D7DFDF07C768C9DBD1B24A183000000E4C1DE0A1C3BE472B9DF86FB7D3D5E5EB66C59FC5B4C79FB83E2F6BBEFB7D003ACD851045A5B5BE72C5FBE7CECD9679F7DC82E35FCECB3CFB624A1830000001C24FB55E0E82E9BCDFE3A93C9FC5B584CD5D6D6767CD5241F179F88DB8DDBEF948BF75BE8C156EC2802E1853B77D9B265F784176C593A9DFF7A47D84FAEAEAEEE7349E820000000BD914AA5A686D9CBFB5BE0E8AEA6A6E6FDAAAAAA97C2E279DBB66D8BE6CF9F1FDD78E38D07FD6F8CDB8DDBEFF452BCDF428F7BDA4B2FF9E2176A269359B974E9D243B2BFC58B17BF92CD666B93D0410000007A63F6ECD9330EA4D0D1258CAD765C49EBF9E79F8FEAEAEA0EEADF17B717B7BBBBFD1532C58E22B179F3E61FFEEA57BF6A6D6F6FCFEB7E42FB6DB366CD3A26291D040000E0709A376FDE7361B6B073BC15CD9831231EDF1DAC7162477BDDC6890B3BF757F0143B8AA8836CDDBAF5B5458B16B5E5733FBFFCE52F5F081DE57F92D2410000000EB730C6FA613A9DEEB836EC471F7D14DD77DF7DBD2E78C48F8FDB89DBEBD410EF272931CB78D9148F134E38E1C5952B577EEBE4934F2E1B326448EA60B7BF7CF9F2DFCD9A356B74E8209357AC58D120E2000000BD178FAF4E3AE9A4D7D2E9F45F859BE9C6C6C6E895575E89C2D8EE807EB034FEEACA5D77DD15BDFFFE8E5F1ED89ECD66AFAEA9A9599694982976145907193D7AF46BAFBEFAEA35E79C734E79DFBE7D0F5ADBEBD6AD5B71FBEDB71F1B3AC85F27A9830000001C096A6B6B579D7AEAA96B53A9D457C3CD746B6B6BC76F6D3434344423478E8C2A2A2AF6D9467CD59559B366450F3FFC70D4D2D2D2B57A7B98BE3B77EEDC05498A57CA4BA6F85455557DBBACAC6CFA4F7FFAD3A3C68C1953DEDBF6962D5BB6E4FEFBEF3F3197CBFDC39C39731E1661000080FC983C79F225994C667E187F0DE85A575A5ADA7196C7B871E3A2E38F3FBEE36C8F418306751442E202477C26477CC18A152B5674BFEA4AAC319BCD4E9E376FDED3498B936247117790D021E65E73CD35AD575D75D588D0597ADC467B7BFBE6071F7C70C90B2FBC302E74906F26B1830000001C69AEBDF6DA51A954EA81B038A117CD2CCAE5723F983B77EE3B498C9162870EF2409F3E7DCEB8E1861B72E79D77DE31E9F4BE7FB3369BCDB63CF1C4132F864E7162585E99E40E02000070A49A3C79F245610C372D2C9EDF8387BD18C671B727FDA2128A1DECE820613A6DD4A851EF5E70C10599112346540E193264E0E0C183FB7EF4D1471F061BEAEAEA1A9F7EFAE9DCFAF5EBCF0C0FAB2D860E02000070A49B3469D2A73399CCD772B9DC5752A9D4F0B0EA98308D08D3DA30AD0FEB3F08EB9F6C6F6FFF4D4D4DCDFBC51013C50E7410000000000000000000000000000000000000000000000000000000000000000000000000000000000000000000000000000000000000000000000000000000000000000000000000000000000000000000000000000000000000000000000000000000000000000000000000000000000000000000000000000000000000000000000000000000000000000000000000000000000000000000000000000000000000000000000000000000000000000000000000000000000000000000000000000000000000000000000000000000008042F6FF7D4A564CDC05EA350000000049454E44AE426082, 0);
INSERT INTO `ACT_GE_BYTEARRAY` VALUES ('6ab82ea7-f14b-11ed-92a9-005056c00001', 1, 'process/jiaban.bpmn20 (1).xml', '6ab82ea6-f14b-11ed-92a9-005056c00001', 0x3C3F786D6C2076657273696F6E3D22312E302220656E636F64696E673D225554462D38223F3E0A3C646566696E6974696F6E7320786D6C6E733D22687474703A2F2F7777772E6F6D672E6F72672F737065632F42504D4E2F32303130303532342F4D4F44454C2220786D6C6E733A7873693D22687474703A2F2F7777772E77332E6F72672F323030312F584D4C536368656D612D696E7374616E63652220786D6C6E733A7873643D22687474703A2F2F7777772E77332E6F72672F323030312F584D4C536368656D612220786D6C6E733A61637469766974693D22687474703A2F2F61637469766974692E6F72672F62706D6E2220786D6C6E733A62706D6E64693D22687474703A2F2F7777772E6F6D672E6F72672F737065632F42504D4E2F32303130303532342F44492220786D6C6E733A6F6D6764633D22687474703A2F2F7777772E6F6D672E6F72672F737065632F44442F32303130303532342F44432220786D6C6E733A6F6D6764693D22687474703A2F2F7777772E6F6D672E6F72672F737065632F44442F32303130303532342F44492220747970654C616E67756167653D22687474703A2F2F7777772E77332E6F72672F323030312F584D4C536368656D61222065787072657373696F6E4C616E67756167653D22687474703A2F2F7777772E77332E6F72672F313939392F585061746822207461726765744E616D6573706163653D22687474703A2F2F7777772E61637469766974692E6F72672F70726F63657373646566223E0A20203C70726F636573732069643D226A696162616E2220697345786563757461626C653D2274727565223E0A202020203C73746172744576656E742069643D227369642D30434642433242322D314437422D344637312D423835302D303838444636383238444132223E3C2F73746172744576656E743E0A202020203C757365725461736B2069643D227369642D44333334363643322D303943372D344238332D393339352D36324237354238313530433922206E616D653D22E7BB8FE79086E5AEA1E689B9222061637469766974693A61737369676E65653D22247B757365724265616E2E676574557365726E616D652831297D223E3C2F757365725461736B3E0A202020203C757365725461736B2069643D227369642D33464534394534332D394330342D343441372D413946352D37303031433542423741424122206E616D653D22E4BABAE4BA8BE5AEA1E689B9222061637469766974693A61737369676E65653D22247B757365724265616E2E676574557365726E616D652832297D223E3C2F757365725461736B3E0A202020203C656E644576656E742069643D227369642D38453833463643362D324342342D343037362D384639312D433631383431454639323732223E3C2F656E644576656E743E0A202020203C73657175656E6365466C6F772069643D227369642D38464434454432372D374433352D343939442D424141432D3046324532384135314530452220736F757263655265663D227369642D30434642433242322D314437422D344637312D423835302D30383844463638323844413222207461726765745265663D227369642D44333334363643322D303943372D344238332D393339352D363242373542383135304339223E3C2F73657175656E6365466C6F773E0A202020203C73657175656E6365466C6F772069643D227369642D42363739324343432D363132382D343430362D383233342D4132343535344637343239432220736F757263655265663D227369642D44333334363643322D303943372D344238332D393339352D36324237354238313530433922207461726765745265663D227369642D33464534394534332D394330342D343441372D413946352D373030314335424237414241223E3C2F73657175656E6365466C6F773E0A202020203C73657175656E6365466C6F772069643D227369642D35383439324145452D364443382D344439442D423635332D4544464339423941393531342220736F757263655265663D227369642D33464534394534332D394330342D343441372D413946352D37303031433542423741424122207461726765745265663D227369642D38453833463643362D324342342D343037362D384639312D433631383431454639323732223E3C2F73657175656E6365466C6F773E0A20203C2F70726F636573733E0A20203C62706D6E64693A42504D4E4469616772616D2069643D2242504D4E4469616772616D5F6A696162616E223E0A202020203C62706D6E64693A42504D4E506C616E652062706D6E456C656D656E743D226A696162616E222069643D2242504D4E506C616E655F6A696162616E223E0A2020202020203C62706D6E64693A42504D4E53686170652062706D6E456C656D656E743D227369642D30434642433242322D314437422D344637312D423835302D303838444636383238444132222069643D2242504D4E53686170655F7369642D30434642433242322D314437422D344637312D423835302D303838444636383238444132223E0A20202020202020203C6F6D6764633A426F756E6473206865696768743D2233302E30222077696474683D2233302E302220783D223132312E31393939373936353939313532372220793D223135352E3939393939373435313930313436223E3C2F6F6D6764633A426F756E64733E0A2020202020203C2F62706D6E64693A42504D4E53686170653E0A2020202020203C62706D6E64693A42504D4E53686170652062706D6E456C656D656E743D227369642D44333334363643322D303943372D344238332D393339352D363242373542383135304339222069643D2242504D4E53686170655F7369642D44333334363643322D303943372D344238332D393339352D363242373542383135304339223E0A20202020202020203C6F6D6764633A426F756E6473206865696768743D2238302E30222077696474683D223130302E302220783D223332392E39393939393530383236313638362220793D223130342E39393939393834333533373831223E3C2F6F6D6764633A426F756E64733E0A2020202020203C2F62706D6E64693A42504D4E53686170653E0A2020202020203C62706D6E64693A42504D4E53686170652062706D6E456C656D656E743D227369642D33464534394534332D394330342D343441372D413946352D373030314335424237414241222069643D2242504D4E53686170655F7369642D33464534394534332D394330342D343441372D413946352D373030314335424237414241223E0A20202020202020203C6F6D6764633A426F756E6473206865696768743D2237392E3939393939393939393939393939222077696474683D223130302E302220783D223634342E393939393830373737353032352220793D223130342E3939393939363837303735363232223E3C2F6F6D6764633A426F756E64733E0A2020202020203C2F62706D6E64693A42504D4E53686170653E0A2020202020203C62706D6E64693A42504D4E53686170652062706D6E456C656D656E743D227369642D38453833463643362D324342342D343037362D384639312D433631383431454639323732222069643D2242504D4E53686170655F7369642D38453833463643362D324342342D343037362D384639312D433631383431454639323732223E0A20202020202020203C6F6D6764633A426F756E6473206865696768743D2232382E30222077696474683D2232382E302220783D22313030342E393939393835303234333333322220793D223135362E39393939393132303833313532223E3C2F6F6D6764633A426F756E64733E0A2020202020203C2F62706D6E64693A42504D4E53686170653E0A2020202020203C62706D6E64693A42504D4E456467652062706D6E456C656D656E743D227369642D38464434454432372D374433352D343939442D424141432D304632453238413531453045222069643D2242504D4E456467655F7369642D38464434454432372D374433352D343939442D424141432D304632453238413531453045223E0A20202020202020203C6F6D6764693A776179706F696E7420783D223135312E31393939373936353939313532372220793D223137302E3939393939373435313930313436223E3C2F6F6D6764693A776179706F696E743E0A20202020202020203C6F6D6764693A776179706F696E7420783D223234302E35393939383733373132363630382220793D223137302E3939393939373435313930313436223E3C2F6F6D6764693A776179706F696E743E0A20202020202020203C6F6D6764693A776179706F696E7420783D223234302E35393939383733373132363630382220793D223134342E39393939393834333533373831223E3C2F6F6D6764693A776179706F696E743E0A20202020202020203C6F6D6764693A776179706F696E7420783D223332392E39393939393530383236313638362220793D223134342E39393939393834333533373831223E3C2F6F6D6764693A776179706F696E743E0A2020202020203C2F62706D6E64693A42504D4E456467653E0A2020202020203C62706D6E64693A42504D4E456467652062706D6E456C656D656E743D227369642D42363739324343432D363132382D343430362D383233342D413234353534463734323943222069643D2242504D4E456467655F7369642D42363739324343432D363132382D343430362D383233342D413234353534463734323943223E0A20202020202020203C6F6D6764693A776179706F696E7420783D223432392E39393939393530383236313638362220793D223134342E3939393939383138373032353433223E3C2F6F6D6764693A776179706F696E743E0A20202020202020203C6F6D6764693A776179706F696E7420783D223634342E393939393830373737353032352220793D223134342E39393939393731313931303839223E3C2F6F6D6764693A776179706F696E743E0A2020202020203C2F62706D6E64693A42504D4E456467653E0A2020202020203C62706D6E64693A42504D4E456467652062706D6E456C656D656E743D227369642D35383439324145452D364443382D344439442D423635332D454446433942394139353134222069643D2242504D4E456467655F7369642D35383439324145452D364443382D344439442D423635332D454446433942394139353134223E0A20202020202020203C6F6D6764693A776179706F696E7420783D223734342E393939393830373737353032352220793D223134342E39393939393638373037353632223E3C2F6F6D6764693A776179706F696E743E0A20202020202020203C6F6D6764693A776179706F696E7420783D223838322E343939393832363737343030352220793D223134342E39393939393638373037353632223E3C2F6F6D6764693A776179706F696E743E0A20202020202020203C6F6D6764693A776179706F696E7420783D223838322E343939393832363737343030352220793D223137302E39393939393132303833313532223E3C2F6F6D6764693A776179706F696E743E0A20202020202020203C6F6D6764693A776179706F696E7420783D22313030342E393939393835303234333333322220793D223137302E39393939393132303833313532223E3C2F6F6D6764693A776179706F696E743E0A2020202020203C2F62706D6E64693A42504D4E456467653E0A202020203C2F62706D6E64693A42504D4E506C616E653E0A20203C2F62706D6E64693A42504D4E4469616772616D3E0A3C2F646566696E6974696F6E733E, 0);
INSERT INTO `ACT_GE_BYTEARRAY` VALUES ('6ab855b8-f14b-11ed-92a9-005056c00001', 1, 'process/myfilename-20230513033723448.png', '6ab82ea6-f14b-11ed-92a9-005056c00001', 0x89504E470D0A1A0A0000000D494844520000043B000000EC08060000007AC7ADA6000000206348524D00007A26000080840000FA00000080E8000075300000EA6000003A98000017709CBA513C0000000467414D410000B18E7CFB5193000000017352474200AECE1CE900000006624B474400FF00FF00FFA0BDA793000000097048597300000EC400000EC401952B0E1B000014E24944415478DAEDDD7B7055F59D00F073EFCD0B0191675161ABB0ADF8AA5A5BB45557051F58D7D55A82C94C579CD6B1DD6DA70F44DD19DD5556AB8ECAFEB1E34E5BC7DD3AD6154840775AA7222BBEBA5AA5017534AEB80A4151446C8292040849EEFE7E9984CDF20EC945EEBD9FCFCC997338E7DEDF09DFDCDFF7FE7EDF9C7B4F9200000000000000000000000000000000000000000000000000000000000000000000000000000000000000000000000000000000000000000000000000000000000000000000000000000000000000000000000000000000000000000000000000000000000000000000000000000000000000000000000000000000000000000000000000000000000000000000000000000000000000000000000000000000000000000000000000000000000000000000000000000000000000000000000000000000000000000000000000000000000000000000000000000000000000000000000000000000000000000000000000000000000000000000000000000000000000000000000000000000000000000000000000000000000000000000000000000000000000000000000000000000000000000000000000000000000000000000000000000000000000000000000000000000000000000000000000000000000000000000000000000000000000000000000000000000000000000000000000000000000000000000000000000000000000000000000000000000000000000000000000000000000000000000000000000000000000000007544A0800FA2E9BCD96AE5EBDFAC7CDCDCD57B6B4B47CA1ADADAD3C2C726A3F959696B69794946C2C2B2B7B36C4F68E2953A62C171590EBE43A00FACA9B15401FAD5DBBF66FD6AF5F7F7718A00E1E3B766C3262C488A4A2A222098356C1E9A730894AB66CD99234363626EBD6AD6BCF64327561DFB7A74E9DFA8EE8805C27D701B0AF143B00F651369B4DAF59B366414343C3F4F1E3C727471C7144924EA70526473A3B3B930F3EF82009316F0DB19F1E26018F8B0AC875721D00FBC23B17C03E8A83FFB04C3FFEF8E39371E3C619FCE7FA0D2AC437C6F9C4134F3C246CD72E5DBAF4225101B94EAE03605F64840060EFE2E5DCAB56ADBA2E0EFE0F3DF4D09D8E6FFE746DB2AE7E51B2FECDDF247F6A783669695A9D940D1E9D94961F2A78FD545E5E9E0C1B36AC6CFDFAF517CF9C3973E1830F3ED8242A20D7C97500EC89523DC05EC42FE88B9F5B8F9773EF6AF0BF65D3BAE4BDE5FF9AB436BE9374766CEB5AE276DC178FD17F31EE21FE1DE177718F68805C27D701B0378A1D007B11EF44D0D2D232387E6E7D571A1B9EEB1AF4EF28EE8BC71818610230329D4E9FB978F1E2934403E43AB90E803D51EC00D88BE6E6E69963C68CD9EDE7D6377FF2DE6E9FBBA763F4F10D2BC47FD4A8511F85F5B74403E43AB90E803DE6532100D8B396969689F1968BBBD3D9B96DBF8ED17761223624954A9D2F1220D7C97500EC49891000EC595B5B5BC5A0418304E22070C821878CF0DE05729D5C07C0DE48A2007BB16DDBB6546969E91E1E91DACF63F4555959D990B0321B03B94EAE03608F7C8C05602FB2D96C924AED7E205F3668F87E1DA3EFBA7F0F6E9B0E729D5C07C01E297600F4D388CF9F99A433653BEDCF940E4A461E75B60001721D001C608A1D00FD3474CCF1C9E0515FDC69FF2123262643464F122040AE0380034CB103A0BFB2D9A4A3AD75A7DD5DFBC23100B90E000E2CC50E807E686BFD53F2EEF2FB93D6A6553B1D8BFBE2B1F81800B90E000E1CC50E80FD91CD264DEFBE9034BC746FD2BA71CD6E1F168FC5C7C4C7FACB2720D701C081E1D6B3007D14FF7AF9E11B8FEC71E0DF5B67C7B664FD5BBF4B367D549F8C3DEEF2A4EC90918208C875009043AEEC00E8A3BDFD8573777AFEF20920D701406E297600F451FCEBE567F15C00B90E00F68D8FB100F4D1A4F36E130440AE038083982B3B0000008082A2D8010000001414C50E000000A0A02876000000000545B10300000028288A1D000000404151EC000000000A8A62070000005050143B0000008082A2D8010000001414C50E000000A0A02876000000000545B10300000028288A1D40C1ABAEAEBE362C5F130940AE0380E250220440A1CB66B3F7C4755555D52761F5682A95BA6FDEBC797F1019A040735D5358D5865CF7805C0740B152EC008AC9B0B05C15260457E573E1E3D5575F4D962C59B2D3FE934F3E39193366CC801F3BFFFCF3BD7220BF0C0FCB3521D75D93CF850FB90E80FE50EC008A55DE163E5E7AE9A564F0E0C1C9A9A79EBA7D5F4B4B4BF2C8238F245FFAD29706FC980900E4B5BC2D7CC87500F4876207401E163E264D9A949C76DA69DBFFBD71E3C6AEC17AAE8E010521EF0A1F721D00FB4BB103F2546565E588929292EF85416B99680CA8ED858FEAEAEA2D615DBF69D326513948343737775DDA1E266A378B06F44BEFC2C7E6B0FD9A5C27D7915F52A9545B7B7BFB2F6B6B6B1B450376A6D801792A9D4EC741EAED22913B21BE156175EAB265CB928B2FBE58400E02CF3FFF7C52575717376F110D183083C23259AE93EBC8BB714A1C0F66C3E69DA2013B53EC803C954AA5CABB379FE95ED8BD7D1D2C768425D3EBDFF1232DAF4D9E3CF94C213C389C71C619C95B6FBD1527012600B0FFB9AE7D8731A05C27D7917FCE894BAFF120B003C50EC87FCFCC9F3F7F8E30EC5E5555D56E078B6190B02D9BCD9676FF33163ADE0DFB1686F5C29ECFB17FF7BBDFCD8AE2C161C89021C949279D94CC9E3DDB6B1EFA90EB82AD6129EF35FE93EBE43AF2BBBFC7D5392201BBA7D801149DDE058EEEF54E837E8002D0BBC0512ED701504C143B80A2900DC2203FD5BDADC001147CAE4B14380028628A1D4051E81EFC1BF403721D001401C50EA01806FFB3C3EA85421AF4DF7FFFFDC9134F3CB1FDDF5BB76ECDE93140AE93EB00C8278A1D40C10B03FFB985F4FFA9AEAE4E2EBCF0C29DF6C72FB42B2B2B1BF063805C27D701906F143B00F2CCD0A143BB963D1D1FE86300721D00F9242D040000004021716507000000E4B1CACACA233399CC25D96CF61BA9546A6CD8757858C685656D58D685FD1F86FDBFEBE8E8F86D6D6DEDFBC51013C50EB67BE28927A6AC5DBBF6C7EFBDF7DED75A5B5B876CDAB4A9BCA9A9297DD86187B50F1932647359595953D8FE6D6363E33FDD79E79DAB440C0000E0B33363C68C73D3E9F49CB07956FCF7FFDD7D7CBB58F018D7BDFF924C26F3F3AAAAAADF777676DE5C5353F37421C746B1A3C865B3D9D4A2458B6E7DF9E59767D5D6D60EFAF297BF9C4C9B362D193D7A7472D861872523468C481A1B1B4B366EDC3874C3860D4357AC58F183952B57FEEDAC59B3D6959494FCE0AEBBEEFA0F510400003870AEB8E28A89A954EADEB0396D3F9E7E563A9D7EAAAAAA6A71980FFE70C18205EF14628C143B8AD8E38F3FFECD3973E63CB071E3C643436749264F9E9C8417FD4E8F8B058FB84C98302139EDB4D392CECECED4B265CB8E983F7FFEA29FFEF4A7FFB361C386BF7CE8A187DE1651000080DC9A3163C679A954AA266C0EEFD9575A5A9A1C77DC715D73BAA38E3AAAF71FAE9330DF4B1A1A1A9230874BEAEBEBB3EDEDED3D977F4C0BEDFC31B437A3A6A6E6C9428B936247910A2FE63B1E7DF4D11B2EBBECB2D405175C906432997D7E6E2C889C7EFAE9C957BFFAD5F492254B8E59B468D1EBDFFFFEF7A7FFE217BF784C6401000072A3AAAAEA3B61F5CB9EB97C9CC79D73CE39C9F4E9D3BB0A1C3BEAFD87EB2953A6C4C2476AE1C285C9D34F3F9D8D7FC40E0F191EE6778F8776BF377FFEFC7F2BA458B91B4B117AE081076AC38BFBEF66CD9A95BAE8A28BFA54E8E82D3E2F3EFFBAEBAE2B0F1DE5916BAEB9E607A20B000030F0E2151D49AF42C7A851A392DB6EBB2DB9FAEAAB7759E8D895F8B8F8F89FFDEC67A99123477676EF8EEDFDB2BBFD82A1D851641E7EF8E1392FBEF8E2F45B6EB92539E6986306A4CDD8CEADB7DE5ADAD9D939B7BABAFA7C5106000018389595957F9E4EA71724DD858E891327C68245D74756F6477CDEEDB7DF9E9E306142B67B57496C3F9EA75062A6D851446A6A6AA63DFBECB37FFF939FFC24193366CC80B61DDB9B3D7B76794545C5A385D4410000003E6B994CE69FC36A44DC8E57745C7FFDF5C9A1871EDAAF36E3F36FB8E186DE57788CE83E4F4150EC2822AFBDF6DA83975E7A696AA0AEE8D8516C77FAF4E91543860CB95FB4010000FA2FDE5E36AC2E8ADBF1AB04AEBDF6DA7E173A7AC47666CF9E9D0E7AAEF0B8A8FB7C794FB1A3483CF0C003D76EDAB46974FC32D25CBAF0C20B33151515A7164A07010000E88FEAEAEA6BC3F2B5FD9EB4A7D3FFD8B31DBF8C747F3FBAB23BB1BD73CF3D37B5ABF3E533C58E22F1C61B6FDC186F2FBBBF5F46BAAF62FB575E79E5E08A8A8ABB441D00002876D96CF69EB0BC505555B5A6BABA7A6E5F0A1F9595954786D519713BDE5E36DE75251762BB2525253D57779CD17DDEBCA6D85104EEB9E79E494D4D4DC3E33D970F84709E58153CB6103A080000C00088DF8BF167D96C76565F0A1FE974FAAFC2AAEBAA8BE38F3F7E9FEFBAD257B1DD134E38A1E7EA8E54F779F35A89D75CE1CB6432D79D72CA29B1A31C90F3C5F39C78E2899BEAEAEA6207F9B9DF00000050E4BA2663A954EAD3B8CE66B35D858FB039ABAAAAEADDB07F61D85E386FDEBC3FF47E52D8BFFD6E975FF9CA5772FA03C6F65F79E595DEE7CDEBB99C624711D8B061C359975C72C9013DE7D7BFFEF561CB972FCFFB0E0200003050B2D9ECF66F16DDC7C2C7F89EC74F983021A73FDB0EED8FCFF7582B761481D6D6D6919FFBDCE70EE8390F3FFCF041E974FAF3A20F000039734E981C8B429EEA5DF808B676AF7B173E3E09EB413D0FC8D5475876D3FE11F91E5FC58E22D0D2D23238D71D6347F1CB73822F860E7AB3DF40EEDEDC840000A02827C95B53A954CF78D098B03094EF62DFB0DEFF183A74684E7F801DDA1F99EF0155EC28029B376F2ECD75C7D851FCAC576767E790B0798BDF40EEDFEC440100A0788471F67D252525A9300E2C138DBCB0BF73A2E6B094752FC9A64D9B92E1C387E7EC878CEDF7F2A77C0FBA624711A8A8A8D81A5EB88372D9317674F2C927270F3FFCF0A69080E7FA0DE44E2A956AEBE8E8B84F2400008A476D6D6D6358DD2112F9A1AAAAEA963E3CFCC330C67F38E9FECE8EF0DC3F86EDAE6F26DDB871634E8B1DB1FD5E3EC8F7B82B7614818A8A8A4FC20BF780163BDADADA5AB3D9ECCAF9F3E7CFF11B000000D8ADFF57E0D8E1D87B4977B163D5AA55C9D1471F9DB31F22B6BFC379F39A624711C86432EFAD5FBF7E6C2E3BC68E560785D04100000072604F058EEDB2D9EC7F86C77D336ED7D5D52553A74ECDD90F14DBEF7DDE7C0FB0624711686D6D9DBF62C58A534F3FFDF4F4813AE7534F3DD552081D04A2F80560E1F59C747F11189FA1F07B881F263D442440AE93EB803CB44F058EDE3A3B3B7F93C964FE25A6E9FAFAFAAE8F9AE4E2E613B1DDD87E4F1A8AE7CDF7602B761481F0C25D505757774778C196A5D3B9AF7784F3641B1A1ABE50081D04BA12654949FBB66DDB4ACACA7C07D8676DEBD6AD1F25BD6EC106C875721D70B04BA552B3C3EA857D2D70F4565B5BFB7E5555D5F361F3CC90A393850B1726575F7DF580FF8CB1DDD87EB7E7E379F33DEE692FBDC2175FA8994CE6AD65CB961D90F32D59B2E4C5CECECEFA42E820D03D01D8B879F366813808343737C70F93BE2B1220D7C97540BE98376FDEDCFD2974F40873AB7FE8D97EE699679286868601FDF9627BB1DD5D9D2F9F297614894F3FFDF447BFFEF5AF5B3B3A3A727A9ED07EDB430F3D7478A1741088CACACA9E6D6C6C148883C0DAB56B7D440EE43AB90E282A3535354F87D5E3DDF3AD64EEDCB9717E3750F3C4AEF67ACD131FEF3E5FDE53EC28A20EB275EBD6E58B172F6ECBE5797EF5AB5F3D173ACA7F174A0781A8B9B9F98EF5EBD7B77776760AC66728C47F5578433E35AC178906C875721D504CC21CEB47E974BAEBDEB01F7FFC7172D75D77F5BBE0119F1FDB89ED756B8CE729949829761491F062FE4E4D4D4DEBCA952B73328A59B162C51F962E5D7A4221751088A64C99B23CBCB9D47DF0C10782F119AAAFAFFFAFB0FAE3B469D35E150D90EBE43AA098D4D6D6BEDDDEDE5E994AA5BA2EC178E79D77921B6FBC71BF3FD2129F179F1FDBE9168BDD57C4F3144ACC143B8AAC836CD9B2A5F2CE3BEF6CF9E8A38F06B4ED30307AE3EEBBEF3E3A7490BF2EA40E023DDADADABEBD66CD9A9681BA6490BE0939EBDF9B9A9A2E0C13B1EB4503E43AB90E28463535354F66B3D96B7A0A1EF18A8C9B6EBA29B9FFFEFBBBEEA6B22FE2E3E2E3E3F37A5DD1D11E96EFC5F60B295E192F99E2525F5FBF6AD2A449EB9F7AEAA9BF38F6D863D3A3468DEAF71D79EAEAEA9E9D3367CEB8B079D382050B5C7249417AF0C1079B66CE9CF9CA860D1B2E1B366C58597979B9A01CC0C1FF9B6FBE39250CFEBF3375EAD4652202729D5C0714ABD75F7FFDE5E38E3BEE85902B2E0DFFAC88B70C5FBD7A75BC4944B272E5CA58B4EEBA8D785C060D1A94C4EF625AB76E5DF2F2CB2F2761AE16F37CF2F6DB6F771DEFD6D4D9D9795921CEE3DC48BD48CD9831E3BCD2D2D205975F7E79EBA5975E3A2E93E97BDDABA3A3E3D3FBEEBBEFD9E79E7B6E72E820DF2EB44A20ECCA934F3E392D954ACD1F3F7E7C7B58461E88DB3917ABF8B9F57839775353538CF9CCF3CE3B6FB1A8805C27D70124C915575C3131E48C7BC3E6B47E34B3389BCDFE70C18205EF14628C143B74907B070D1A74F255575D953DF3CC330FDF97C14C78536E79ECB1C77E1F3AC517C3F65B85DC416057962E5D3A31BCEEEF09FDE7ACD1A347AF1B3B76ECB08A8A8A11E5E5E58345A75F9AB76CD9B2A1A5A5E5ADB56BD7B67EF2C92793C3BE97E2E5DC53A74E956340AE93EB00763063C68C7343FE981336CFEAC3D37E1FE6713717FA4D25143BD8DE41C272E2C48913579F7DF6D99971E3C60D19356AD4F09123470EFEF8E38F3F0A36343434343DF9E493D975EBD69D129E565F0C1D04F664F1E2C527857EF3AD3011B8204C088E0CEB71A2D23F218E6B431CDF0FEB25F14E04BEA00FE43AB90E60EF2A2B2B8FCC64329784BCF28D905FC6865D878725E6EBB5615917F67F18F6FFAEA3A3E3B7B5B5B5EF17434C143BD0410000000000000000000000000000000000000000000000000000000000000000000000000000000000000000000000000000000000000000000000000000000000000000000000000000000000000000000000000000000000000000000000000000000000000000000000000000000000000000000000000000000000000000000000000000000000000000000000000000000000000000000000000000000000000000000000000000000000000000000000000000000000000000000000000000000000000000000000000000000000F2D9FF0218404A830E6F11110000000049454E44AE426082, 0);
INSERT INTO `ACT_GE_BYTEARRAY` VALUES ('7e863bf6-f8a2-11ed-af44-005056c00001', 1, 'qingjia.bpmn20.xml', '7e863bf5-f8a2-11ed-af44-005056c00001', 0x3C3F786D6C2076657273696F6E3D22312E302220656E636F64696E673D225554462D38223F3E0A3C646566696E6974696F6E7320786D6C6E733D22687474703A2F2F7777772E6F6D672E6F72672F737065632F42504D4E2F32303130303532342F4D4F44454C2220786D6C6E733A7873693D22687474703A2F2F7777772E77332E6F72672F323030312F584D4C536368656D612D696E7374616E63652220786D6C6E733A7873643D22687474703A2F2F7777772E77332E6F72672F323030312F584D4C536368656D612220786D6C6E733A61637469766974693D22687474703A2F2F61637469766974692E6F72672F62706D6E2220786D6C6E733A62706D6E64693D22687474703A2F2F7777772E6F6D672E6F72672F737065632F42504D4E2F32303130303532342F44492220786D6C6E733A6F6D6764633D22687474703A2F2F7777772E6F6D672E6F72672F737065632F44442F32303130303532342F44432220786D6C6E733A6F6D6764693D22687474703A2F2F7777772E6F6D672E6F72672F737065632F44442F32303130303532342F44492220747970654C616E67756167653D22687474703A2F2F7777772E77332E6F72672F323030312F584D4C536368656D61222065787072657373696F6E4C616E67756167653D22687474703A2F2F7777772E77332E6F72672F313939392F585061746822207461726765744E616D6573706163653D22687474703A2F2F7777772E61637469766974692E6F72672F70726F63657373646566223E0A20203C70726F636573732069643D2271696E676A69612220697345786563757461626C653D2274727565223E0A202020203C73746172744576656E742069643D227369642D34313342464535382D384631322D343537412D384345452D333544394244343235334331223E3C2F73746172744576656E743E0A202020203C757365725461736B2069643D227369642D35303939333735462D453442312D343345382D413839392D33303543303743364335384122206E616D653D22E5BCA0E4B889E5AEA1E689B9222061637469766974693A61737369676E65653D227A68616E6733223E3C2F757365725461736B3E0A202020203C757365725461736B2069643D227369642D35393035463730432D453034412D343744342D384237342D33413631323835394145383322206E616D653D22E69D8EE59B9BE5AEA1E689B9222061637469766974693A61737369676E65653D226C6934223E3C2F757365725461736B3E0A202020203C656E644576656E742069643D227369642D33353731303938412D303638462D343631412D383545382D444537433943383141364139223E3C2F656E644576656E743E0A202020203C73657175656E6365466C6F772069643D227369642D36333644353344352D454446422D343631392D383941412D3136463531363834303938332220736F757263655265663D227369642D34313342464535382D384631322D343537412D384345452D33354439424434323533433122207461726765745265663D227369642D35303939333735462D453442312D343345382D413839392D333035433037433643353841223E3C2F73657175656E6365466C6F773E0A202020203C73657175656E6365466C6F772069643D227369642D37384441343537302D413639392D344346382D393230342D3734303842343331444133342220736F757263655265663D227369642D35303939333735462D453442312D343345382D413839392D33303543303743364335384122207461726765745265663D227369642D35393035463730432D453034412D343744342D384237342D334136313238353941453833223E3C2F73657175656E6365466C6F773E0A202020203C73657175656E6365466C6F772069643D227369642D39434133384444332D383544362D344636352D383442412D3036394230314145354146322220736F757263655265663D227369642D35393035463730432D453034412D343744342D384237342D33413631323835394145383322207461726765745265663D227369642D33353731303938412D303638462D343631412D383545382D444537433943383141364139223E3C2F73657175656E6365466C6F773E0A20203C2F70726F636573733E0A20203C62706D6E64693A42504D4E4469616772616D2069643D2242504D4E4469616772616D5F71696E676A6961223E0A202020203C62706D6E64693A42504D4E506C616E652062706D6E456C656D656E743D2271696E676A6961222069643D2242504D4E506C616E655F71696E676A6961223E0A2020202020203C62706D6E64693A42504D4E53686170652062706D6E456C656D656E743D227369642D34313342464535382D384631322D343537412D384345452D333544394244343235334331222069643D2242504D4E53686170655F7369642D34313342464535382D384631322D343537412D384345452D333544394244343235334331223E0A20202020202020203C6F6D6764633A426F756E6473206865696768743D2233302E30222077696474683D2233302E302220783D223131312E31393939373938303839323638382220793D223137372E3939393939373132343037353935223E3C2F6F6D6764633A426F756E64733E0A2020202020203C2F62706D6E64693A42504D4E53686170653E0A2020202020203C62706D6E64693A42504D4E53686170652062706D6E456C656D656E743D227369642D35303939333735462D453442312D343345382D413839392D333035433037433643353841222069643D2242504D4E53686170655F7369642D35303939333735462D453442312D343345382D413839392D333035433037433643353841223E0A20202020202020203C6F6D6764633A426F756E6473206865696768743D2238302E30222077696474683D223130302E302220783D223331342E393939393935333036313334332220793D223134392E3939393939373736343832353835223E3C2F6F6D6764633A426F756E64733E0A2020202020203C2F62706D6E64693A42504D4E53686170653E0A2020202020203C62706D6E64693A42504D4E53686170652062706D6E456C656D656E743D227369642D35393035463730432D453034412D343744342D384237342D334136313238353941453833222069643D2242504D4E53686170655F7369642D35393035463730432D453034412D343744342D384237342D334136313238353941453833223E0A20202020202020203C6F6D6764633A426F756E6473206865696768743D2238302E30222077696474683D223130302E302220783D223631392E313939393731373137353936342220793D223135362E39393939393730363434373133223E3C2F6F6D6764633A426F756E64733E0A2020202020203C2F62706D6E64693A42504D4E53686170653E0A2020202020203C62706D6E64693A42504D4E53686170652062706D6E456C656D656E743D227369642D33353731303938412D303638462D343631412D383545382D444537433943383141364139222069643D2242504D4E53686170655F7369642D33353731303938412D303638462D343631412D383545382D444537433943383141364139223E0A20202020202020203C6F6D6764633A426F756E6473206865696768743D2232382E30222077696474683D2232382E302220783D223934392E313939393637333336363535322220793D223136372E39393939393732383739383837223E3C2F6F6D6764633A426F756E64733E0A2020202020203C2F62706D6E64693A42504D4E53686170653E0A2020202020203C62706D6E64693A42504D4E456467652062706D6E456C656D656E743D227369642D36333644353344352D454446422D343631392D383941412D313646353136383430393833222069643D2242504D4E456467655F7369642D36333644353344352D454446422D343631392D383941412D313646353136383430393833223E0A20202020202020203C6F6D6764693A776179706F696E7420783D223134312E31393939373938303839323638382220793D223139322E3939393939373132343037353935223E3C2F6F6D6764693A776179706F696E743E0A20202020202020203C6F6D6764693A776179706F696E7420783D223232382E303939393837353537353330362220793D223139322E3939393939373132343037353935223E3C2F6F6D6764693A776179706F696E743E0A20202020202020203C6F6D6764693A776179706F696E7420783D223232382E303939393837353537353330362220793D223138392E3939393939373736343832353835223E3C2F6F6D6764693A776179706F696E743E0A20202020202020203C6F6D6764693A776179706F696E7420783D223331342E393939393935333036313334332220793D223138392E3939393939373736343832353835223E3C2F6F6D6764693A776179706F696E743E0A2020202020203C2F62706D6E64693A42504D4E456467653E0A2020202020203C62706D6E64693A42504D4E456467652062706D6E456C656D656E743D227369642D39434133384444332D383544362D344636352D383442412D303639423031414535414632222069643D2242504D4E456467655F7369642D39434133384444332D383544362D344636352D383442412D303639423031414535414632223E0A20202020202020203C6F6D6764693A776179706F696E7420783D223731392E313939393731373137353936342220793D223139342E3434383937363635363330383035223E3C2F6F6D6764693A776179706F696E743E0A20202020202020203C6F6D6764693A776179706F696E7420783D223934392E323138313533343133383032382220793D223138322E3731333335353134313139353435223E3C2F6F6D6764693A776179706F696E743E0A2020202020203C2F62706D6E64693A42504D4E456467653E0A2020202020203C62706D6E64693A42504D4E456467652062706D6E456C656D656E743D227369642D37384441343537302D413639392D344346382D393230342D373430384234333144413334222069643D2242504D4E456467655F7369642D37384441343537302D413639392D344346382D393230342D373430384234333144413334223E0A20202020202020203C6F6D6764693A776179706F696E7420783D223431342E393939393935333036313334332220793D223139312E3135303535363538313739353835223E3C2F6F6D6764693A776179706F696E743E0A20202020202020203C6F6D6764693A776179706F696E7420783D223631392E313939393731373137353936342220793D223139352E38343934333832343735303133223E3C2F6F6D6764693A776179706F696E743E0A2020202020203C2F62706D6E64693A42504D4E456467653E0A202020203C2F62706D6E64693A42504D4E506C616E653E0A20203C2F62706D6E64693A42504D4E4469616772616D3E0A3C2F646566696E6974696F6E733E, 0);
INSERT INTO `ACT_GE_BYTEARRAY` VALUES ('b55a8971-f13a-11ed-bc1a-005056c00001', 1, 'process/myfilename-20230513024833422.png', 'b55a8970-f13a-11ed-bc1a-005056c00001', 0x89504E470D0A1A0A0000000D494844520000043B000001050806000000EDFBEC58000000206348524D00007A26000080840000FA00000080E8000075300000EA6000003A98000017709CBA513C0000000467414D410000B18E7CFB5193000000017352474200AECE1CE900000006624B474400FF00FF00FFA0BDA793000000097048597300000EC400000EC401952B0E1B000015874944415478DAEDDD7B9054D59900F0DBDDCC83B7BC1415370A1B657DC41823B23ECA08A81897D518C0A12A0AAB96C96E52C620EAA6CC6E74D568F9FA63CB2D34E52684B8066640B7A215918806B3268A40B4144B30E2A823089801811986C774EF39B333EEC84381999E47F7EF5775EBDEB9B7FBDC996FFA7C7DCFD7F7F64D1200000000000000000000000000000000000000000000000000000000000000000000000000000000000000000000000000000000000000000000000000000000000000000000000000000000000000000000000000000000000000000000000000000000000000000000000000000000000000000000000000000000000000000000000000000000000000000000000000000000000000000000000000000000000000000000000000000000000000000000000000000000000000000000000000000000000000000000000000000000000000000000000000000000000000000000000000000000000000000000000000000000000000000000000000000000000000000000000000000000000000000000000000000000000000000000000000000000000000000000000000000000000000000000000000000000000000000000000000000000000000000000000000000000000000000000000000000000000000000000000000000000000000000000000000000000000000000000000000000000000000000000000000000000000000000000000000000000000000000000000000000000000000000000000000000000000000000000000000000000000000000000000000000000000000000000000000000000000000000000000000000000000000000000000000000000000000000000000000000000000000000000000000000000000000000000000000000000000000000000000000000000000000000080BD4A090140C7CAE57225EFBCF3CEF7B76EDD7A455D5DDD1777ECD8511626F9B88D4A4A4A76F5E8D163536969E9E210DB3BC78C19B34C5440AE93EB008A93371C800E545353F38FEBD6ADBB271CA0F61E3A74683270E0C0A4BCBC3C0907AD82D34661109534343424B5B5B5C9DAB56B77653299A561DDB7C68E1DFBB6E8805C27D7011417C50E800E90CBE5D2EFBEFBEEDCEAEAEA89471D755472C4114724E9745A60F2249BCD266BD6AC4942CCEB43EC278641C053A202729D5C07503CBCFB00748078F01FA689279C7042326CD83007FFF97E730BF18D713EE9A4937A85E5AA458B165D282A20D7C97500C523230400F9154FE75EBD7AF50DF1E0BF5FBF7E7B6CDFB6B92659BB627EB2EECD5F277FA95E9CD46D7C2729ED3D242929EB27786D54565696F4EFDFBF74DDBA75174D9D3A75DEECD9B3378A0AC875721D40E1536E07C8A3F8057DF1BAF5783AF7DE0EFE1BB6AC4DDE5FF69F497DEDDB49B67167D31497E3BAB88DB68B710FF16F0CFF8B7B4503E43AB90EA038287600E451BC13415D5D5DEF78DDFADED4563FDF74D0BFBBB82E6EA37D8401C0A0743A7DD682050B4E160D90EBE43A80C2A7D80190475BB76E9D7AE8A187EEF3BAF56D1FBFBFCFE77ED6360EF0CD2EC47FF0E0C1EBC3FC9BA201729D5C07500439510800F2A7AEAE6E44BCE5E2BE64B33B0F6A1B072E0CC4FAA452A9F34402E43AB90EA0F0F5100280FCD9B1634779CF9E3D05A20BE8D5ABD740EF7B20D7C97500C5412204C8A39D3B77A64A4A4A3EE311A983DCC6812A2D2DED1366466320D7C9750045C0652C007994CBE592546ADF07F2A53D071CD4360E5CF3FFC12DD741AE93EB008A80620740271AF885B39274A6748FF599929EC9A0A3CF112040AE038083A0D801D089FA1E7A42D27BF0B17BACEF357044D267C8480102E43A0038088A1D009D29974B1A77D4EFB1BA695DD80620D701C08153EC00E8243BEAFF92BCB7ECE1A47EE3EA3DB6C575715B7C0C805C07000746B103A0A3E572C9C6F7FE9054BFF44052BFE9DD7D3E2C6E8B8F898FF5C92720D701C0FE73EB59800E143FBDFCF08DC73EF3C0BFB56CE3CE64DDAADF245BD6AF48861E7F6952DA6B902002721D007C0E67760074A0CFFB84735F5A3EF90490EB00E0F329760074A0F8E965673C1740AE03A098B88C05A0038D1C77BB2000721D00E499333B0000008082A2D8010000001414C50E000000A0A0F8CE0E000000E8C6264D9A746426939990CBE5BE9E4AA586865587876958986AC2B436ACFF30ACFF4D6363E3135555551F14434C143BF8C4D34F3F3DA6A6A6E6FBEFBFFFFEDFD6D7D7F7D9B2654BD9C68D1BD3871C72C8AE3E7DFA6C2B2D2DDD18969FA8ADADBDFFAEBBEE5A2D620000009D67F2E4C9E7A6D3E95BC3E2D9F1E7542AB5FB4362C16358F3FA09994C66664545C5EFB3D9EC8F2B2B2B9F2BE4D8287614B95C2E979A3F7FFE6D7FFAD39FA6575555F5FCCA57BE928C1F3F3E1932644872C821872403070E4C6A6B6B7B6CDAB4A9EF860D1BFA2E5FBEFCBB2B57AEFCA7E9D3A7AFEDD1A3C777EFBEFBEEFF16450000808E73D965978D48A5520F84C5F107F1F4B3D3E9F4B31515150BC278F07B73E7CE7DBB1063A4D851C49E7AEAA96FDC7AEBADB3366DDAD42F749664D4A8514978D1EFF1B858F088D3F0E1C393D34F3F3DC966B3A9254B961C3167CE9CF93FF8C10FDEDAB061C3DF3DF2C8237F1651000080FC9A3C79F2B8542A55191607B4AC2B2929498E3FFEF8A631DDD1471FDDFA83EB248CF792EAEAEA248CE192152B56E476EDDAD572FAC7F8D0CECBA1BDC9959595CF145A9C143B8A547831DFF9F8E38FDF74C92597A4CE3FFFFC2493C9ECF773634164F4E8D1C969A79D965EB870E171F3E7CF7FFD3BDFF9CEC4071F7CF04991050000C88F8A8A8A2BC3ECA196B17C1CC77DED6B5F4B264E9CD854E0D85DEB0FAEC78C19130B1FA979F3E625CF3DF75C2E7E881D1E32208CEF9E0AED7E7BCE9C393F2BA458B91B4B119A356B56557871FFF3F4E9D353175E78E101153A5A8BCF8BCFBFE1861BCA424779EC9A6BAEF9AEE8020000B4BF784647D2AAD03178F0E0E4F6DB6F4FAEBEFAEABD163AF6263E2E3EFE8E3BEE480D1A3428DBBC3AB6F75073FB0543B1A3C83CFAE8A3B7BEF8E28B136FB9E596E4B8E38E6B9736633BB7DD765B49369BBD6FCA9429E78932000040FB993469D25FA7D3E9B94973A163C48811B160D174C9CAC188CFFBC94F7E921E3E7C78AE79558FD87EDC4FA1C44CB1A3885456568E5FBC78F1BF5C77DD75C9A1871EDAAE6DC7F666CC9851565E5EFE78217510000080CE96C964FE3DCC06C6E57846C78D37DE98F4EBD7AF4D6DC6E7DF74D34DADCFF018D8BC9F82A0D851445E7BEDB5D9175F7C71AABDCEE8D85D6C77E2C489E57DFAF47958B4010000DA2EDE5E36CC2E8CCBF1AB04AEBFFEFA36173A5AC47666CC98910E5ACEF0B8B0797FDD9E62479198356BD6F55BB66C1912BF8C349F2EB8E0824C7979F9A985D2410000003A75D09E4EFF5BCB72FC32D283BD74655F627BE79E7B6E6A6FFBEBCEDC8DA548BCF1C61B37C7DBCB1EEC9791EEAFD8FE15575CD17BE6CC9977871F4F1379BABB2953A65C1F667FF8D5AF7EF547D100E43A000E54454545CB5913EFA552A979613E6F7FF3EDA449938E0CB333E372BCBD6CBCEB4A3EC476172F5EDC725BDA33E37EABAAAA3EE8CE7157EC2802F7DE7BEFC8952B570E88F75CEE08613FA9993367FE4D217410C8E572F736BF497D14668F8637A83906034001E7BA8D61561572DD2CB90EA05DF36C2EE4D6BF0AB3E9E1C7E921DFEE57E1239D4EFF7D98359D7571C20927ECF75D570E546CF7C4134F4CBDF2CA2BF1C754F37E6776E7982B7614814C2673C329A79C123B4A87EC2FEEE7A4934EDAB274E9D26EDF41A095C161BA36BC415DDB9D0B1FAFBEFA6AB270E1C23DD67FF9CB5F6EFAA2E1F6DE76DE796ED004DDCC80305D1372DD35DDB9F021D7015D4DC8A52D9789C4A2C7F69067F7ABF011D67F9260BEFAD5AFE6F5778CED37173B5AF6ABD841D7B661C386B3274C98D0A1FB3CE38C33FA2F5BB6ACDB771028B4C2C74B2FBD94F4EEDD3B39F5D4533F59575757973CF6D863C997BEF4A576DF6600000A1F721DC0A7EB1E21AF961F40E1E3A896270E1F3E3CAFBFD86EED1FD5DD03ADD85104EAEBEB071D76D8611DBACFC30F3FBC673A9DFE82E8A3F0D1F58C1C393239FDF4D33FF979D3A64D4D07EBF9DA06287CC875D0B54C9B36ADBCA1A1616867EC3BE491A1217F94777885E1FFF6795827FDCDFB55F8085363985A173E3E0EF39E2D0FCED7252CFB68FF08C50EBABCBABABADEF9EE18BB8B5F9E131C1B3AE88FFD0728D2C2477D587E65CB962DA2D2456CDDBAB5E9D4767909DAAC75E1635B587E4DAE2B9C5C1707847130DA49BF7EDC6F7927ECB7BC79DF45F33737343474DA6BF4FFAFE6E8320587AE22B597F179FFD63FF4EDDB37AFBFC06EED0FEAEEF950B1A3086CDBB6AD24DF1D6377F15AAF6C36DB272CDEE23F4091EA15A633962C59925C74D145A2D105BCF0C20BC9D2A54B137909DA55FCC471945C5738B9AE1B0C08691FB1DAF16127EDFBC3E6FD17D3DF3CED608772618AB7D32C8D3FC4C2F2800103F2F64BEE56B8FE4B777F912B761481F2F2F2EDE185DB339F1D6377F1CBBA1E7DF4D12DE10DF33EFF01BAB9FD39586C4CA552D9F07A2F69B52E9E76F8DAA851A3CE12C2AEE1CC33CF4C56AD5A150701B788061C54AE8B76ED76FC28D7155EAE6B08EF699D35205C17DE4B3B7C101CF7D9597F73384EFF70D6AC590D5EB985ADA2A262DA013CBC369D4E5786D7E5EC78A96078EECB615DD33793C64BE7F239A68BEDB7B2A6BBC75DB1A3088424FA7178E17668B163C78E1DF5A183AE9C3367CEADFE0374F337A7BD1E2C8683A29DE135BE33F9BF333832613956DDF7F826EDABAEBACA47645D449F3E7D92934F3E3999316386BC04FB99EB9A6D0F5359AB6347B94EAE03DAD7A70A1CBB6D7B3F692E76AC5EBD3A39E69863F2F64BC4F677DB6FB7A6D851043299CCFBEBD6AD1B9ACF8EB1BB778242E820D05AEB0247F3591C257B3BE8072800AD0B1C65721D40BBFBAC02C727C2F6DF86FCFB8DB81C2F511B3B766CDE7EA1E64BE03ED96F770FB0624711A8AFAF9FB37CF9F253478F1E9DEEA87D3EFBECB37585D041A059364C69050EA090851C176F81D8F2CD810A1C00ED6FBF0A1C9F3A08CD667F9DC964FE232CA656AC58D174A9493E6E3E11DB8DEDB7BC25C4FD76F7602B761481F0C29DBB74E9D23BC30BB63474AEFC8F0AB3D95C7575F5170BA18340B3B4837EA0D035173AE43A80F6CFAF33C2EC0F079357ABAAAA3EA8A8A878212C9EB573E7CE64DEBC79C9D5575FDDEEBF636C37B6DFEC85B8DFEE1E77C58E22105FA8A143AC5AB264C989A3478FCEFBFE162E5CF862369B6D2C840E026D7973EAAA1E7EF8E1E4E9A79FFEE4E7EDDBB7E7751B20D7C97540310BB9B54D376D0863AB7F4DA7D3CFC6E5DFFDEE77C9B871E392A38F3EBADD7EBFEAEAEAA6765BEFAF10E2AED85124366FDE7CED2F7FF9CB274F3BEDB45E994C266FFB696C6CDCF1C8238F1C1E3AC895A28E37A7AE67CA9429C905175CB0C7FAF88576A5A5A5EDBE0D90EBE43A80B6A9ACAC7CAEA2A2E2A9B07861186F25F7DD775F72C71D7724FDFAF56B8F7162537BB1DD664FC5FD1542DC143B8AA8835C75D555CB162C5870FA45175D549AAFFDFCFCE73F7F3E74949D85D241A0D0F4EDDBB769FAACEDEDBD0D40AE03689B30C6BAB6A4A4E4E56C367BC8471F7D94DC7DF7DDC98D37DED8A682472C74C476627BCD6AE37E0A2566692F9BE2115ECC57565656D6AF5CB9329B8FF6972F5FFEC7458B169D58481D040000A0B3555555FD79D7AE5D9352A954D329186FBFFD7672F3CD37375D827230E2F3E2F3633BCD7665B3D9CBE27E0A25668A1D45D6411A1A1A26DD75D75D75EBD7AF6FD7B6D7AC59F3C63DF7DC734CE82097175207010000E80A2A2B2B9FC9E572D7B4143CE219193FFAD18F9ABE4F28DE4D657FC4C7C5C7C7E7B53AA3635798BE1DDB2FA478B98CA5083B484545C57537DC70C3BD3FFCE10F7B8D1C39B2ACAD6D2E5DBA74F1FDF7DF7F6C58BCB9D03A08000040573167CE9C9F4D9E3CF9BD4C26332F97CBF58FDFB5B168D1A2E4F9E79F4F8E3FFEF864D4A8514D5F5E1A6F4F3B70E0C0A4B6B6B6A9C011CFE458B26449F2C61B6FB4BEEB4AB4319BCD4E2EC4719C6247117790DB6FBF7DEEA5975EBAE1E28B2F1E76305F5A1A3AD6E69FFEF4A78B43C71A153AC8B7143A000000F22B8EBB2EBBECB25353A9D403E1C7F1715D2C60BCFAEAAB4DD3015890CBE5BE17DA7BBB10E3A4D851DC1D64545555D5034F3EF9648F69D3A6E5CE3AEBACC3D3E9CFBFB2299BCDD685E7FC7EEEDCB9C786E592D041CE2CD40E020000D0D584B1581C7F5D3879F2E473C318EED6B07CF6013CFDF7611CF7E342BFA98462870ED2D44166CE9C79EB430F3DD473C48811EF9C73CE399961C386F5193C78F080418306F5FEE8A38FD6071BAAABAB373EF3CC33B9B56BD79E129ED73B7490ABDD75050000A073348FC79E9B3469D291994C66422E97FB7A2A951A1AD61D1EA66161AA09D3DAB0FEC3B0FE378D8D8D4F5455557D500CB151ECE0531DE4ADB7DE9AB06AD5AA960E126F513BA0F961BB4207A96BEE20538BA5830000007475CDE3B3079B2712C50E74100000000A8C5BCF020000000545B10300000028288A1D000000404151EC000000000A8A62070000005050143B0000008082A2D8010000001414C50E000000A0A02876000000000545B10300000028288A1D000000404151EC000000000A8A62070000005050143B00F228954A25B95C4E20BA80F07FD812668D2201729D5C0750F8143B00F2A8478F1EBB76EEDC29105DC0F6EDDBD787D93A9100B94EAE03287C8A1D00F91D006CDAB66D9B4074015BB76E5D1D66EF8904C875721D40E153EC00C8A3D2D2D2C5B5B5B502D105D4D4D4D4E572B9DF8A04C875721D40E153EC00C8A3AD5BB7DEB96EDDBA5DD96C56303A5188FFEACD9B379F1AE6F34503E43AB90EA0F0297600E4D198316396A5D3E9A56BD6AC118C4EB462C58AFF09B397C78F1FFFAA68805C27D701143EC50E803CDBB163C7B7DE7DF7DDBACD9B370B462758BF7EFD7F6DDCB8F1823010BB513440AE93EB008A43460800F26BF6ECD91BA74E9DFACA860D1B2EE9DFBF7F69595999A074E0C1FF9B6FBE39261CFC5F3976ECD8252202729D5C07501C143B003AC02F7EF18BB72EBFFCF2E5E18074422E97ABEBD7AF5FAF542A25307912AF5B7FFDF5D79FA8A9A9B920C4F91FC68D1BB7405440AE93EB008A87771F800EB468D1A2116100706F38283D7BC890216B870E1DDABFBCBC7C605959596FD16993AD0D0D0D1BEAEAEA568583FEFA8F3FFE785458F7523C9D7BECD8B16F0B0FC875721D407151EC00E8040B162C38391C9C7E330C04CE0F038223C37C98A8B44D88634D88E30761BE30DE89C017F4815C27D701000000000000000000000000000000000000000000000000000000000000000000000000000000000000000000000000000000000000000000000000000000000000000000000000000000000000000000000000000000000000000000000000000000000000000000000000000000000000000000000000000000000000000000000000000000000000000000000000000000000000000000000000000000000000000000000000000000000000000000000000000000000000000000000000000000000000000000000000000045E37F013FAB947ECA6AE5A50000000049454E44AE426082, 0);
INSERT INTO `ACT_GE_BYTEARRAY` VALUES ('b55afea2-f13a-11ed-bc1a-005056c00001', 1, 'process/jiaban.bpmn20.xml', 'b55a8970-f13a-11ed-bc1a-005056c00001', 0x3C3F786D6C2076657273696F6E3D22312E302220656E636F64696E673D225554462D38223F3E0A3C646566696E6974696F6E7320786D6C6E733D22687474703A2F2F7777772E6F6D672E6F72672F737065632F42504D4E2F32303130303532342F4D4F44454C2220786D6C6E733A7873693D22687474703A2F2F7777772E77332E6F72672F323030312F584D4C536368656D612D696E7374616E63652220786D6C6E733A7873643D22687474703A2F2F7777772E77332E6F72672F323030312F584D4C536368656D612220786D6C6E733A61637469766974693D22687474703A2F2F61637469766974692E6F72672F62706D6E2220786D6C6E733A62706D6E64693D22687474703A2F2F7777772E6F6D672E6F72672F737065632F42504D4E2F32303130303532342F44492220786D6C6E733A6F6D6764633D22687474703A2F2F7777772E6F6D672E6F72672F737065632F44442F32303130303532342F44432220786D6C6E733A6F6D6764693D22687474703A2F2F7777772E6F6D672E6F72672F737065632F44442F32303130303532342F44492220747970654C616E67756167653D22687474703A2F2F7777772E77332E6F72672F323030312F584D4C536368656D61222065787072657373696F6E4C616E67756167653D22687474703A2F2F7777772E77332E6F72672F313939392F585061746822207461726765744E616D6573706163653D22687474703A2F2F7777772E61637469766974692E6F72672F70726F63657373646566223E0A20203C70726F636573732069643D2270726F636573732220697345786563757461626C653D2274727565223E0A202020203C73746172744576656E742069643D227369642D30434642433242322D314437422D344637312D423835302D303838444636383238444132223E3C2F73746172744576656E743E0A202020203C757365725461736B2069643D227369642D44333334363643322D303943372D344238332D393339352D36324237354238313530433922206E616D653D22E7BB8FE79086E5AEA1E689B9222061637469766974693A61737369676E65653D22247B61737369676E6565317D223E3C2F757365725461736B3E0A202020203C757365725461736B2069643D227369642D33464534394534332D394330342D343441372D413946352D37303031433542423741424122206E616D653D22E4BABAE4BA8BE5AEA1E689B9222061637469766974693A61737369676E65653D22247B61737369676E6565327D223E3C2F757365725461736B3E0A202020203C656E644576656E742069643D227369642D38453833463643362D324342342D343037362D384639312D433631383431454639323732223E3C2F656E644576656E743E0A202020203C73657175656E6365466C6F772069643D227369642D38464434454432372D374433352D343939442D424141432D3046324532384135314530452220736F757263655265663D227369642D30434642433242322D314437422D344637312D423835302D30383844463638323844413222207461726765745265663D227369642D44333334363643322D303943372D344238332D393339352D363242373542383135304339223E3C2F73657175656E6365466C6F773E0A202020203C73657175656E6365466C6F772069643D227369642D42363739324343432D363132382D343430362D383233342D4132343535344637343239432220736F757263655265663D227369642D44333334363643322D303943372D344238332D393339352D36324237354238313530433922207461726765745265663D227369642D33464534394534332D394330342D343441372D413946352D373030314335424237414241223E3C2F73657175656E6365466C6F773E0A202020203C73657175656E6365466C6F772069643D227369642D35383439324145452D364443382D344439442D423635332D4544464339423941393531342220736F757263655265663D227369642D33464534394534332D394330342D343441372D413946352D37303031433542423741424122207461726765745265663D227369642D38453833463643362D324342342D343037362D384639312D433631383431454639323732223E3C2F73657175656E6365466C6F773E0A20203C2F70726F636573733E0A20203C62706D6E64693A42504D4E4469616772616D2069643D2242504D4E4469616772616D5F70726F63657373223E0A202020203C62706D6E64693A42504D4E506C616E652062706D6E456C656D656E743D2270726F63657373222069643D2242504D4E506C616E655F70726F63657373223E0A2020202020203C62706D6E64693A42504D4E53686170652062706D6E456C656D656E743D227369642D30434642433242322D314437422D344637312D423835302D303838444636383238444132222069643D2242504D4E53686170655F7369642D30434642433242322D314437422D344637312D423835302D303838444636383238444132223E0A20202020202020203C6F6D6764633A426F756E6473206865696768743D2233302E30222077696474683D2233302E302220783D223132312E31393939373936353939313532372220793D223135352E3939393939373435313930313436223E3C2F6F6D6764633A426F756E64733E0A2020202020203C2F62706D6E64693A42504D4E53686170653E0A2020202020203C62706D6E64693A42504D4E53686170652062706D6E456C656D656E743D227369642D44333334363643322D303943372D344238332D393339352D363242373542383135304339222069643D2242504D4E53686170655F7369642D44333334363643322D303943372D344238332D393339352D363242373542383135304339223E0A20202020202020203C6F6D6764633A426F756E6473206865696768743D2238302E30222077696474683D223130302E302220783D223334342E393939393834353737323938362220793D223133302E39393939393534393938343934223E3C2F6F6D6764633A426F756E64733E0A2020202020203C2F62706D6E64693A42504D4E53686170653E0A2020202020203C62706D6E64693A42504D4E53686170652062706D6E456C656D656E743D227369642D33464534394534332D394330342D343441372D413946352D373030314335424237414241222069643D2242504D4E53686170655F7369642D33464534394534332D394330342D343441372D413946352D373030314335424237414241223E0A20202020202020203C6F6D6764633A426F756E6473206865696768743D2238302E30222077696474683D223130302E302220783D223635392E393939393930313635323333372220793D223133302E3939393939333534373739373337223E3C2F6F6D6764633A426F756E64733E0A2020202020203C2F62706D6E64693A42504D4E53686170653E0A2020202020203C62706D6E64693A42504D4E53686170652062706D6E456C656D656E743D227369642D38453833463643362D324342342D343037362D384639312D433631383431454639323732222069643D2242504D4E53686170655F7369642D38453833463643362D324342342D343037362D384639312D433631383431454639323732223E0A20202020202020203C6F6D6764633A426F756E6473206865696768743D2232382E30222077696474683D2232382E302220783D22313030342E393939393835303234333333322220793D223135362E39393939393132303833313532223E3C2F6F6D6764633A426F756E64733E0A2020202020203C2F62706D6E64693A42504D4E53686170653E0A2020202020203C62706D6E64693A42504D4E456467652062706D6E456C656D656E743D227369642D38464434454432372D374433352D343939442D424141432D304632453238413531453045222069643D2242504D4E456467655F7369642D38464434454432372D374433352D343939442D424141432D304632453238413531453045223E0A20202020202020203C6F6D6764693A776179706F696E7420783D223135312E31393939373936353939313532372220793D223137302E39393939393733333837363039223E3C2F6F6D6764693A776179706F696E743E0A20202020202020203C6F6D6764693A776179706F696E7420783D223334342E393939393834353737323938362220793D223137302E3939393939353837363938343636223E3C2F6F6D6764693A776179706F696E743E0A2020202020203C2F62706D6E64693A42504D4E456467653E0A2020202020203C62706D6E64693A42504D4E456467652062706D6E456C656D656E743D227369642D42363739324343432D363132382D343430362D383233342D413234353534463734323943222069643D2242504D4E456467655F7369642D42363739324343432D363132382D343430362D383233342D413234353534463734323943223E0A20202020202020203C6F6D6764693A776179706F696E7420783D223434342E393939393834353737323938362220793D223137302E3939393939353138393939393838223E3C2F6F6D6764693A776179706F696E743E0A20202020202020203C6F6D6764693A776179706F696E7420783D223635392E393939393930313635323333372220793D223137302E39393939393338353736343639223E3C2F6F6D6764693A776179706F696E743E0A2020202020203C2F62706D6E64693A42504D4E456467653E0A2020202020203C62706D6E64693A42504D4E456467652062706D6E456C656D656E743D227369642D35383439324145452D364443382D344439442D423635332D454446433942394139353134222069643D2242504D4E456467655F7369642D35383439324145452D364443382D344439442D423635332D454446433942394139353134223E0A20202020202020203C6F6D6764693A776179706F696E7420783D223735392E393939393930313635323333372220793D223137302E3939393939333136393234303338223E3C2F6F6D6764693A776179706F696E743E0A20202020202020203C6F6D6764693A776179706F696E7420783D22313030342E393939393835303234333333322220793D223137302E39393939393133313433313132223E3C2F6F6D6764693A776179706F696E743E0A2020202020203C2F62706D6E64693A42504D4E456467653E0A202020203C2F62706D6E64693A42504D4E506C616E653E0A20203C2F62706D6E64693A42504D4E4469616772616D3E0A3C2F646566696E6974696F6E733E, 0);

-- ----------------------------
-- Table structure for ACT_GE_PROPERTY
-- ----------------------------
DROP TABLE IF EXISTS `ACT_GE_PROPERTY`;
CREATE TABLE `ACT_GE_PROPERTY`  (
  `NAME_` varchar(64) CHARACTER SET utf8 COLLATE utf8_bin NOT NULL,
  `VALUE_` varchar(300) CHARACTER SET utf8 COLLATE utf8_bin NULL DEFAULT NULL,
  `REV_` int NULL DEFAULT NULL,
  PRIMARY KEY (`NAME_`) USING BTREE
) ENGINE = InnoDB CHARACTER SET = utf8 COLLATE = utf8_bin ROW_FORMAT = Dynamic;

-- ----------------------------
-- Records of ACT_GE_PROPERTY
-- ----------------------------
INSERT INTO `ACT_GE_PROPERTY` VALUES ('cfg.execution-related-entities-count', 'false', 1);
INSERT INTO `ACT_GE_PROPERTY` VALUES ('next.dbid', '1', 1);
INSERT INTO `ACT_GE_PROPERTY` VALUES ('schema.history', 'create(7.1.0-M6)', 1);
INSERT INTO `ACT_GE_PROPERTY` VALUES ('schema.version', '7.1.0-M6', 1);

-- ----------------------------
-- Table structure for ACT_HI_ACTINST
-- ----------------------------
DROP TABLE IF EXISTS `ACT_HI_ACTINST`;
CREATE TABLE `ACT_HI_ACTINST`  (
  `ID_` varchar(64) CHARACTER SET utf8 COLLATE utf8_bin NOT NULL,
  `PROC_DEF_ID_` varchar(64) CHARACTER SET utf8 COLLATE utf8_bin NOT NULL,
  `PROC_INST_ID_` varchar(64) CHARACTER SET utf8 COLLATE utf8_bin NOT NULL,
  `EXECUTION_ID_` varchar(64) CHARACTER SET utf8 COLLATE utf8_bin NOT NULL,
  `ACT_ID_` varchar(255) CHARACTER SET utf8 COLLATE utf8_bin NOT NULL,
  `TASK_ID_` varchar(64) CHARACTER SET utf8 COLLATE utf8_bin NULL DEFAULT NULL,
  `CALL_PROC_INST_ID_` varchar(64) CHARACTER SET utf8 COLLATE utf8_bin NULL DEFAULT NULL,
  `ACT_NAME_` varchar(255) CHARACTER SET utf8 COLLATE utf8_bin NULL DEFAULT NULL,
  `ACT_TYPE_` varchar(255) CHARACTER SET utf8 COLLATE utf8_bin NOT NULL,
  `ASSIGNEE_` varchar(255) CHARACTER SET utf8 COLLATE utf8_bin NULL DEFAULT NULL,
  `START_TIME_` datetime(3) NOT NULL,
  `END_TIME_` datetime(3) NULL DEFAULT NULL,
  `DURATION_` bigint NULL DEFAULT NULL,
  `DELETE_REASON_` varchar(4000) CHARACTER SET utf8 COLLATE utf8_bin NULL DEFAULT NULL,
  `TENANT_ID_` varchar(255) CHARACTER SET utf8 COLLATE utf8_bin NULL DEFAULT '',
  PRIMARY KEY (`ID_`) USING BTREE,
  INDEX `ACT_IDX_HI_ACT_INST_START`(`START_TIME_` ASC) USING BTREE,
  INDEX `ACT_IDX_HI_ACT_INST_END`(`END_TIME_` ASC) USING BTREE,
  INDEX `ACT_IDX_HI_ACT_INST_PROCINST`(`PROC_INST_ID_` ASC, `ACT_ID_` ASC) USING BTREE,
  INDEX `ACT_IDX_HI_ACT_INST_EXEC`(`EXECUTION_ID_` ASC, `ACT_ID_` ASC) USING BTREE
) ENGINE = InnoDB CHARACTER SET = utf8 COLLATE = utf8_bin ROW_FORMAT = Dynamic;

-- ----------------------------
-- Records of ACT_HI_ACTINST
-- ----------------------------
INSERT INTO `ACT_HI_ACTINST` VALUES ('07e0b867-fd67-11ed-9018-005056c00001', 'qingjia:2:7e930d37-f8a2-11ed-af44-005056c00001', '4f8b00d1-fd64-11ed-b141-005056c00001', '4f8c8774-fd64-11ed-b141-005056c00001', 'sid-3571098A-068F-461A-85E8-DE7C9C81A6A9', NULL, NULL, NULL, 'endEvent', NULL, '2023-05-28 14:50:47.398', '2023-05-28 14:50:47.399', 1, NULL, '');
INSERT INTO `ACT_HI_ACTINST` VALUES ('09f17649-f22e-11ed-b05f-005056c00001', 'qingjia01:1:00646b9f-f22b-11ed-8235-005056c00001', '805573a7-f22c-11ed-842f-005056c00001', '80560fea-f22c-11ed-842f-005056c00001', 'sid-DDC2CF39-F04F-4B5D-B167-0EE7549E7F75', '09f45c7a-f22e-11ed-b05f-005056c00001', NULL, '', 'userTask', 'xiaocui', '2023-05-14 08:05:06.759', NULL, NULL, NULL, '');
INSERT INTO `ACT_HI_ACTINST` VALUES ('0e1cde71-f0d0-11ed-b54a-005056c00001', 'qingjia:1:0dcd5d6c-f091-11ed-a994-005056c00001', 'a4b2efa6-f0cf-11ed-8dd7-005056c00001', 'a4b33dc7-f0cf-11ed-8dd7-005056c00001', 'sid-DCAA2F22-58F5-4D18-A87B-C038FE1E2BD0', '0e1febb2-f0d0-11ed-b54a-005056c00001', NULL, '', 'userTask', 'lisi', '2023-05-12 14:19:49.899', '2023-05-12 14:20:21.271', 31372, NULL, '');
INSERT INTO `ACT_HI_ACTINST` VALUES ('1c41afd7-f0bf-11ed-a6ec-005056c00001', 'qingjia:1:0dcd5d6c-f091-11ed-a994-005056c00001', '1c411395-f0bf-11ed-a6ec-005056c00001', '1c4161b6-f0bf-11ed-a6ec-005056c00001', 'sid-C612BA8C-A968-4953-B4D9-0AD46316CB8A', NULL, NULL, NULL, 'startEvent', NULL, '2023-05-12 12:18:32.184', '2023-05-12 12:18:32.187', 3, NULL, '');
INSERT INTO `ACT_HI_ACTINST` VALUES ('1c429a38-f0bf-11ed-a6ec-005056c00001', 'qingjia:1:0dcd5d6c-f091-11ed-a994-005056c00001', '1c411395-f0bf-11ed-a6ec-005056c00001', '1c4161b6-f0bf-11ed-a6ec-005056c00001', 'sid-9D1F91DC-1096-47AB-9AF8-48C9E2156024', '1c458069-f0bf-11ed-a6ec-005056c00001', NULL, '', 'userTask', 'zhangsan', '2023-05-12 12:18:32.190', '2023-05-12 14:06:23.334', 6471144, NULL, '');
INSERT INTO `ACT_HI_ACTINST` VALUES ('1c9b1063-fd62-11ed-99ea-005056c00001', 'qingjia:2:7e930d37-f8a2-11ed-af44-005056c00001', '1c9989bf-fd62-11ed-99ea-005056c00001', '1c9a9b32-fd62-11ed-99ea-005056c00001', 'sid-413BFE58-8F12-457A-8CEE-35D9BD4253C1', NULL, NULL, NULL, 'startEvent', NULL, '2023-05-28 14:15:34.690', '2023-05-28 14:15:34.692', 2, NULL, '');
INSERT INTO `ACT_HI_ACTINST` VALUES ('1c9bfac4-fd62-11ed-99ea-005056c00001', 'qingjia:2:7e930d37-f8a2-11ed-af44-005056c00001', '1c9989bf-fd62-11ed-99ea-005056c00001', '1c9a9b32-fd62-11ed-99ea-005056c00001', 'sid-5099375F-E4B1-43E8-A899-305C07C6C58A', '1c9df695-fd62-11ed-99ea-005056c00001', NULL, '', 'userTask', 'zhang3', '2023-05-28 14:15:34.696', NULL, NULL, NULL, '');
INSERT INTO `ACT_HI_ACTINST` VALUES ('20d0c596-f0d0-11ed-a13b-005056c00001', 'qingjia:1:0dcd5d6c-f091-11ed-a994-005056c00001', 'a4b2efa6-f0cf-11ed-8dd7-005056c00001', 'a4b33dc7-f0cf-11ed-8dd7-005056c00001', 'sid-EEC9E88A-6D5B-40A8-BE2C-78B92CC10306', NULL, NULL, NULL, 'endEvent', NULL, '2023-05-12 14:20:21.277', '2023-05-12 14:20:21.279', 2, NULL, '');
INSERT INTO `ACT_HI_ACTINST` VALUES ('2d5d9400-f0ce-11ed-8213-005056c00001', 'qingjia:1:0dcd5d6c-f091-11ed-a994-005056c00001', '1c411395-f0bf-11ed-a6ec-005056c00001', '1c4161b6-f0bf-11ed-a6ec-005056c00001', 'sid-DCAA2F22-58F5-4D18-A87B-C038FE1E2BD0', '2d60c851-f0ce-11ed-8213-005056c00001', NULL, '', 'userTask', 'lisi', '2023-05-12 14:06:23.339', '2023-05-12 14:07:53.267', 89928, NULL, '');
INSERT INTO `ACT_HI_ACTINST` VALUES ('2d684263-f0ce-11ed-8213-005056c00001', 'qingjia:1:0dcd5d6c-f091-11ed-a994-005056c00001', '671fdf0f-f0a7-11ed-b57b-005056c00001', '67205440-f0a7-11ed-b57b-005056c00001', 'sid-DCAA2F22-58F5-4D18-A87B-C038FE1E2BD0', '2d684264-f0ce-11ed-8213-005056c00001', NULL, '', 'userTask', 'lisi', '2023-05-12 14:06:23.409', '2023-05-12 14:07:53.346', 89937, NULL, '');
INSERT INTO `ACT_HI_ACTINST` VALUES ('348a7b95-f14d-11ed-a8aa-005056c00001', 'jiaban01:1:23c4f7ae-f14d-11ed-ae60-005056c00001', '34899133-f14d-11ed-a8aa-005056c00001', '348a0664-f14d-11ed-a8aa-005056c00001', 'sid-0CFBC2B2-1D7B-4F71-B850-088DF6828DA2', NULL, NULL, NULL, 'startEvent', NULL, '2023-05-13 05:15:41.462', '2023-05-13 05:15:41.465', 3, NULL, '');
INSERT INTO `ACT_HI_ACTINST` VALUES ('348bb416-f14d-11ed-a8aa-005056c00001', 'jiaban01:1:23c4f7ae-f14d-11ed-ae60-005056c00001', '34899133-f14d-11ed-a8aa-005056c00001', '348a0664-f14d-11ed-a8aa-005056c00001', 'sid-D33466C2-09C7-4B83-9395-62B75B8150C9', '348ee867-f14d-11ed-a8aa-005056c00001', NULL, '', 'userTask', 'lilei', '2023-05-13 05:15:41.470', NULL, NULL, NULL, '');
INSERT INTO `ACT_HI_ACTINST` VALUES ('366e66d0-f13c-11ed-8457-005056c00001', 'jiaban:1:13b40520-f13c-11ed-8599-005056c00001', '366d2e4a-f13c-11ed-8457-005056c00001', '366e18af-f13c-11ed-8457-005056c00001', 'sid-0CFBC2B2-1D7B-4F71-B850-088DF6828DA2', NULL, NULL, NULL, 'startEvent', NULL, '2023-05-13 03:14:03.189', '2023-05-13 03:14:03.194', 5, NULL, '');
INSERT INTO `ACT_HI_ACTINST` VALUES ('366fc661-f13c-11ed-8457-005056c00001', 'jiaban:1:13b40520-f13c-11ed-8599-005056c00001', '366d2e4a-f13c-11ed-8457-005056c00001', '366e18af-f13c-11ed-8457-005056c00001', 'sid-D33466C2-09C7-4B83-9395-62B75B8150C9', '3672fab2-f13c-11ed-8457-005056c00001', NULL, '', 'userTask', 'lucy', '2023-05-13 03:14:03.198', NULL, NULL, NULL, '');
INSERT INTO `ACT_HI_ACTINST` VALUES ('3e55bce3-f238-11ed-b20a-005056c00001', 'qingjia02:1:2cec2ff4-f238-11ed-a88e-005056c00001', '3e5520a1-f238-11ed-b20a-005056c00001', '3e556ec2-f238-11ed-b20a-005056c00001', 'sid-CF92BD40-657C-44BE-9BE3-391B7CB67E6F', NULL, NULL, NULL, 'startEvent', NULL, '2023-05-14 09:18:09.625', '2023-05-14 09:18:09.628', 3, NULL, '');
INSERT INTO `ACT_HI_ACTINST` VALUES ('3e56ce54-f238-11ed-b20a-005056c00001', 'qingjia02:1:2cec2ff4-f238-11ed-a88e-005056c00001', '3e5520a1-f238-11ed-b20a-005056c00001', '3e556ec2-f238-11ed-b20a-005056c00001', 'sid-909A7FE2-7761-43FA-97A6-795999361CF5', NULL, NULL, NULL, 'parallelGateway', NULL, '2023-05-14 09:18:09.632', '2023-05-14 09:18:09.636', 4, NULL, '');
INSERT INTO `ACT_HI_ACTINST` VALUES ('3e5791a6-f238-11ed-b20a-005056c00001', 'qingjia02:1:2cec2ff4-f238-11ed-a88e-005056c00001', '3e5520a1-f238-11ed-b20a-005056c00001', '3e556ec2-f238-11ed-b20a-005056c00001', 'sid-0599D727-3D9B-492E-8BA5-89B5E6198F1A', '3e5a9ee7-f238-11ed-b20a-005056c00001', NULL, '', 'userTask', 'wang5', '2023-05-14 09:18:09.637', '2023-05-14 09:19:33.262', 83625, NULL, '');
INSERT INTO `ACT_HI_ACTINST` VALUES ('3e5ac5f8-f238-11ed-b20a-005056c00001', 'qingjia02:1:2cec2ff4-f238-11ed-a88e-005056c00001', '3e5520a1-f238-11ed-b20a-005056c00001', '3e576a95-f238-11ed-b20a-005056c00001', 'sid-2A5EB8F4-94E0-430C-BF62-8F4950C2AFF6', '3e5ac5f9-f238-11ed-b20a-005056c00001', NULL, '', 'userTask', 'gouwa', '2023-05-14 09:18:09.658', '2023-05-14 09:20:19.243', 129585, NULL, '');
INSERT INTO `ACT_HI_ACTINST` VALUES ('4239b339-f09e-11ed-8a03-005056c00001', 'qingjia:1:0dcd5d6c-f091-11ed-a994-005056c00001', 'ed163ec0-f093-11ed-a8c1-005056c00001', 'ed168ce1-f093-11ed-a8c1-005056c00001', 'sid-DCAA2F22-58F5-4D18-A87B-C038FE1E2BD0', '423cc07a-f09e-11ed-8a03-005056c00001', NULL, '', 'userTask', 'lisi', '2023-05-12 08:23:22.493', '2023-05-12 14:02:06.318', 20323825, NULL, '');
INSERT INTO `ACT_HI_ACTINST` VALUES ('4df20fd7-f22e-11ed-bf04-005056c00001', 'qingjia01:1:00646b9f-f22b-11ed-8235-005056c00001', '4df0fe63-f22e-11ed-bf04-005056c00001', '4df1c1b6-f22e-11ed-bf04-005056c00001', 'sid-6A1D3211-5E90-435F-A664-B813DE3222AB', NULL, NULL, NULL, 'startEvent', NULL, '2023-05-14 08:07:00.848', '2023-05-14 08:07:00.851', 3, NULL, '');
INSERT INTO `ACT_HI_ACTINST` VALUES ('4df2fa38-f22e-11ed-bf04-005056c00001', 'qingjia01:1:00646b9f-f22b-11ed-8235-005056c00001', '4df0fe63-f22e-11ed-bf04-005056c00001', '4df1c1b6-f22e-11ed-bf04-005056c00001', 'sid-87A849F3-79C4-4B9E-9755-1A29AFFA2AE5', NULL, NULL, NULL, 'exclusiveGateway', NULL, '2023-05-14 08:07:00.854', '2023-05-14 08:07:00.880', 26, NULL, '');
INSERT INTO `ACT_HI_ACTINST` VALUES ('4df718e9-f22e-11ed-bf04-005056c00001', 'qingjia01:1:00646b9f-f22b-11ed-8235-005056c00001', '4df0fe63-f22e-11ed-bf04-005056c00001', '4df1c1b6-f22e-11ed-bf04-005056c00001', 'sid-6C493D98-E4D5-40C7-944D-389C5E79C35E', '4df718ea-f22e-11ed-bf04-005056c00001', NULL, '', 'userTask', 'gousheng', '2023-05-14 08:07:00.881', NULL, NULL, NULL, '');
INSERT INTO `ACT_HI_ACTINST` VALUES ('4f8cfca5-fd64-11ed-b141-005056c00001', 'qingjia:2:7e930d37-f8a2-11ed-af44-005056c00001', '4f8b00d1-fd64-11ed-b141-005056c00001', '4f8c8774-fd64-11ed-b141-005056c00001', 'sid-413BFE58-8F12-457A-8CEE-35D9BD4253C1', NULL, NULL, NULL, 'startEvent', NULL, '2023-05-28 14:31:19.155', '2023-05-28 14:31:19.158', 3, NULL, '');
INSERT INTO `ACT_HI_ACTINST` VALUES ('4f8e0e16-fd64-11ed-b141-005056c00001', 'qingjia:2:7e930d37-f8a2-11ed-af44-005056c00001', '4f8b00d1-fd64-11ed-b141-005056c00001', '4f8c8774-fd64-11ed-b141-005056c00001', 'sid-5099375F-E4B1-43E8-A899-305C07C6C58A', '4f907f17-fd64-11ed-b141-005056c00001', NULL, '', 'userTask', 'zhang3', '2023-05-28 14:31:19.162', '2023-05-28 14:50:47.391', 1168229, NULL, '');
INSERT INTO `ACT_HI_ACTINST` VALUES ('62f86afc-f0ce-11ed-ab6b-005056c00001', 'qingjia:1:0dcd5d6c-f091-11ed-a994-005056c00001', '1c411395-f0bf-11ed-a6ec-005056c00001', '1c4161b6-f0bf-11ed-a6ec-005056c00001', 'sid-EEC9E88A-6D5B-40A8-BE2C-78B92CC10306', NULL, NULL, NULL, 'endEvent', NULL, '2023-05-12 14:07:53.273', '2023-05-12 14:07:53.275', 2, NULL, '');
INSERT INTO `ACT_HI_ACTINST` VALUES ('63038e8d-f0ce-11ed-ab6b-005056c00001', 'qingjia:1:0dcd5d6c-f091-11ed-a994-005056c00001', '671fdf0f-f0a7-11ed-b57b-005056c00001', '67205440-f0a7-11ed-b57b-005056c00001', 'sid-EEC9E88A-6D5B-40A8-BE2C-78B92CC10306', NULL, NULL, NULL, 'endEvent', NULL, '2023-05-12 14:07:53.346', '2023-05-12 14:07:53.346', 0, NULL, '');
INSERT INTO `ACT_HI_ACTINST` VALUES ('651b2519-fd67-11ed-9018-005056c00001', 'qingjia:2:7e930d37-f8a2-11ed-af44-005056c00001', 'e85de2ec-fd63-11ed-ac57-005056c00001', 'e85f1b6f-fd63-11ed-ac57-005056c00001', 'sid-3571098A-068F-461A-85E8-DE7C9C81A6A9', NULL, NULL, NULL, 'endEvent', NULL, '2023-05-28 14:53:23.809', '2023-05-28 14:53:23.809', 0, NULL, '');
INSERT INTO `ACT_HI_ACTINST` VALUES ('6720c971-f0a7-11ed-b57b-005056c00001', 'qingjia:1:0dcd5d6c-f091-11ed-a994-005056c00001', '671fdf0f-f0a7-11ed-b57b-005056c00001', '67205440-f0a7-11ed-b57b-005056c00001', 'sid-C612BA8C-A968-4953-B4D9-0AD46316CB8A', NULL, NULL, NULL, 'startEvent', NULL, '2023-05-12 09:28:49.876', '2023-05-12 09:28:49.881', 5, NULL, '');
INSERT INTO `ACT_HI_ACTINST` VALUES ('67225012-f0a7-11ed-b57b-005056c00001', 'qingjia:1:0dcd5d6c-f091-11ed-a994-005056c00001', '671fdf0f-f0a7-11ed-b57b-005056c00001', '67205440-f0a7-11ed-b57b-005056c00001', 'sid-9D1F91DC-1096-47AB-9AF8-48C9E2156024', '67250f33-f0a7-11ed-b57b-005056c00001', NULL, '', 'userTask', 'zhangsan', '2023-05-12 09:28:49.886', '2023-05-12 14:06:23.409', 16653523, NULL, '');
INSERT INTO `ACT_HI_ACTINST` VALUES ('6af64f65-fd63-11ed-92f4-005056c00001', 'qingjia:2:7e930d37-f8a2-11ed-af44-005056c00001', '6af40571-fd63-11ed-92f4-005056c00001', '6af5da34-fd63-11ed-92f4-005056c00001', 'sid-413BFE58-8F12-457A-8CEE-35D9BD4253C1', NULL, NULL, NULL, 'startEvent', NULL, '2023-05-28 14:24:55.647', '2023-05-28 14:24:55.651', 4, NULL, '');
INSERT INTO `ACT_HI_ACTINST` VALUES ('6af7aef6-fd63-11ed-92f4-005056c00001', 'qingjia:2:7e930d37-f8a2-11ed-af44-005056c00001', '6af40571-fd63-11ed-92f4-005056c00001', '6af5da34-fd63-11ed-92f4-005056c00001', 'sid-5099375F-E4B1-43E8-A899-305C07C6C58A', '6afa4707-fd63-11ed-92f4-005056c00001', NULL, '', 'userTask', 'zhang3', '2023-05-28 14:24:55.656', NULL, NULL, NULL, '');
INSERT INTO `ACT_HI_ACTINST` VALUES ('6d54472f-fd64-11ed-b141-005056c00001', 'qingjia:2:7e930d37-f8a2-11ed-af44-005056c00001', '6d54472b-fd64-11ed-b141-005056c00001', '6d54472e-fd64-11ed-b141-005056c00001', 'sid-413BFE58-8F12-457A-8CEE-35D9BD4253C1', NULL, NULL, NULL, 'startEvent', NULL, '2023-05-28 14:32:09.115', '2023-05-28 14:32:09.115', 0, NULL, '');
INSERT INTO `ACT_HI_ACTINST` VALUES ('6d544730-fd64-11ed-b141-005056c00001', 'qingjia:2:7e930d37-f8a2-11ed-af44-005056c00001', '6d54472b-fd64-11ed-b141-005056c00001', '6d54472e-fd64-11ed-b141-005056c00001', 'sid-5099375F-E4B1-43E8-A899-305C07C6C58A', '6d546e41-fd64-11ed-b141-005056c00001', NULL, '', 'userTask', 'zhang3', '2023-05-28 14:32:09.115', '2023-05-28 14:47:27.360', 918245, NULL, '');
INSERT INTO `ACT_HI_ACTINST` VALUES ('7030a578-f238-11ed-8b6d-005056c00001', 'qingjia02:1:2cec2ff4-f238-11ed-a88e-005056c00001', '3e5520a1-f238-11ed-b20a-005056c00001', '3e556ec2-f238-11ed-b20a-005056c00001', 'sid-4F65489B-B41A-4652-8E1A-B7AD4E448F6C', NULL, NULL, NULL, 'parallelGateway', NULL, '2023-05-14 09:19:33.268', '2023-05-14 09:19:33.272', 4, NULL, '');
INSERT INTO `ACT_HI_ACTINST` VALUES ('7b543898-f153-11ed-934b-005056c00001', 'jiaban02:1:69df889b-f153-11ed-8550-005056c00001', '7b539c56-f153-11ed-934b-005056c00001', '7b53ea77-f153-11ed-934b-005056c00001', 'sid-0CFBC2B2-1D7B-4F71-B850-088DF6828DA2', NULL, NULL, NULL, 'startEvent', NULL, '2023-05-13 06:00:37.205', '2023-05-13 06:00:37.209', 4, NULL, '');
INSERT INTO `ACT_HI_ACTINST` VALUES ('7b557119-f153-11ed-934b-005056c00001', 'jiaban02:1:69df889b-f153-11ed-8550-005056c00001', '7b539c56-f153-11ed-934b-005056c00001', '7b53ea77-f153-11ed-934b-005056c00001', 'sid-D33466C2-09C7-4B83-9395-62B75B8150C9', '7b587e5a-f153-11ed-934b-005056c00001', NULL, '', 'userTask', NULL, '2023-05-13 06:00:37.213', NULL, NULL, NULL, '');
INSERT INTO `ACT_HI_ACTINST` VALUES ('80565e0b-f22c-11ed-842f-005056c00001', 'qingjia01:1:00646b9f-f22b-11ed-8235-005056c00001', '805573a7-f22c-11ed-842f-005056c00001', '80560fea-f22c-11ed-842f-005056c00001', 'sid-6A1D3211-5E90-435F-A664-B813DE3222AB', NULL, NULL, NULL, 'startEvent', NULL, '2023-05-14 07:54:06.398', '2023-05-14 07:54:06.400', 2, NULL, '');
INSERT INTO `ACT_HI_ACTINST` VALUES ('8057486c-f22c-11ed-842f-005056c00001', 'qingjia01:1:00646b9f-f22b-11ed-8235-005056c00001', '805573a7-f22c-11ed-842f-005056c00001', '80560fea-f22c-11ed-842f-005056c00001', 'sid-87A849F3-79C4-4B9E-9755-1A29AFFA2AE5', NULL, NULL, NULL, 'exclusiveGateway', NULL, '2023-05-14 07:54:06.404', '2023-05-14 07:54:06.434', 30, NULL, '');
INSERT INTO `ACT_HI_ACTINST` VALUES ('805bdc4d-f22c-11ed-842f-005056c00001', 'qingjia01:1:00646b9f-f22b-11ed-8235-005056c00001', '805573a7-f22c-11ed-842f-005056c00001', '80560fea-f22c-11ed-842f-005056c00001', 'sid-5B3806B1-C4EF-4963-8E08-6E5D8575094E', '805c035e-f22c-11ed-842f-005056c00001', NULL, '', 'userTask', 'zhao6', '2023-05-14 07:54:06.434', '2023-05-14 08:05:06.753', 660319, NULL, '');
INSERT INTO `ACT_HI_ACTINST` VALUES ('80825f8b-fd67-11ed-9018-005056c00001', 'qingjia:2:7e930d37-f8a2-11ed-af44-005056c00001', 'a34745c8-fd63-11ed-b93c-005056c00001', 'a3487e4b-fd63-11ed-b93c-005056c00001', 'sid-3571098A-068F-461A-85E8-DE7C9C81A6A9', NULL, NULL, NULL, 'endEvent', NULL, '2023-05-28 14:54:09.784', '2023-05-28 14:54:09.784', 0, NULL, '');
INSERT INTO `ACT_HI_ACTINST` VALUES ('831320bd-f21f-11ed-b425-005056c00001', 'jiaban03:1:4edd57cf-f21f-11ed-afed-005056c00001', '83125d6b-f21f-11ed-b425-005056c00001', '8312ab8c-f21f-11ed-b425-005056c00001', 'sid-0CFBC2B2-1D7B-4F71-B850-088DF6828DA2', NULL, NULL, NULL, 'startEvent', NULL, '2023-05-14 06:21:07.533', '2023-05-14 06:21:07.538', 5, NULL, '');
INSERT INTO `ACT_HI_ACTINST` VALUES ('8314804e-f21f-11ed-b425-005056c00001', 'jiaban03:1:4edd57cf-f21f-11ed-afed-005056c00001', '83125d6b-f21f-11ed-b425-005056c00001', '8312ab8c-f21f-11ed-b425-005056c00001', 'sid-D33466C2-09C7-4B83-9395-62B75B8150C9', '8317dbaf-f21f-11ed-b425-005056c00001', NULL, '', 'userTask', 'tom01', '2023-05-14 06:21:07.542', '2023-05-14 06:43:45.717', 1358175, NULL, '');
INSERT INTO `ACT_HI_ACTINST` VALUES ('8357ce0d-f15f-11ed-8d61-005056c00001', 'jiaban:1:13b40520-f13c-11ed-8599-005056c00001', '8356bc99-f15f-11ed-8d61-005056c00001', '83577fec-f15f-11ed-8d61-005056c00001', 'sid-0CFBC2B2-1D7B-4F71-B850-088DF6828DA2', NULL, NULL, NULL, 'startEvent', NULL, '2023-05-13 07:26:44.611', '2023-05-13 07:26:44.614', 3, NULL, '');
INSERT INTO `ACT_HI_ACTINST` VALUES ('8358b86e-f15f-11ed-8d61-005056c00001', 'jiaban:1:13b40520-f13c-11ed-8599-005056c00001', '8356bc99-f15f-11ed-8d61-005056c00001', '83577fec-f15f-11ed-8d61-005056c00001', 'sid-D33466C2-09C7-4B83-9395-62B75B8150C9', '835b778f-f15f-11ed-8d61-005056c00001', NULL, '', 'userTask', 'lucy01', '2023-05-13 07:26:44.617', '2023-05-13 07:27:40.998', 56381, NULL, '');
INSERT INTO `ACT_HI_ACTINST` VALUES ('84b6df3c-f8a6-11ed-af44-005056c00001', 'qingjia:2:7e930d37-f8a2-11ed-af44-005056c00001', '84b55898-f8a6-11ed-af44-005056c00001', '84b642fb-f8a6-11ed-af44-005056c00001', 'sid-413BFE58-8F12-457A-8CEE-35D9BD4253C1', NULL, NULL, NULL, 'startEvent', NULL, '2023-05-22 13:42:39.319', '2023-05-22 13:42:39.323', 4, NULL, '');
INSERT INTO `ACT_HI_ACTINST` VALUES ('84b83ecd-f8a6-11ed-af44-005056c00001', 'qingjia:2:7e930d37-f8a2-11ed-af44-005056c00001', '84b55898-f8a6-11ed-af44-005056c00001', '84b642fb-f8a6-11ed-af44-005056c00001', 'sid-5099375F-E4B1-43E8-A899-305C07C6C58A', '84bad6de-f8a6-11ed-af44-005056c00001', NULL, '', 'userTask', 'zhang3', '2023-05-22 13:42:39.328', '2023-05-24 07:29:23.970', 150404642, NULL, '');
INSERT INTO `ACT_HI_ACTINST` VALUES ('892baf9c-f15c-11ed-8187-005056c00001', 'jiaban:1:13b40520-f13c-11ed-8599-005056c00001', '892a28f6-f15c-11ed-8187-005056c00001', '892b3a6b-f15c-11ed-8187-005056c00001', 'sid-0CFBC2B2-1D7B-4F71-B850-088DF6828DA2', NULL, NULL, NULL, 'startEvent', NULL, '2023-05-13 07:05:25.898', '2023-05-13 07:05:25.902', 4, NULL, '');
INSERT INTO `ACT_HI_ACTINST` VALUES ('892ce81d-f15c-11ed-8187-005056c00001', 'jiaban:1:13b40520-f13c-11ed-8599-005056c00001', '892a28f6-f15c-11ed-8187-005056c00001', '892b3a6b-f15c-11ed-8187-005056c00001', 'sid-D33466C2-09C7-4B83-9395-62B75B8150C9', '892ff55e-f15c-11ed-8187-005056c00001', NULL, '', 'userTask', 'lucy01', '2023-05-13 07:05:25.906', '2023-05-13 07:06:58.642', 92736, NULL, '');
INSERT INTO `ACT_HI_ACTINST` VALUES ('8b98f171-f238-11ed-a2d7-005056c00001', 'qingjia02:1:2cec2ff4-f238-11ed-a88e-005056c00001', '3e5520a1-f238-11ed-b20a-005056c00001', '3e576a95-f238-11ed-b20a-005056c00001', 'sid-4F65489B-B41A-4652-8E1A-B7AD4E448F6C', NULL, NULL, NULL, 'parallelGateway', NULL, '2023-05-14 09:20:19.250', '2023-05-14 09:20:19.255', 5, NULL, '');
INSERT INTO `ACT_HI_ACTINST` VALUES ('8b9c9af2-f238-11ed-a2d7-005056c00001', 'qingjia02:1:2cec2ff4-f238-11ed-a88e-005056c00001', '3e5520a1-f238-11ed-b20a-005056c00001', '3e576a95-f238-11ed-b20a-005056c00001', 'sid-52EBA60E-4C9E-424D-A907-05A67E55D39E', '8b9f5a13-f238-11ed-a2d7-005056c00001', NULL, '', 'userTask', 'xiaoli', '2023-05-14 09:20:19.274', NULL, NULL, NULL, '');
INSERT INTO `ACT_HI_ACTINST` VALUES ('90a642fa-fd66-11ed-8552-005056c00001', 'qingjia:2:7e930d37-f8a2-11ed-af44-005056c00001', '6d54472b-fd64-11ed-b141-005056c00001', '6d54472e-fd64-11ed-b141-005056c00001', 'sid-5905F70C-E04A-47D4-8B74-3A612859AE83', '90a83ecb-fd66-11ed-8552-005056c00001', NULL, '', 'userTask', 'li4', '2023-05-28 14:47:27.366', NULL, NULL, NULL, '');
INSERT INTO `ACT_HI_ACTINST` VALUES ('91f0ed8f-f165-11ed-a412-005056c00001', 'jiaban:1:13b40520-f13c-11ed-8599-005056c00001', '91efb509-f165-11ed-a412-005056c00001', '91f09f6e-f165-11ed-a412-005056c00001', 'sid-0CFBC2B2-1D7B-4F71-B850-088DF6828DA2', NULL, NULL, NULL, 'startEvent', NULL, '2023-05-13 08:10:06.083', '2023-05-13 08:10:06.087', 4, NULL, '');
INSERT INTO `ACT_HI_ACTINST` VALUES ('91f22610-f165-11ed-a412-005056c00001', 'jiaban:1:13b40520-f13c-11ed-8599-005056c00001', '91efb509-f165-11ed-a412-005056c00001', '91f09f6e-f165-11ed-a412-005056c00001', 'sid-D33466C2-09C7-4B83-9395-62B75B8150C9', '91f61db1-f165-11ed-a412-005056c00001', NULL, '', 'userTask', 'lucy01', '2023-05-13 08:10:06.091', '2023-05-13 08:11:07.603', 61512, NULL, '');
INSERT INTO `ACT_HI_ACTINST` VALUES ('942c338d-f0cd-11ed-85d2-005056c00001', 'qingjia:1:0dcd5d6c-f091-11ed-a994-005056c00001', 'ed163ec0-f093-11ed-a8c1-005056c00001', 'ed168ce1-f093-11ed-a8c1-005056c00001', 'sid-EEC9E88A-6D5B-40A8-BE2C-78B92CC10306', NULL, NULL, NULL, 'endEvent', NULL, '2023-05-12 14:02:06.324', '2023-05-12 14:02:06.326', 2, NULL, '');
INSERT INTO `ACT_HI_ACTINST` VALUES ('a348f37c-fd63-11ed-b93c-005056c00001', 'qingjia:2:7e930d37-f8a2-11ed-af44-005056c00001', 'a34745c8-fd63-11ed-b93c-005056c00001', 'a3487e4b-fd63-11ed-b93c-005056c00001', 'sid-413BFE58-8F12-457A-8CEE-35D9BD4253C1', NULL, NULL, NULL, 'startEvent', NULL, '2023-05-28 14:26:30.141', '2023-05-28 14:26:30.143', 2, NULL, '');
INSERT INTO `ACT_HI_ACTINST` VALUES ('a34a04ed-fd63-11ed-b93c-005056c00001', 'qingjia:2:7e930d37-f8a2-11ed-af44-005056c00001', 'a34745c8-fd63-11ed-b93c-005056c00001', 'a3487e4b-fd63-11ed-b93c-005056c00001', 'sid-5099375F-E4B1-43E8-A899-305C07C6C58A', 'a34c27ce-fd63-11ed-b93c-005056c00001', NULL, '', 'userTask', 'zhang3', '2023-05-28 14:26:30.148', '2023-05-28 14:54:09.784', 1659636, NULL, '');
INSERT INTO `ACT_HI_ACTINST` VALUES ('a4b38be8-f0cf-11ed-8dd7-005056c00001', 'qingjia:1:0dcd5d6c-f091-11ed-a994-005056c00001', 'a4b2efa6-f0cf-11ed-8dd7-005056c00001', 'a4b33dc7-f0cf-11ed-8dd7-005056c00001', 'sid-C612BA8C-A968-4953-B4D9-0AD46316CB8A', NULL, NULL, NULL, 'startEvent', NULL, '2023-05-12 14:16:53.048', '2023-05-12 14:16:53.051', 3, NULL, '');
INSERT INTO `ACT_HI_ACTINST` VALUES ('a4b47649-f0cf-11ed-8dd7-005056c00001', 'qingjia:1:0dcd5d6c-f091-11ed-a994-005056c00001', 'a4b2efa6-f0cf-11ed-8dd7-005056c00001', 'a4b33dc7-f0cf-11ed-8dd7-005056c00001', 'sid-9D1F91DC-1096-47AB-9AF8-48C9E2156024', 'a4b70e5a-f0cf-11ed-8dd7-005056c00001', NULL, '', 'userTask', 'zhangsan', '2023-05-12 14:16:53.054', '2023-05-12 14:19:49.894', 176840, NULL, '');
INSERT INTO `ACT_HI_ACTINST` VALUES ('a4f4b116-f15f-11ed-9c22-005056c00001', 'jiaban:1:13b40520-f13c-11ed-8599-005056c00001', '8356bc99-f15f-11ed-8d61-005056c00001', '83577fec-f15f-11ed-8d61-005056c00001', 'sid-3FE49E43-9C04-44A7-A9F5-7001C5BB7ABA', 'a4f80c77-f15f-11ed-9c22-005056c00001', NULL, '', 'userTask', 'zhao', '2023-05-13 07:27:41.004', NULL, NULL, NULL, '');
INSERT INTO `ACT_HI_ACTINST` VALUES ('aa6ef6d0-f15b-11ed-b05f-005056c00001', 'jiaban:1:13b40520-f13c-11ed-8599-005056c00001', 'ac53b15f-f15a-11ed-990c-005056c00001', 'ac5474b4-f15a-11ed-990c-005056c00001', 'sid-3FE49E43-9C04-44A7-A9F5-7001C5BB7ABA', 'aa720411-f15b-11ed-b05f-005056c00001', NULL, '', 'userTask', 'mary01', '2023-05-13 06:59:12.207', NULL, NULL, NULL, '');
INSERT INTO `ACT_HI_ACTINST` VALUES ('aa8923a0-fd62-11ed-8869-005056c00001', 'qingjia:2:7e930d37-f8a2-11ed-af44-005056c00001', 'aa8727cc-fd62-11ed-8869-005056c00001', 'aa88875f-fd62-11ed-8869-005056c00001', 'sid-413BFE58-8F12-457A-8CEE-35D9BD4253C1', NULL, NULL, NULL, 'startEvent', NULL, '2023-05-28 14:19:32.809', '2023-05-28 14:19:32.812', 3, NULL, '');
INSERT INTO `ACT_HI_ACTINST` VALUES ('aa8a5c21-fd62-11ed-8869-005056c00001', 'qingjia:2:7e930d37-f8a2-11ed-af44-005056c00001', 'aa8727cc-fd62-11ed-8869-005056c00001', 'aa88875f-fd62-11ed-8869-005056c00001', 'sid-5099375F-E4B1-43E8-A899-305C07C6C58A', 'aa8d4252-fd62-11ed-8869-005056c00001', NULL, '', 'userTask', 'zhang3', '2023-05-28 14:19:32.817', NULL, NULL, NULL, '');
INSERT INTO `ACT_HI_ACTINST` VALUES ('ac54c2d5-f15a-11ed-990c-005056c00001', 'jiaban:1:13b40520-f13c-11ed-8599-005056c00001', 'ac53b15f-f15a-11ed-990c-005056c00001', 'ac5474b4-f15a-11ed-990c-005056c00001', 'sid-0CFBC2B2-1D7B-4F71-B850-088DF6828DA2', NULL, NULL, NULL, 'startEvent', NULL, '2023-05-13 06:52:05.895', '2023-05-13 06:52:05.898', 3, NULL, '');
INSERT INTO `ACT_HI_ACTINST` VALUES ('ac55d446-f15a-11ed-990c-005056c00001', 'jiaban:1:13b40520-f13c-11ed-8599-005056c00001', 'ac53b15f-f15a-11ed-990c-005056c00001', 'ac5474b4-f15a-11ed-990c-005056c00001', 'sid-D33466C2-09C7-4B83-9395-62B75B8150C9', 'ac589367-f15a-11ed-990c-005056c00001', NULL, '', 'userTask', 'lucy01', '2023-05-13 06:52:05.901', '2023-05-13 06:59:12.202', 426301, NULL, '');
INSERT INTO `ACT_HI_ACTINST` VALUES ('ac9e7999-f222-11ed-8104-005056c00001', 'jiaban03:1:4edd57cf-f21f-11ed-afed-005056c00001', '83125d6b-f21f-11ed-b425-005056c00001', '8312ab8c-f21f-11ed-b425-005056c00001', 'sid-3FE49E43-9C04-44A7-A9F5-7001C5BB7ABA', 'aca1adea-f222-11ed-8104-005056c00001', NULL, '', 'userTask', NULL, '2023-05-14 06:43:45.723', NULL, NULL, NULL, '');
INSERT INTO `ACT_HI_ACTINST` VALUES ('b1800c3c-fd60-11ed-a983-005056c00001', 'qingjia:2:7e930d37-f8a2-11ed-af44-005056c00001', 'b17e8598-fd60-11ed-a983-005056c00001', 'b17fbe1b-fd60-11ed-a983-005056c00001', 'sid-413BFE58-8F12-457A-8CEE-35D9BD4253C1', NULL, NULL, NULL, 'startEvent', NULL, '2023-05-28 14:05:25.500', '2023-05-28 14:05:25.503', 3, NULL, '');
INSERT INTO `ACT_HI_ACTINST` VALUES ('b1811dad-fd60-11ed-a983-005056c00001', 'qingjia:2:7e930d37-f8a2-11ed-af44-005056c00001', 'b17e8598-fd60-11ed-a983-005056c00001', 'b17fbe1b-fd60-11ed-a983-005056c00001', 'sid-5099375F-E4B1-43E8-A899-305C07C6C58A', 'b183408e-fd60-11ed-a983-005056c00001', NULL, '', 'userTask', 'zhang3', '2023-05-28 14:05:25.507', NULL, NULL, NULL, '');
INSERT INTO `ACT_HI_ACTINST` VALUES ('b45333b4-fd61-11ed-86a1-005056c00001', 'qingjia:2:7e930d37-f8a2-11ed-af44-005056c00001', 'b451ad10-fd61-11ed-86a1-005056c00001', 'b452e593-fd61-11ed-86a1-005056c00001', 'sid-413BFE58-8F12-457A-8CEE-35D9BD4253C1', NULL, NULL, NULL, 'startEvent', NULL, '2023-05-28 14:12:39.736', '2023-05-28 14:12:39.739', 3, NULL, '');
INSERT INTO `ACT_HI_ACTINST` VALUES ('b4541e15-fd61-11ed-86a1-005056c00001', 'qingjia:2:7e930d37-f8a2-11ed-af44-005056c00001', 'b451ad10-fd61-11ed-86a1-005056c00001', 'b452e593-fd61-11ed-86a1-005056c00001', 'sid-5099375F-E4B1-43E8-A899-305C07C6C58A', 'b45619e6-fd61-11ed-86a1-005056c00001', NULL, '', 'userTask', 'zhang3', '2023-05-28 14:12:39.742', NULL, NULL, NULL, '');
INSERT INTO `ACT_HI_ACTINST` VALUES ('b4e03932-fa04-11ed-8fd8-005056c00001', 'qingjia:2:7e930d37-f8a2-11ed-af44-005056c00001', '84b55898-f8a6-11ed-af44-005056c00001', '84b642fb-f8a6-11ed-af44-005056c00001', 'sid-5905F70C-E04A-47D4-8B74-3A612859AE83', 'b4e25c13-fa04-11ed-8fd8-005056c00001', NULL, '', 'userTask', 'li4', '2023-05-24 07:29:23.976', NULL, NULL, NULL, '');
INSERT INTO `ACT_HI_ACTINST` VALUES ('b69d0ce7-f165-11ed-96f2-005056c00001', 'jiaban:1:13b40520-f13c-11ed-8599-005056c00001', '91efb509-f165-11ed-a412-005056c00001', '91f09f6e-f165-11ed-a412-005056c00001', 'sid-3FE49E43-9C04-44A7-A9F5-7001C5BB7ABA', 'b6a0dd78-f165-11ed-96f2-005056c00001', NULL, '', 'userTask', 'mary01', '2023-05-13 08:11:07.609', NULL, NULL, NULL, '');
INSERT INTO `ACT_HI_ACTINST` VALUES ('c0740e81-f15c-11ed-890c-005056c00001', 'jiaban:1:13b40520-f13c-11ed-8599-005056c00001', '892a28f6-f15c-11ed-8187-005056c00001', '892b3a6b-f15c-11ed-8187-005056c00001', 'sid-3FE49E43-9C04-44A7-A9F5-7001C5BB7ABA', 'c0771bc2-f15c-11ed-890c-005056c00001', NULL, '', 'userTask', 'mary01', '2023-05-13 07:06:58.647', NULL, NULL, NULL, '');
INSERT INTO `ACT_HI_ACTINST` VALUES ('e85f6990-fd63-11ed-ac57-005056c00001', 'qingjia:2:7e930d37-f8a2-11ed-af44-005056c00001', 'e85de2ec-fd63-11ed-ac57-005056c00001', 'e85f1b6f-fd63-11ed-ac57-005056c00001', 'sid-413BFE58-8F12-457A-8CEE-35D9BD4253C1', NULL, NULL, NULL, 'startEvent', NULL, '2023-05-28 14:28:26.051', '2023-05-28 14:28:26.054', 3, NULL, '');
INSERT INTO `ACT_HI_ACTINST` VALUES ('e86053f1-fd63-11ed-ac57-005056c00001', 'qingjia:2:7e930d37-f8a2-11ed-af44-005056c00001', 'e85de2ec-fd63-11ed-ac57-005056c00001', 'e85f1b6f-fd63-11ed-ac57-005056c00001', 'sid-5099375F-E4B1-43E8-A899-305C07C6C58A', 'e8624fc2-fd63-11ed-ac57-005056c00001', NULL, '', 'userTask', 'zhang3', '2023-05-28 14:28:26.057', '2023-05-28 14:53:23.809', 1497752, NULL, '');
INSERT INTO `ACT_HI_ACTINST` VALUES ('e99a2e86-f165-11ed-b7fc-005056c00001', 'jiaban:1:13b40520-f13c-11ed-8599-005056c00001', 'e998f602-f165-11ed-b7fc-005056c00001', 'e999b955-f165-11ed-b7fc-005056c00001', 'sid-0CFBC2B2-1D7B-4F71-B850-088DF6828DA2', NULL, NULL, NULL, 'startEvent', NULL, '2023-05-13 08:12:33.154', '2023-05-13 08:12:33.157', 3, NULL, '');
INSERT INTO `ACT_HI_ACTINST` VALUES ('e99bb527-f165-11ed-b7fc-005056c00001', 'jiaban:1:13b40520-f13c-11ed-8599-005056c00001', 'e998f602-f165-11ed-b7fc-005056c00001', 'e999b955-f165-11ed-b7fc-005056c00001', 'sid-D33466C2-09C7-4B83-9395-62B75B8150C9', 'e99f3798-f165-11ed-b7fc-005056c00001', NULL, '', 'userTask', 'lucy01', '2023-05-13 08:12:33.164', '2023-05-13 08:13:06.035', 32871, NULL, '');
INSERT INTO `ACT_HI_ACTINST` VALUES ('ed16db02-f093-11ed-a8c1-005056c00001', 'qingjia:1:0dcd5d6c-f091-11ed-a994-005056c00001', 'ed163ec0-f093-11ed-a8c1-005056c00001', 'ed168ce1-f093-11ed-a8c1-005056c00001', 'sid-C612BA8C-A968-4953-B4D9-0AD46316CB8A', NULL, NULL, NULL, 'startEvent', NULL, '2023-05-12 07:09:24.691', '2023-05-12 07:09:24.696', 5, NULL, '');
INSERT INTO `ACT_HI_ACTINST` VALUES ('ed183a93-f093-11ed-a8c1-005056c00001', 'qingjia:1:0dcd5d6c-f091-11ed-a994-005056c00001', 'ed163ec0-f093-11ed-a8c1-005056c00001', 'ed168ce1-f093-11ed-a8c1-005056c00001', 'sid-9D1F91DC-1096-47AB-9AF8-48C9E2156024', 'ed1af9b4-f093-11ed-a8c1-005056c00001', NULL, '', 'userTask', 'zhangsan', '2023-05-12 07:09:24.700', '2023-05-12 08:23:22.488', 4437788, NULL, '');
INSERT INTO `ACT_HI_ACTINST` VALUES ('fd3456fa-f165-11ed-b775-005056c00001', 'jiaban:1:13b40520-f13c-11ed-8599-005056c00001', 'e998f602-f165-11ed-b7fc-005056c00001', 'e999b955-f165-11ed-b7fc-005056c00001', 'sid-3FE49E43-9C04-44A7-A9F5-7001C5BB7ABA', 'fd37643b-f165-11ed-b775-005056c00001', NULL, '', 'userTask', 'zhao', '2023-05-13 08:13:06.041', NULL, NULL, NULL, '');

-- ----------------------------
-- Table structure for ACT_HI_ATTACHMENT
-- ----------------------------
DROP TABLE IF EXISTS `ACT_HI_ATTACHMENT`;
CREATE TABLE `ACT_HI_ATTACHMENT`  (
  `ID_` varchar(64) CHARACTER SET utf8 COLLATE utf8_bin NOT NULL,
  `REV_` int NULL DEFAULT NULL,
  `USER_ID_` varchar(255) CHARACTER SET utf8 COLLATE utf8_bin NULL DEFAULT NULL,
  `NAME_` varchar(255) CHARACTER SET utf8 COLLATE utf8_bin NULL DEFAULT NULL,
  `DESCRIPTION_` varchar(4000) CHARACTER SET utf8 COLLATE utf8_bin NULL DEFAULT NULL,
  `TYPE_` varchar(255) CHARACTER SET utf8 COLLATE utf8_bin NULL DEFAULT NULL,
  `TASK_ID_` varchar(64) CHARACTER SET utf8 COLLATE utf8_bin NULL DEFAULT NULL,
  `PROC_INST_ID_` varchar(64) CHARACTER SET utf8 COLLATE utf8_bin NULL DEFAULT NULL,
  `URL_` varchar(4000) CHARACTER SET utf8 COLLATE utf8_bin NULL DEFAULT NULL,
  `CONTENT_ID_` varchar(64) CHARACTER SET utf8 COLLATE utf8_bin NULL DEFAULT NULL,
  `TIME_` datetime(3) NULL DEFAULT NULL,
  PRIMARY KEY (`ID_`) USING BTREE
) ENGINE = InnoDB CHARACTER SET = utf8 COLLATE = utf8_bin ROW_FORMAT = Dynamic;

-- ----------------------------
-- Records of ACT_HI_ATTACHMENT
-- ----------------------------

-- ----------------------------
-- Table structure for ACT_HI_COMMENT
-- ----------------------------
DROP TABLE IF EXISTS `ACT_HI_COMMENT`;
CREATE TABLE `ACT_HI_COMMENT`  (
  `ID_` varchar(64) CHARACTER SET utf8 COLLATE utf8_bin NOT NULL,
  `TYPE_` varchar(255) CHARACTER SET utf8 COLLATE utf8_bin NULL DEFAULT NULL,
  `TIME_` datetime(3) NOT NULL,
  `USER_ID_` varchar(255) CHARACTER SET utf8 COLLATE utf8_bin NULL DEFAULT NULL,
  `TASK_ID_` varchar(64) CHARACTER SET utf8 COLLATE utf8_bin NULL DEFAULT NULL,
  `PROC_INST_ID_` varchar(64) CHARACTER SET utf8 COLLATE utf8_bin NULL DEFAULT NULL,
  `ACTION_` varchar(255) CHARACTER SET utf8 COLLATE utf8_bin NULL DEFAULT NULL,
  `MESSAGE_` varchar(4000) CHARACTER SET utf8 COLLATE utf8_bin NULL DEFAULT NULL,
  `FULL_MSG_` longblob NULL,
  PRIMARY KEY (`ID_`) USING BTREE
) ENGINE = InnoDB CHARACTER SET = utf8 COLLATE = utf8_bin ROW_FORMAT = Dynamic;

-- ----------------------------
-- Records of ACT_HI_COMMENT
-- ----------------------------

-- ----------------------------
-- Table structure for ACT_HI_DETAIL
-- ----------------------------
DROP TABLE IF EXISTS `ACT_HI_DETAIL`;
CREATE TABLE `ACT_HI_DETAIL`  (
  `ID_` varchar(64) CHARACTER SET utf8 COLLATE utf8_bin NOT NULL,
  `TYPE_` varchar(255) CHARACTER SET utf8 COLLATE utf8_bin NOT NULL,
  `PROC_INST_ID_` varchar(64) CHARACTER SET utf8 COLLATE utf8_bin NULL DEFAULT NULL,
  `EXECUTION_ID_` varchar(64) CHARACTER SET utf8 COLLATE utf8_bin NULL DEFAULT NULL,
  `TASK_ID_` varchar(64) CHARACTER SET utf8 COLLATE utf8_bin NULL DEFAULT NULL,
  `ACT_INST_ID_` varchar(64) CHARACTER SET utf8 COLLATE utf8_bin NULL DEFAULT NULL,
  `NAME_` varchar(255) CHARACTER SET utf8 COLLATE utf8_bin NOT NULL,
  `VAR_TYPE_` varchar(255) CHARACTER SET utf8 COLLATE utf8_bin NULL DEFAULT NULL,
  `REV_` int NULL DEFAULT NULL,
  `TIME_` datetime(3) NOT NULL,
  `BYTEARRAY_ID_` varchar(64) CHARACTER SET utf8 COLLATE utf8_bin NULL DEFAULT NULL,
  `DOUBLE_` double NULL DEFAULT NULL,
  `LONG_` bigint NULL DEFAULT NULL,
  `TEXT_` varchar(4000) CHARACTER SET utf8 COLLATE utf8_bin NULL DEFAULT NULL,
  `TEXT2_` varchar(4000) CHARACTER SET utf8 COLLATE utf8_bin NULL DEFAULT NULL,
  PRIMARY KEY (`ID_`) USING BTREE,
  INDEX `ACT_IDX_HI_DETAIL_PROC_INST`(`PROC_INST_ID_` ASC) USING BTREE,
  INDEX `ACT_IDX_HI_DETAIL_ACT_INST`(`ACT_INST_ID_` ASC) USING BTREE,
  INDEX `ACT_IDX_HI_DETAIL_TIME`(`TIME_` ASC) USING BTREE,
  INDEX `ACT_IDX_HI_DETAIL_NAME`(`NAME_` ASC) USING BTREE,
  INDEX `ACT_IDX_HI_DETAIL_TASK_ID`(`TASK_ID_` ASC) USING BTREE
) ENGINE = InnoDB CHARACTER SET = utf8 COLLATE = utf8_bin ROW_FORMAT = Dynamic;

-- ----------------------------
-- Records of ACT_HI_DETAIL
-- ----------------------------
INSERT INTO `ACT_HI_DETAIL` VALUES ('07de2056-fd67-11ed-9018-005056c00001', 'VariableUpdate', '4f8b00d1-fd64-11ed-b141-005056c00001', '4f8b00d1-fd64-11ed-b141-005056c00001', NULL, NULL, 'data', 'json', 1, '2023-05-28 14:50:47.381', NULL, NULL, NULL, '{\"reason\":\"\",\"days\":\"3\",\"end\":\"2023-05-31\",\"begin\":\"2023-05-28\"}', 'java.util.LinkedHashMap');
INSERT INTO `ACT_HI_DETAIL` VALUES ('09ef0548-f22e-11ed-b05f-005056c00001', 'VariableUpdate', '805573a7-f22c-11ed-842f-005056c00001', '805573a7-f22c-11ed-842f-005056c00001', NULL, NULL, 'day', 'integer', 1, '2023-05-14 08:05:06.743', NULL, NULL, 2, '2', NULL);
INSERT INTO `ACT_HI_DETAIL` VALUES ('09f4f8bc-f22e-11ed-b05f-005056c00001', 'VariableUpdate', '805573a7-f22c-11ed-842f-005056c00001', '80560fea-f22c-11ed-842f-005056c00001', '09f45c7a-f22e-11ed-b05f-005056c00001', NULL, 'day', 'integer', 0, '2023-05-14 08:05:06.782', NULL, NULL, 2, '2', NULL);
INSERT INTO `ACT_HI_DETAIL` VALUES ('1c9a4d11-fd62-11ed-99ea-005056c00001', 'VariableUpdate', '1c9989bf-fd62-11ed-99ea-005056c00001', '1c9989bf-fd62-11ed-99ea-005056c00001', NULL, NULL, 'data', 'json', 0, '2023-05-28 14:15:34.684', NULL, NULL, NULL, '{\"reason\":\"\",\"days\":\"3\",\"end\":\"2023-05-30\",\"begin\":\"2023-05-28\"}', 'java.util.HashMap');
INSERT INTO `ACT_HI_DETAIL` VALUES ('1c9eb9e7-fd62-11ed-99ea-005056c00001', 'VariableUpdate', '1c9989bf-fd62-11ed-99ea-005056c00001', '1c9a9b32-fd62-11ed-99ea-005056c00001', '1c9df695-fd62-11ed-99ea-005056c00001', NULL, 'data', 'json', 0, '2023-05-28 14:15:34.714', NULL, NULL, NULL, '{\"reason\":\"\",\"days\":\"3\",\"end\":\"2023-05-30\",\"begin\":\"2023-05-28\"}', 'java.util.LinkedHashMap');
INSERT INTO `ACT_HI_DETAIL` VALUES ('366dca8c-f13c-11ed-8457-005056c00001', 'VariableUpdate', '366d2e4a-f13c-11ed-8457-005056c00001', '366d2e4a-f13c-11ed-8457-005056c00001', NULL, NULL, 'assignee2', 'string', 0, '2023-05-13 03:14:03.185', NULL, NULL, NULL, 'mary', NULL);
INSERT INTO `ACT_HI_DETAIL` VALUES ('366e18ae-f13c-11ed-8457-005056c00001', 'VariableUpdate', '366d2e4a-f13c-11ed-8457-005056c00001', '366d2e4a-f13c-11ed-8457-005056c00001', NULL, NULL, 'assignee1', 'string', 0, '2023-05-13 03:14:03.187', NULL, NULL, NULL, 'lucy', NULL);
INSERT INTO `ACT_HI_DETAIL` VALUES ('3674a864-f13c-11ed-8457-005056c00001', 'VariableUpdate', '366d2e4a-f13c-11ed-8457-005056c00001', '366e18af-f13c-11ed-8457-005056c00001', '3672fab2-f13c-11ed-8457-005056c00001', NULL, 'assignee2', 'string', 0, '2023-05-13 03:14:03.230', NULL, NULL, NULL, 'mary', NULL);
INSERT INTO `ACT_HI_DETAIL` VALUES ('3674a866-f13c-11ed-8457-005056c00001', 'VariableUpdate', '366d2e4a-f13c-11ed-8457-005056c00001', '366e18af-f13c-11ed-8457-005056c00001', '3672fab2-f13c-11ed-8457-005056c00001', NULL, 'assignee1', 'string', 0, '2023-05-13 03:14:03.230', NULL, NULL, NULL, 'lucy', NULL);
INSERT INTO `ACT_HI_DETAIL` VALUES ('4df17395-f22e-11ed-bf04-005056c00001', 'VariableUpdate', '4df0fe63-f22e-11ed-bf04-005056c00001', '4df0fe63-f22e-11ed-bf04-005056c00001', NULL, NULL, 'day', 'integer', 0, '2023-05-14 08:07:00.844', NULL, NULL, 3, '3', NULL);
INSERT INTO `ACT_HI_DETAIL` VALUES ('4df7dc3c-f22e-11ed-bf04-005056c00001', 'VariableUpdate', '4df0fe63-f22e-11ed-bf04-005056c00001', '4df1c1b6-f22e-11ed-bf04-005056c00001', '4df718ea-f22e-11ed-bf04-005056c00001', NULL, 'day', 'integer', 0, '2023-05-14 08:07:00.886', NULL, NULL, 3, '3', NULL);
INSERT INTO `ACT_HI_DETAIL` VALUES ('4f8c1243-fd64-11ed-b141-005056c00001', 'VariableUpdate', '4f8b00d1-fd64-11ed-b141-005056c00001', '4f8b00d1-fd64-11ed-b141-005056c00001', NULL, NULL, 'data', 'json', 0, '2023-05-28 14:31:19.149', NULL, NULL, NULL, '{\"reason\":\"\",\"days\":\"3\",\"end\":\"2023-05-31\",\"begin\":\"2023-05-28\"}', 'java.util.HashMap');
INSERT INTO `ACT_HI_DETAIL` VALUES ('4f911b59-fd64-11ed-b141-005056c00001', 'VariableUpdate', '4f8b00d1-fd64-11ed-b141-005056c00001', '4f8c8774-fd64-11ed-b141-005056c00001', '4f907f17-fd64-11ed-b141-005056c00001', NULL, 'data', 'json', 0, '2023-05-28 14:31:19.182', NULL, NULL, NULL, '{\"reason\":\"\",\"days\":\"3\",\"end\":\"2023-05-31\",\"begin\":\"2023-05-28\"}', 'java.util.LinkedHashMap');
INSERT INTO `ACT_HI_DETAIL` VALUES ('651aafe8-fd67-11ed-9018-005056c00001', 'VariableUpdate', 'e85de2ec-fd63-11ed-ac57-005056c00001', 'e85de2ec-fd63-11ed-ac57-005056c00001', NULL, NULL, 'data', 'json', 1, '2023-05-28 14:53:23.806', NULL, NULL, NULL, '{\"reason\":\"\",\"days\":\"3\",\"end\":\"2023-06-03\",\"begin\":\"2023-05-31\"}', 'java.util.LinkedHashMap');
INSERT INTO `ACT_HI_DETAIL` VALUES ('6af516e3-fd63-11ed-92f4-005056c00001', 'VariableUpdate', '6af40571-fd63-11ed-92f4-005056c00001', '6af40571-fd63-11ed-92f4-005056c00001', NULL, NULL, 'data', 'json', 0, '2023-05-28 14:24:55.638', NULL, NULL, NULL, '{\"reason\":\"\",\"days\":\"3\",\"end\":\"2023-05-29\",\"begin\":\"2023-05-28\"}', 'java.util.HashMap');
INSERT INTO `ACT_HI_DETAIL` VALUES ('6afae349-fd63-11ed-92f4-005056c00001', 'VariableUpdate', '6af40571-fd63-11ed-92f4-005056c00001', '6af5da34-fd63-11ed-92f4-005056c00001', '6afa4707-fd63-11ed-92f4-005056c00001', NULL, 'data', 'json', 0, '2023-05-28 14:24:55.677', NULL, NULL, NULL, '{\"reason\":\"\",\"days\":\"3\",\"end\":\"2023-05-29\",\"begin\":\"2023-05-28\"}', 'java.util.LinkedHashMap');
INSERT INTO `ACT_HI_DETAIL` VALUES ('6d54472d-fd64-11ed-b141-005056c00001', 'VariableUpdate', '6d54472b-fd64-11ed-b141-005056c00001', '6d54472b-fd64-11ed-b141-005056c00001', NULL, NULL, 'data', 'json', 0, '2023-05-28 14:32:09.115', NULL, NULL, NULL, '{\"reason\":\"\",\"days\":\"3\",\"end\":\"2023-05-31\",\"begin\":\"2023-05-28\"}', 'java.util.HashMap');
INSERT INTO `ACT_HI_DETAIL` VALUES ('6d549553-fd64-11ed-b141-005056c00001', 'VariableUpdate', '6d54472b-fd64-11ed-b141-005056c00001', '6d54472e-fd64-11ed-b141-005056c00001', '6d546e41-fd64-11ed-b141-005056c00001', NULL, 'data', 'json', 0, '2023-05-28 14:32:09.117', NULL, NULL, NULL, '{\"reason\":\"\",\"days\":\"3\",\"end\":\"2023-05-31\",\"begin\":\"2023-05-28\"}', 'java.util.LinkedHashMap');
INSERT INTO `ACT_HI_DETAIL` VALUES ('8055c1c9-f22c-11ed-842f-005056c00001', 'VariableUpdate', '805573a7-f22c-11ed-842f-005056c00001', '805573a7-f22c-11ed-842f-005056c00001', NULL, NULL, 'day', 'integer', 0, '2023-05-14 07:54:06.394', NULL, NULL, 2, '2', NULL);
INSERT INTO `ACT_HI_DETAIL` VALUES ('805cc6b0-f22c-11ed-842f-005056c00001', 'VariableUpdate', '805573a7-f22c-11ed-842f-005056c00001', '80560fea-f22c-11ed-842f-005056c00001', '805c035e-f22c-11ed-842f-005056c00001', NULL, 'day', 'integer', 0, '2023-05-14 07:54:06.440', NULL, NULL, 2, '2', NULL);
INSERT INTO `ACT_HI_DETAIL` VALUES ('8082116a-fd67-11ed-9018-005056c00001', 'VariableUpdate', 'a34745c8-fd63-11ed-b93c-005056c00001', 'a34745c8-fd63-11ed-b93c-005056c00001', NULL, NULL, 'data', 'json', 1, '2023-05-28 14:54:09.782', NULL, NULL, NULL, '{\"reason\":\"\",\"days\":\"3\",\"end\":\"2023-05-30\",\"begin\":\"2023-05-28\"}', 'java.util.LinkedHashMap');
INSERT INTO `ACT_HI_DETAIL` VALUES ('835731cb-f15f-11ed-8d61-005056c00001', 'VariableUpdate', '8356bc99-f15f-11ed-8d61-005056c00001', '8356bc99-f15f-11ed-8d61-005056c00001', NULL, NULL, 'assignee1', 'string', 0, '2023-05-13 07:26:44.607', NULL, NULL, NULL, 'lucy01', NULL);
INSERT INTO `ACT_HI_DETAIL` VALUES ('835c13d1-f15f-11ed-8d61-005056c00001', 'VariableUpdate', '8356bc99-f15f-11ed-8d61-005056c00001', '83577fec-f15f-11ed-8d61-005056c00001', '835b778f-f15f-11ed-8d61-005056c00001', NULL, 'assignee1', 'string', 0, '2023-05-13 07:26:44.639', NULL, NULL, NULL, 'lucy01', NULL);
INSERT INTO `ACT_HI_DETAIL` VALUES ('84b5cdca-f8a6-11ed-af44-005056c00001', 'VariableUpdate', '84b55898-f8a6-11ed-af44-005056c00001', '84b55898-f8a6-11ed-af44-005056c00001', NULL, NULL, 'data', 'json', 0, '2023-05-22 13:42:39.312', NULL, NULL, NULL, '{\"reason\":\"\",\"days\":\"2\",\"end\":\"2023-05-24\",\"begin\":\"2023-05-23\"}', 'java.util.HashMap');
INSERT INTO `ACT_HI_DETAIL` VALUES ('84bcaba0-f8a6-11ed-af44-005056c00001', 'VariableUpdate', '84b55898-f8a6-11ed-af44-005056c00001', '84b642fb-f8a6-11ed-af44-005056c00001', '84bad6de-f8a6-11ed-af44-005056c00001', NULL, 'data', 'json', 0, '2023-05-22 13:42:39.357', NULL, NULL, NULL, '{\"reason\":\"\",\"days\":\"2\",\"end\":\"2023-05-24\",\"begin\":\"2023-05-23\"}', 'java.util.LinkedHashMap');
INSERT INTO `ACT_HI_DETAIL` VALUES ('892ac538-f15c-11ed-8187-005056c00001', 'VariableUpdate', '892a28f6-f15c-11ed-8187-005056c00001', '892a28f6-f15c-11ed-8187-005056c00001', NULL, NULL, 'assignee2', 'string', 0, '2023-05-13 07:05:25.892', NULL, NULL, NULL, 'mary01', NULL);
INSERT INTO `ACT_HI_DETAIL` VALUES ('892b3a6a-f15c-11ed-8187-005056c00001', 'VariableUpdate', '892a28f6-f15c-11ed-8187-005056c00001', '892a28f6-f15c-11ed-8187-005056c00001', NULL, NULL, 'assignee1', 'string', 0, '2023-05-13 07:05:25.895', NULL, NULL, NULL, 'lucy01', NULL);
INSERT INTO `ACT_HI_DETAIL` VALUES ('8930b8b0-f15c-11ed-8187-005056c00001', 'VariableUpdate', '892a28f6-f15c-11ed-8187-005056c00001', '892b3a6b-f15c-11ed-8187-005056c00001', '892ff55e-f15c-11ed-8187-005056c00001', NULL, 'assignee2', 'string', 0, '2023-05-13 07:05:25.931', NULL, NULL, NULL, 'mary01', NULL);
INSERT INTO `ACT_HI_DETAIL` VALUES ('8930b8b2-f15c-11ed-8187-005056c00001', 'VariableUpdate', '892a28f6-f15c-11ed-8187-005056c00001', '892b3a6b-f15c-11ed-8187-005056c00001', '892ff55e-f15c-11ed-8187-005056c00001', NULL, 'assignee1', 'string', 0, '2023-05-13 07:05:25.931', NULL, NULL, NULL, 'lucy01', NULL);
INSERT INTO `ACT_HI_DETAIL` VALUES ('90a46e39-fd66-11ed-8552-005056c00001', 'VariableUpdate', '6d54472b-fd64-11ed-b141-005056c00001', '6d54472b-fd64-11ed-b141-005056c00001', NULL, NULL, 'data', 'json', 1, '2023-05-28 14:47:27.354', NULL, NULL, NULL, '{\"reason\":\"\",\"days\":\"3\",\"end\":\"2023-05-31\",\"begin\":\"2023-05-28\"}', 'java.util.LinkedHashMap');
INSERT INTO `ACT_HI_DETAIL` VALUES ('90a8db0d-fd66-11ed-8552-005056c00001', 'VariableUpdate', '6d54472b-fd64-11ed-b141-005056c00001', '6d54472e-fd64-11ed-b141-005056c00001', '90a83ecb-fd66-11ed-8552-005056c00001', NULL, 'data', 'json', 0, '2023-05-28 14:47:27.383', NULL, NULL, NULL, '{\"reason\":\"\",\"days\":\"3\",\"end\":\"2023-05-31\",\"begin\":\"2023-05-28\"}', 'java.util.LinkedHashMap');
INSERT INTO `ACT_HI_DETAIL` VALUES ('91f02a3b-f165-11ed-a412-005056c00001', 'VariableUpdate', '91efb509-f165-11ed-a412-005056c00001', '91efb509-f165-11ed-a412-005056c00001', NULL, NULL, 'assignee2', 'string', 0, '2023-05-13 08:10:06.078', NULL, NULL, NULL, 'mary01', NULL);
INSERT INTO `ACT_HI_DETAIL` VALUES ('91f09f6d-f165-11ed-a412-005056c00001', 'VariableUpdate', '91efb509-f165-11ed-a412-005056c00001', '91efb509-f165-11ed-a412-005056c00001', NULL, NULL, 'assignee1', 'string', 0, '2023-05-13 08:10:06.081', NULL, NULL, NULL, 'lucy01', NULL);
INSERT INTO `ACT_HI_DETAIL` VALUES ('91f72f23-f165-11ed-a412-005056c00001', 'VariableUpdate', '91efb509-f165-11ed-a412-005056c00001', '91f09f6e-f165-11ed-a412-005056c00001', '91f61db1-f165-11ed-a412-005056c00001', NULL, 'assignee2', 'string', 0, '2023-05-13 08:10:06.124', NULL, NULL, NULL, 'mary01', NULL);
INSERT INTO `ACT_HI_DETAIL` VALUES ('91f72f25-f165-11ed-a412-005056c00001', 'VariableUpdate', '91efb509-f165-11ed-a412-005056c00001', '91f09f6e-f165-11ed-a412-005056c00001', '91f61db1-f165-11ed-a412-005056c00001', NULL, 'assignee1', 'string', 0, '2023-05-13 08:10:06.124', NULL, NULL, NULL, 'lucy01', NULL);
INSERT INTO `ACT_HI_DETAIL` VALUES ('a348302a-fd63-11ed-b93c-005056c00001', 'VariableUpdate', 'a34745c8-fd63-11ed-b93c-005056c00001', 'a34745c8-fd63-11ed-b93c-005056c00001', NULL, NULL, 'data', 'json', 0, '2023-05-28 14:26:30.136', NULL, NULL, NULL, '{\"reason\":\"\",\"days\":\"3\",\"end\":\"2023-05-30\",\"begin\":\"2023-05-28\"}', 'java.util.HashMap');
INSERT INTO `ACT_HI_DETAIL` VALUES ('a34d1230-fd63-11ed-b93c-005056c00001', 'VariableUpdate', 'a34745c8-fd63-11ed-b93c-005056c00001', 'a3487e4b-fd63-11ed-b93c-005056c00001', 'a34c27ce-fd63-11ed-b93c-005056c00001', NULL, 'data', 'json', 0, '2023-05-28 14:26:30.168', NULL, NULL, NULL, '{\"reason\":\"\",\"days\":\"3\",\"end\":\"2023-05-30\",\"begin\":\"2023-05-28\"}', 'java.util.LinkedHashMap');
INSERT INTO `ACT_HI_DETAIL` VALUES ('a4efa804-f15f-11ed-9c22-005056c00001', 'VariableUpdate', '8356bc99-f15f-11ed-8d61-005056c00001', '8356bc99-f15f-11ed-8d61-005056c00001', NULL, '8358b86e-f15f-11ed-8d61-005056c00001', 'assignee2', 'string', 0, '2023-05-13 07:27:40.971', NULL, NULL, NULL, 'zhao', NULL);
INSERT INTO `ACT_HI_DETAIL` VALUES ('a4f32a75-f15f-11ed-9c22-005056c00001', 'VariableUpdate', '8356bc99-f15f-11ed-8d61-005056c00001', '8356bc99-f15f-11ed-8d61-005056c00001', NULL, NULL, 'assignee1', 'string', 1, '2023-05-13 07:27:40.994', NULL, NULL, NULL, 'lucy01', NULL);
INSERT INTO `ACT_HI_DETAIL` VALUES ('a4f881a9-f15f-11ed-9c22-005056c00001', 'VariableUpdate', '8356bc99-f15f-11ed-8d61-005056c00001', '83577fec-f15f-11ed-8d61-005056c00001', 'a4f80c77-f15f-11ed-9c22-005056c00001', NULL, 'assignee2', 'string', 0, '2023-05-13 07:27:41.029', NULL, NULL, NULL, 'zhao', NULL);
INSERT INTO `ACT_HI_DETAIL` VALUES ('a4f8a8bb-f15f-11ed-9c22-005056c00001', 'VariableUpdate', '8356bc99-f15f-11ed-8d61-005056c00001', '83577fec-f15f-11ed-8d61-005056c00001', 'a4f80c77-f15f-11ed-9c22-005056c00001', NULL, 'assignee1', 'string', 0, '2023-05-13 07:27:41.030', NULL, NULL, NULL, 'lucy01', NULL);
INSERT INTO `ACT_HI_DETAIL` VALUES ('aa69788d-f15b-11ed-b05f-005056c00001', 'VariableUpdate', 'ac53b15f-f15a-11ed-990c-005056c00001', 'ac53b15f-f15a-11ed-990c-005056c00001', NULL, 'ac55d446-f15a-11ed-990c-005056c00001', 'assignee2', 'string', 1, '2023-05-13 06:59:12.171', NULL, NULL, NULL, 'zhao', NULL);
INSERT INTO `ACT_HI_DETAIL` VALUES ('aa6dbe4e-f15b-11ed-b05f-005056c00001', 'VariableUpdate', 'ac53b15f-f15a-11ed-990c-005056c00001', 'ac53b15f-f15a-11ed-990c-005056c00001', NULL, NULL, 'assignee2', 'string', 1, '2023-05-13 06:59:12.199', NULL, NULL, NULL, 'mary01', NULL);
INSERT INTO `ACT_HI_DETAIL` VALUES ('aa6dbe4f-f15b-11ed-b05f-005056c00001', 'VariableUpdate', 'ac53b15f-f15a-11ed-990c-005056c00001', 'ac53b15f-f15a-11ed-990c-005056c00001', NULL, NULL, 'assignee1', 'string', 1, '2023-05-13 06:59:12.199', NULL, NULL, NULL, 'lucy01', NULL);
INSERT INTO `ACT_HI_DETAIL` VALUES ('aa725233-f15b-11ed-b05f-005056c00001', 'VariableUpdate', 'ac53b15f-f15a-11ed-990c-005056c00001', 'ac5474b4-f15a-11ed-990c-005056c00001', 'aa720411-f15b-11ed-b05f-005056c00001', NULL, 'assignee2', 'string', 0, '2023-05-13 06:59:12.229', NULL, NULL, NULL, 'mary01', NULL);
INSERT INTO `ACT_HI_DETAIL` VALUES ('aa72a055-f15b-11ed-b05f-005056c00001', 'VariableUpdate', 'ac53b15f-f15a-11ed-990c-005056c00001', 'ac5474b4-f15a-11ed-990c-005056c00001', 'aa720411-f15b-11ed-b05f-005056c00001', NULL, 'assignee1', 'string', 0, '2023-05-13 06:59:12.231', NULL, NULL, NULL, 'lucy01', NULL);
INSERT INTO `ACT_HI_DETAIL` VALUES ('aa88122e-fd62-11ed-8869-005056c00001', 'VariableUpdate', 'aa8727cc-fd62-11ed-8869-005056c00001', 'aa8727cc-fd62-11ed-8869-005056c00001', NULL, NULL, 'data', 'json', 0, '2023-05-28 14:19:32.802', NULL, NULL, NULL, '{\"reason\":\"\",\"days\":\"3\",\"end\":\"2023-05-30\",\"begin\":\"2023-05-28\"}', 'java.util.HashMap');
INSERT INTO `ACT_HI_DETAIL` VALUES ('aa8e53c4-fd62-11ed-8869-005056c00001', 'VariableUpdate', 'aa8727cc-fd62-11ed-8869-005056c00001', 'aa88875f-fd62-11ed-8869-005056c00001', 'aa8d4252-fd62-11ed-8869-005056c00001', NULL, 'data', 'json', 0, '2023-05-28 14:19:32.843', NULL, NULL, NULL, '{\"reason\":\"\",\"days\":\"3\",\"end\":\"2023-05-30\",\"begin\":\"2023-05-28\"}', 'java.util.LinkedHashMap');
INSERT INTO `ACT_HI_DETAIL` VALUES ('ac542691-f15a-11ed-990c-005056c00001', 'VariableUpdate', 'ac53b15f-f15a-11ed-990c-005056c00001', 'ac53b15f-f15a-11ed-990c-005056c00001', NULL, NULL, 'assignee2', 'string', 0, '2023-05-13 06:52:05.890', NULL, NULL, NULL, 'mary01', NULL);
INSERT INTO `ACT_HI_DETAIL` VALUES ('ac5474b3-f15a-11ed-990c-005056c00001', 'VariableUpdate', 'ac53b15f-f15a-11ed-990c-005056c00001', 'ac53b15f-f15a-11ed-990c-005056c00001', NULL, NULL, 'assignee1', 'string', 0, '2023-05-13 06:52:05.892', NULL, NULL, NULL, 'lucy01', NULL);
INSERT INTO `ACT_HI_DETAIL` VALUES ('ac5956b9-f15a-11ed-990c-005056c00001', 'VariableUpdate', 'ac53b15f-f15a-11ed-990c-005056c00001', 'ac5474b4-f15a-11ed-990c-005056c00001', 'ac589367-f15a-11ed-990c-005056c00001', NULL, 'assignee2', 'string', 0, '2023-05-13 06:52:05.924', NULL, NULL, NULL, 'mary01', NULL);
INSERT INTO `ACT_HI_DETAIL` VALUES ('ac5956bb-f15a-11ed-990c-005056c00001', 'VariableUpdate', 'ac53b15f-f15a-11ed-990c-005056c00001', 'ac5474b4-f15a-11ed-990c-005056c00001', 'ac589367-f15a-11ed-990c-005056c00001', NULL, 'assignee1', 'string', 0, '2023-05-13 06:52:05.924', NULL, NULL, NULL, 'lucy01', NULL);
INSERT INTO `ACT_HI_DETAIL` VALUES ('b17f48ea-fd60-11ed-a983-005056c00001', 'VariableUpdate', 'b17e8598-fd60-11ed-a983-005056c00001', 'b17e8598-fd60-11ed-a983-005056c00001', NULL, NULL, 'data', 'json', 0, '2023-05-28 14:05:25.495', NULL, NULL, NULL, '{\"reason\":\"\",\"days\":\"3\",\"end\":\"2023-05-30\",\"begin\":\"2023-05-28\"}', 'java.util.HashMap');
INSERT INTO `ACT_HI_DETAIL` VALUES ('b184a020-fd60-11ed-a983-005056c00001', 'VariableUpdate', 'b17e8598-fd60-11ed-a983-005056c00001', 'b17fbe1b-fd60-11ed-a983-005056c00001', 'b183408e-fd60-11ed-a983-005056c00001', NULL, 'data', 'json', 0, '2023-05-28 14:05:25.530', NULL, NULL, NULL, '{\"reason\":\"\",\"days\":\"3\",\"end\":\"2023-05-30\",\"begin\":\"2023-05-28\"}', 'java.util.LinkedHashMap');
INSERT INTO `ACT_HI_DETAIL` VALUES ('b4527062-fd61-11ed-86a1-005056c00001', 'VariableUpdate', 'b451ad10-fd61-11ed-86a1-005056c00001', 'b451ad10-fd61-11ed-86a1-005056c00001', NULL, NULL, 'data', 'json', 0, '2023-05-28 14:12:39.731', NULL, NULL, NULL, '{\"reason\":\"\",\"days\":\"3\",\"end\":\"2023-05-30\",\"begin\":\"2023-05-28\"}', 'java.util.HashMap');
INSERT INTO `ACT_HI_DETAIL` VALUES ('b456dd38-fd61-11ed-86a1-005056c00001', 'VariableUpdate', 'b451ad10-fd61-11ed-86a1-005056c00001', 'b452e593-fd61-11ed-86a1-005056c00001', 'b45619e6-fd61-11ed-86a1-005056c00001', NULL, 'data', 'json', 0, '2023-05-28 14:12:39.760', NULL, NULL, NULL, '{\"reason\":\"\",\"days\":\"3\",\"end\":\"2023-05-30\",\"begin\":\"2023-05-28\"}', 'java.util.LinkedHashMap');
INSERT INTO `ACT_HI_DETAIL` VALUES ('b4dd2bf1-fa04-11ed-8fd8-005056c00001', 'VariableUpdate', '84b55898-f8a6-11ed-af44-005056c00001', '84b55898-f8a6-11ed-af44-005056c00001', NULL, NULL, 'data', 'json', 1, '2023-05-24 07:29:23.956', NULL, NULL, NULL, '{\"reason\":\"\",\"days\":\"2\",\"end\":\"2023-05-24\",\"begin\":\"2023-05-23\"}', 'java.util.LinkedHashMap');
INSERT INTO `ACT_HI_DETAIL` VALUES ('b4e2aa35-fa04-11ed-8fd8-005056c00001', 'VariableUpdate', '84b55898-f8a6-11ed-af44-005056c00001', '84b642fb-f8a6-11ed-af44-005056c00001', 'b4e25c13-fa04-11ed-8fd8-005056c00001', NULL, 'data', 'json', 0, '2023-05-24 07:29:23.992', NULL, NULL, NULL, '{\"reason\":\"\",\"days\":\"2\",\"end\":\"2023-05-24\",\"begin\":\"2023-05-23\"}', 'java.util.LinkedHashMap');
INSERT INTO `ACT_HI_DETAIL` VALUES ('b6974084-f165-11ed-96f2-005056c00001', 'VariableUpdate', '91efb509-f165-11ed-a412-005056c00001', '91efb509-f165-11ed-a412-005056c00001', NULL, '91f22610-f165-11ed-a412-005056c00001', 'assignee2', 'string', 1, '2023-05-13 08:11:07.571', NULL, NULL, NULL, 'zhao', NULL);
INSERT INTO `ACT_HI_DETAIL` VALUES ('b69b8645-f165-11ed-96f2-005056c00001', 'VariableUpdate', '91efb509-f165-11ed-a412-005056c00001', '91efb509-f165-11ed-a412-005056c00001', NULL, NULL, 'assignee2', 'string', 1, '2023-05-13 08:11:07.599', NULL, NULL, NULL, 'mary01', NULL);
INSERT INTO `ACT_HI_DETAIL` VALUES ('b69b8646-f165-11ed-96f2-005056c00001', 'VariableUpdate', '91efb509-f165-11ed-a412-005056c00001', '91efb509-f165-11ed-a412-005056c00001', NULL, NULL, 'assignee1', 'string', 1, '2023-05-13 08:11:07.599', NULL, NULL, NULL, 'lucy01', NULL);
INSERT INTO `ACT_HI_DETAIL` VALUES ('b6a179ba-f165-11ed-96f2-005056c00001', 'VariableUpdate', '91efb509-f165-11ed-a412-005056c00001', '91f09f6e-f165-11ed-a412-005056c00001', 'b6a0dd78-f165-11ed-96f2-005056c00001', NULL, 'assignee2', 'string', 0, '2023-05-13 08:11:07.638', NULL, NULL, NULL, 'mary01', NULL);
INSERT INTO `ACT_HI_DETAIL` VALUES ('b6a1a0cc-f165-11ed-96f2-005056c00001', 'VariableUpdate', '91efb509-f165-11ed-a412-005056c00001', '91f09f6e-f165-11ed-a412-005056c00001', 'b6a0dd78-f165-11ed-96f2-005056c00001', NULL, 'assignee1', 'string', 0, '2023-05-13 08:11:07.639', NULL, NULL, NULL, 'lucy01', NULL);
INSERT INTO `ACT_HI_DETAIL` VALUES ('c06f056e-f15c-11ed-890c-005056c00001', 'VariableUpdate', '892a28f6-f15c-11ed-8187-005056c00001', '892a28f6-f15c-11ed-8187-005056c00001', NULL, '892ce81d-f15c-11ed-8187-005056c00001', 'assignee2', 'string', 1, '2023-05-13 07:06:58.614', NULL, NULL, NULL, 'zhao', NULL);
INSERT INTO `ACT_HI_DETAIL` VALUES ('c072aeef-f15c-11ed-890c-005056c00001', 'VariableUpdate', '892a28f6-f15c-11ed-8187-005056c00001', '892a28f6-f15c-11ed-8187-005056c00001', NULL, NULL, 'assignee2', 'string', 1, '2023-05-13 07:06:58.638', NULL, NULL, NULL, 'mary01', NULL);
INSERT INTO `ACT_HI_DETAIL` VALUES ('c072aef0-f15c-11ed-890c-005056c00001', 'VariableUpdate', '892a28f6-f15c-11ed-8187-005056c00001', '892a28f6-f15c-11ed-8187-005056c00001', NULL, NULL, 'assignee1', 'string', 1, '2023-05-13 07:06:58.638', NULL, NULL, NULL, 'lucy01', NULL);
INSERT INTO `ACT_HI_DETAIL` VALUES ('c07769e4-f15c-11ed-890c-005056c00001', 'VariableUpdate', '892a28f6-f15c-11ed-8187-005056c00001', '892b3a6b-f15c-11ed-8187-005056c00001', 'c0771bc2-f15c-11ed-890c-005056c00001', NULL, 'assignee2', 'string', 0, '2023-05-13 07:06:58.669', NULL, NULL, NULL, 'mary01', NULL);
INSERT INTO `ACT_HI_DETAIL` VALUES ('c077b806-f15c-11ed-890c-005056c00001', 'VariableUpdate', '892a28f6-f15c-11ed-8187-005056c00001', '892b3a6b-f15c-11ed-8187-005056c00001', 'c0771bc2-f15c-11ed-890c-005056c00001', NULL, 'assignee1', 'string', 0, '2023-05-13 07:06:58.671', NULL, NULL, NULL, 'lucy01', NULL);
INSERT INTO `ACT_HI_DETAIL` VALUES ('e85ea63e-fd63-11ed-ac57-005056c00001', 'VariableUpdate', 'e85de2ec-fd63-11ed-ac57-005056c00001', 'e85de2ec-fd63-11ed-ac57-005056c00001', NULL, NULL, 'data', 'json', 0, '2023-05-28 14:28:26.045', NULL, NULL, NULL, '{\"reason\":\"\",\"days\":\"3\",\"end\":\"2023-06-03\",\"begin\":\"2023-05-31\"}', 'java.util.HashMap');
INSERT INTO `ACT_HI_DETAIL` VALUES ('e8631314-fd63-11ed-ac57-005056c00001', 'VariableUpdate', 'e85de2ec-fd63-11ed-ac57-005056c00001', 'e85f1b6f-fd63-11ed-ac57-005056c00001', 'e8624fc2-fd63-11ed-ac57-005056c00001', NULL, 'data', 'json', 0, '2023-05-28 14:28:26.075', NULL, NULL, NULL, '{\"reason\":\"\",\"days\":\"3\",\"end\":\"2023-06-03\",\"begin\":\"2023-05-31\"}', 'java.util.LinkedHashMap');
INSERT INTO `ACT_HI_DETAIL` VALUES ('e9996b34-f165-11ed-b7fc-005056c00001', 'VariableUpdate', 'e998f602-f165-11ed-b7fc-005056c00001', 'e998f602-f165-11ed-b7fc-005056c00001', NULL, NULL, 'assignee1', 'string', 0, '2023-05-13 08:12:33.149', NULL, NULL, NULL, 'lucy01', NULL);
INSERT INTO `ACT_HI_DETAIL` VALUES ('e99ffaea-f165-11ed-b7fc-005056c00001', 'VariableUpdate', 'e998f602-f165-11ed-b7fc-005056c00001', 'e999b955-f165-11ed-b7fc-005056c00001', 'e99f3798-f165-11ed-b7fc-005056c00001', NULL, 'assignee1', 'string', 0, '2023-05-13 08:12:33.192', NULL, NULL, NULL, 'lucy01', NULL);
INSERT INTO `ACT_HI_DETAIL` VALUES ('fd2effc8-f165-11ed-b775-005056c00001', 'VariableUpdate', 'e998f602-f165-11ed-b7fc-005056c00001', 'e998f602-f165-11ed-b7fc-005056c00001', NULL, 'e99bb527-f165-11ed-b7fc-005056c00001', 'assignee2', 'string', 0, '2023-05-13 08:13:06.006', NULL, NULL, NULL, 'zhao', NULL);
INSERT INTO `ACT_HI_DETAIL` VALUES ('fd32d059-f165-11ed-b775-005056c00001', 'VariableUpdate', 'e998f602-f165-11ed-b7fc-005056c00001', 'e998f602-f165-11ed-b7fc-005056c00001', NULL, NULL, 'assignee1', 'string', 1, '2023-05-13 08:13:06.031', NULL, NULL, NULL, 'lucy01', NULL);
INSERT INTO `ACT_HI_DETAIL` VALUES ('fd37d96d-f165-11ed-b775-005056c00001', 'VariableUpdate', 'e998f602-f165-11ed-b7fc-005056c00001', 'e999b955-f165-11ed-b7fc-005056c00001', 'fd37643b-f165-11ed-b775-005056c00001', NULL, 'assignee2', 'string', 0, '2023-05-13 08:13:06.064', NULL, NULL, NULL, 'zhao', NULL);
INSERT INTO `ACT_HI_DETAIL` VALUES ('fd37d96f-f165-11ed-b775-005056c00001', 'VariableUpdate', 'e998f602-f165-11ed-b7fc-005056c00001', 'e999b955-f165-11ed-b7fc-005056c00001', 'fd37643b-f165-11ed-b775-005056c00001', NULL, 'assignee1', 'string', 0, '2023-05-13 08:13:06.064', NULL, NULL, NULL, 'lucy01', NULL);

-- ----------------------------
-- Table structure for ACT_HI_IDENTITYLINK
-- ----------------------------
DROP TABLE IF EXISTS `ACT_HI_IDENTITYLINK`;
CREATE TABLE `ACT_HI_IDENTITYLINK`  (
  `ID_` varchar(64) CHARACTER SET utf8 COLLATE utf8_bin NOT NULL,
  `GROUP_ID_` varchar(255) CHARACTER SET utf8 COLLATE utf8_bin NULL DEFAULT NULL,
  `TYPE_` varchar(255) CHARACTER SET utf8 COLLATE utf8_bin NULL DEFAULT NULL,
  `USER_ID_` varchar(255) CHARACTER SET utf8 COLLATE utf8_bin NULL DEFAULT NULL,
  `TASK_ID_` varchar(64) CHARACTER SET utf8 COLLATE utf8_bin NULL DEFAULT NULL,
  `PROC_INST_ID_` varchar(64) CHARACTER SET utf8 COLLATE utf8_bin NULL DEFAULT NULL,
  PRIMARY KEY (`ID_`) USING BTREE,
  INDEX `ACT_IDX_HI_IDENT_LNK_USER`(`USER_ID_` ASC) USING BTREE,
  INDEX `ACT_IDX_HI_IDENT_LNK_TASK`(`TASK_ID_` ASC) USING BTREE,
  INDEX `ACT_IDX_HI_IDENT_LNK_PROCINST`(`PROC_INST_ID_` ASC) USING BTREE
) ENGINE = InnoDB CHARACTER SET = utf8 COLLATE = utf8_bin ROW_FORMAT = Dynamic;

-- ----------------------------
-- Records of ACT_HI_IDENTITYLINK
-- ----------------------------
INSERT INTO `ACT_HI_IDENTITYLINK` VALUES ('09f56ded-f22e-11ed-b05f-005056c00001', NULL, 'participant', 'xiaocui', NULL, '805573a7-f22c-11ed-842f-005056c00001');
INSERT INTO `ACT_HI_IDENTITYLINK` VALUES ('0e20d613-f0d0-11ed-b54a-005056c00001', NULL, 'participant', 'lisi', NULL, 'a4b2efa6-f0cf-11ed-8dd7-005056c00001');
INSERT INTO `ACT_HI_IDENTITYLINK` VALUES ('1c45f59a-f0bf-11ed-a6ec-005056c00001', NULL, 'participant', 'zhangsan', NULL, '1c411395-f0bf-11ed-a6ec-005056c00001');
INSERT INTO `ACT_HI_IDENTITYLINK` VALUES ('1c9eb9e8-fd62-11ed-99ea-005056c00001', NULL, 'participant', 'zhang3', NULL, '1c9989bf-fd62-11ed-99ea-005056c00001');
INSERT INTO `ACT_HI_IDENTITYLINK` VALUES ('2d61b2b2-f0ce-11ed-8213-005056c00001', NULL, 'participant', 'lisi', NULL, '1c411395-f0bf-11ed-a6ec-005056c00001');
INSERT INTO `ACT_HI_IDENTITYLINK` VALUES ('2d68dea5-f0ce-11ed-8213-005056c00001', NULL, 'participant', 'lisi', NULL, '671fdf0f-f0a7-11ed-b57b-005056c00001');
INSERT INTO `ACT_HI_IDENTITYLINK` VALUES ('3490bd28-f14d-11ed-a8aa-005056c00001', NULL, 'participant', 'lilei', NULL, '34899133-f14d-11ed-a8aa-005056c00001');
INSERT INTO `ACT_HI_IDENTITYLINK` VALUES ('36751d97-f13c-11ed-8457-005056c00001', NULL, 'participant', 'lucy', NULL, '366d2e4a-f13c-11ed-8457-005056c00001');
INSERT INTO `ACT_HI_IDENTITYLINK` VALUES ('3e5b3b2a-f238-11ed-b20a-005056c00001', NULL, 'participant', 'gouwa', NULL, '3e5520a1-f238-11ed-b20a-005056c00001');
INSERT INTO `ACT_HI_IDENTITYLINK` VALUES ('3e5b894b-f238-11ed-b20a-005056c00001', NULL, 'participant', 'wang5', NULL, '3e5520a1-f238-11ed-b20a-005056c00001');
INSERT INTO `ACT_HI_IDENTITYLINK` VALUES ('423daadb-f09e-11ed-8a03-005056c00001', NULL, 'participant', 'lisi', NULL, 'ed163ec0-f093-11ed-a8c1-005056c00001');
INSERT INTO `ACT_HI_IDENTITYLINK` VALUES ('4df7dc3d-f22e-11ed-bf04-005056c00001', NULL, 'participant', 'gousheng', NULL, '4df0fe63-f22e-11ed-bf04-005056c00001');
INSERT INTO `ACT_HI_IDENTITYLINK` VALUES ('4f91426a-fd64-11ed-b141-005056c00001', NULL, 'participant', 'zhang3', NULL, '4f8b00d1-fd64-11ed-b141-005056c00001');
INSERT INTO `ACT_HI_IDENTITYLINK` VALUES ('6725ab74-f0a7-11ed-b57b-005056c00001', NULL, 'participant', 'zhangsan', NULL, '671fdf0f-f0a7-11ed-b57b-005056c00001');
INSERT INTO `ACT_HI_IDENTITYLINK` VALUES ('6afb0a5a-fd63-11ed-92f4-005056c00001', NULL, 'participant', 'zhang3', NULL, '6af40571-fd63-11ed-92f4-005056c00001');
INSERT INTO `ACT_HI_IDENTITYLINK` VALUES ('6d549554-fd64-11ed-b141-005056c00001', NULL, 'participant', 'zhang3', NULL, '6d54472b-fd64-11ed-b141-005056c00001');
INSERT INTO `ACT_HI_IDENTITYLINK` VALUES ('805cc6b1-f22c-11ed-842f-005056c00001', NULL, 'participant', 'zhao6', NULL, '805573a7-f22c-11ed-842f-005056c00001');
INSERT INTO `ACT_HI_IDENTITYLINK` VALUES ('83196250-f21f-11ed-b425-005056c00001', NULL, 'candidate', 'tom01', '8317dbaf-f21f-11ed-b425-005056c00001', NULL);
INSERT INTO `ACT_HI_IDENTITYLINK` VALUES ('83198961-f21f-11ed-b425-005056c00001', NULL, 'participant', 'tom01', NULL, '83125d6b-f21f-11ed-b425-005056c00001');
INSERT INTO `ACT_HI_IDENTITYLINK` VALUES ('83198962-f21f-11ed-b425-005056c00001', NULL, 'candidate', 'tom02', '8317dbaf-f21f-11ed-b425-005056c00001', NULL);
INSERT INTO `ACT_HI_IDENTITYLINK` VALUES ('83198963-f21f-11ed-b425-005056c00001', NULL, 'participant', 'tom02', NULL, '83125d6b-f21f-11ed-b425-005056c00001');
INSERT INTO `ACT_HI_IDENTITYLINK` VALUES ('835c8902-f15f-11ed-8d61-005056c00001', NULL, 'participant', 'lucy01', NULL, '8356bc99-f15f-11ed-8d61-005056c00001');
INSERT INTO `ACT_HI_IDENTITYLINK` VALUES ('84bcaba1-f8a6-11ed-af44-005056c00001', NULL, 'participant', 'zhang3', NULL, '84b55898-f8a6-11ed-af44-005056c00001');
INSERT INTO `ACT_HI_IDENTITYLINK` VALUES ('893105d3-f15c-11ed-8187-005056c00001', NULL, 'participant', 'lucy01', NULL, '892a28f6-f15c-11ed-8187-005056c00001');
INSERT INTO `ACT_HI_IDENTITYLINK` VALUES ('8ba04474-f238-11ed-a2d7-005056c00001', NULL, 'participant', 'xiaoli', NULL, '3e5520a1-f238-11ed-b20a-005056c00001');
INSERT INTO `ACT_HI_IDENTITYLINK` VALUES ('90a9503e-fd66-11ed-8552-005056c00001', NULL, 'participant', 'li4', NULL, '6d54472b-fd64-11ed-b141-005056c00001');
INSERT INTO `ACT_HI_IDENTITYLINK` VALUES ('91f7a456-f165-11ed-a412-005056c00001', NULL, 'participant', 'lucy01', NULL, '91efb509-f165-11ed-a412-005056c00001');
INSERT INTO `ACT_HI_IDENTITYLINK` VALUES ('a34d1231-fd63-11ed-b93c-005056c00001', NULL, 'participant', 'zhang3', NULL, 'a34745c8-fd63-11ed-b93c-005056c00001');
INSERT INTO `ACT_HI_IDENTITYLINK` VALUES ('a4b7838b-f0cf-11ed-8dd7-005056c00001', NULL, 'participant', 'zhangsan', NULL, 'a4b2efa6-f0cf-11ed-8dd7-005056c00001');
INSERT INTO `ACT_HI_IDENTITYLINK` VALUES ('a4f91dec-f15f-11ed-9c22-005056c00001', NULL, 'participant', 'zhao', NULL, '8356bc99-f15f-11ed-8d61-005056c00001');
INSERT INTO `ACT_HI_IDENTITYLINK` VALUES ('aa731586-f15b-11ed-b05f-005056c00001', NULL, 'participant', 'mary01', NULL, 'ac53b15f-f15a-11ed-990c-005056c00001');
INSERT INTO `ACT_HI_IDENTITYLINK` VALUES ('aa8e7ad5-fd62-11ed-8869-005056c00001', NULL, 'participant', 'zhang3', NULL, 'aa8727cc-fd62-11ed-8869-005056c00001');
INSERT INTO `ACT_HI_IDENTITYLINK` VALUES ('ac59a4dc-f15a-11ed-990c-005056c00001', NULL, 'participant', 'lucy01', NULL, 'ac53b15f-f15a-11ed-990c-005056c00001');
INSERT INTO `ACT_HI_IDENTITYLINK` VALUES ('aca3a9bb-f222-11ed-8104-005056c00001', NULL, 'candidate', 'rose01', 'aca1adea-f222-11ed-8104-005056c00001', NULL);
INSERT INTO `ACT_HI_IDENTITYLINK` VALUES ('aca41eec-f222-11ed-8104-005056c00001', NULL, 'participant', 'rose01', NULL, '83125d6b-f21f-11ed-b425-005056c00001');
INSERT INTO `ACT_HI_IDENTITYLINK` VALUES ('aca41eed-f222-11ed-8104-005056c00001', NULL, 'candidate', 'rose02', 'aca1adea-f222-11ed-8104-005056c00001', NULL);
INSERT INTO `ACT_HI_IDENTITYLINK` VALUES ('aca41eee-f222-11ed-8104-005056c00001', NULL, 'participant', 'rose02', NULL, '83125d6b-f21f-11ed-b425-005056c00001');
INSERT INTO `ACT_HI_IDENTITYLINK` VALUES ('b184a021-fd60-11ed-a983-005056c00001', NULL, 'participant', 'zhang3', NULL, 'b17e8598-fd60-11ed-a983-005056c00001');
INSERT INTO `ACT_HI_IDENTITYLINK` VALUES ('b456dd39-fd61-11ed-86a1-005056c00001', NULL, 'participant', 'zhang3', NULL, 'b451ad10-fd61-11ed-86a1-005056c00001');
INSERT INTO `ACT_HI_IDENTITYLINK` VALUES ('b4e31f66-fa04-11ed-8fd8-005056c00001', NULL, 'participant', 'li4', NULL, '84b55898-f8a6-11ed-af44-005056c00001');
INSERT INTO `ACT_HI_IDENTITYLINK` VALUES ('b6a2641d-f165-11ed-96f2-005056c00001', NULL, 'participant', 'mary01', NULL, '91efb509-f165-11ed-a412-005056c00001');
INSERT INTO `ACT_HI_IDENTITYLINK` VALUES ('c0782d37-f15c-11ed-890c-005056c00001', NULL, 'participant', 'mary01', NULL, '892a28f6-f15c-11ed-8187-005056c00001');
INSERT INTO `ACT_HI_IDENTITYLINK` VALUES ('e8631315-fd63-11ed-ac57-005056c00001', NULL, 'participant', 'zhang3', NULL, 'e85de2ec-fd63-11ed-ac57-005056c00001');
INSERT INTO `ACT_HI_IDENTITYLINK` VALUES ('e9a0701b-f165-11ed-b7fc-005056c00001', NULL, 'participant', 'lucy01', NULL, 'e998f602-f165-11ed-b7fc-005056c00001');
INSERT INTO `ACT_HI_IDENTITYLINK` VALUES ('ed1b95f5-f093-11ed-a8c1-005056c00001', NULL, 'participant', 'zhangsan', NULL, 'ed163ec0-f093-11ed-a8c1-005056c00001');
INSERT INTO `ACT_HI_IDENTITYLINK` VALUES ('fd389cc0-f165-11ed-b775-005056c00001', NULL, 'participant', 'zhao', NULL, 'e998f602-f165-11ed-b7fc-005056c00001');

-- ----------------------------
-- Table structure for ACT_HI_PROCINST
-- ----------------------------
DROP TABLE IF EXISTS `ACT_HI_PROCINST`;
CREATE TABLE `ACT_HI_PROCINST`  (
  `ID_` varchar(64) CHARACTER SET utf8 COLLATE utf8_bin NOT NULL,
  `PROC_INST_ID_` varchar(64) CHARACTER SET utf8 COLLATE utf8_bin NOT NULL,
  `BUSINESS_KEY_` varchar(255) CHARACTER SET utf8 COLLATE utf8_bin NULL DEFAULT NULL,
  `PROC_DEF_ID_` varchar(64) CHARACTER SET utf8 COLLATE utf8_bin NOT NULL,
  `START_TIME_` datetime(3) NOT NULL,
  `END_TIME_` datetime(3) NULL DEFAULT NULL,
  `DURATION_` bigint NULL DEFAULT NULL,
  `START_USER_ID_` varchar(255) CHARACTER SET utf8 COLLATE utf8_bin NULL DEFAULT NULL,
  `START_ACT_ID_` varchar(255) CHARACTER SET utf8 COLLATE utf8_bin NULL DEFAULT NULL,
  `END_ACT_ID_` varchar(255) CHARACTER SET utf8 COLLATE utf8_bin NULL DEFAULT NULL,
  `SUPER_PROCESS_INSTANCE_ID_` varchar(64) CHARACTER SET utf8 COLLATE utf8_bin NULL DEFAULT NULL,
  `DELETE_REASON_` varchar(4000) CHARACTER SET utf8 COLLATE utf8_bin NULL DEFAULT NULL,
  `TENANT_ID_` varchar(255) CHARACTER SET utf8 COLLATE utf8_bin NULL DEFAULT '',
  `NAME_` varchar(255) CHARACTER SET utf8 COLLATE utf8_bin NULL DEFAULT NULL,
  PRIMARY KEY (`ID_`) USING BTREE,
  UNIQUE INDEX `PROC_INST_ID_`(`PROC_INST_ID_` ASC) USING BTREE,
  INDEX `ACT_IDX_HI_PRO_INST_END`(`END_TIME_` ASC) USING BTREE,
  INDEX `ACT_IDX_HI_PRO_I_BUSKEY`(`BUSINESS_KEY_` ASC) USING BTREE
) ENGINE = InnoDB CHARACTER SET = utf8 COLLATE = utf8_bin ROW_FORMAT = Dynamic;

-- ----------------------------
-- Records of ACT_HI_PROCINST
-- ----------------------------
INSERT INTO `ACT_HI_PROCINST` VALUES ('1c411395-f0bf-11ed-a6ec-005056c00001', '1c411395-f0bf-11ed-a6ec-005056c00001', '1001', 'qingjia:1:0dcd5d6c-f091-11ed-a994-005056c00001', '2023-05-12 12:18:32.180', '2023-05-12 14:07:53.305', 6561125, NULL, 'sid-C612BA8C-A968-4953-B4D9-0AD46316CB8A', 'sid-EEC9E88A-6D5B-40A8-BE2C-78B92CC10306', NULL, NULL, '', NULL);
INSERT INTO `ACT_HI_PROCINST` VALUES ('1c9989bf-fd62-11ed-99ea-005056c00001', '1c9989bf-fd62-11ed-99ea-005056c00001', '5', 'qingjia:2:7e930d37-f8a2-11ed-af44-005056c00001', '2023-05-28 14:15:34.680', NULL, NULL, NULL, 'sid-413BFE58-8F12-457A-8CEE-35D9BD4253C1', NULL, NULL, NULL, '', NULL);
INSERT INTO `ACT_HI_PROCINST` VALUES ('34899133-f14d-11ed-a8aa-005056c00001', '34899133-f14d-11ed-a8aa-005056c00001', NULL, 'jiaban01:1:23c4f7ae-f14d-11ed-ae60-005056c00001', '2023-05-13 05:15:41.456', NULL, NULL, NULL, 'sid-0CFBC2B2-1D7B-4F71-B850-088DF6828DA2', NULL, NULL, NULL, '', NULL);
INSERT INTO `ACT_HI_PROCINST` VALUES ('366d2e4a-f13c-11ed-8457-005056c00001', '366d2e4a-f13c-11ed-8457-005056c00001', NULL, 'jiaban:1:13b40520-f13c-11ed-8599-005056c00001', '2023-05-13 03:14:03.181', NULL, NULL, NULL, 'sid-0CFBC2B2-1D7B-4F71-B850-088DF6828DA2', NULL, NULL, NULL, '', NULL);
INSERT INTO `ACT_HI_PROCINST` VALUES ('3e5520a1-f238-11ed-b20a-005056c00001', '3e5520a1-f238-11ed-b20a-005056c00001', NULL, 'qingjia02:1:2cec2ff4-f238-11ed-a88e-005056c00001', '2023-05-14 09:18:09.621', NULL, NULL, NULL, 'sid-CF92BD40-657C-44BE-9BE3-391B7CB67E6F', NULL, NULL, NULL, '', NULL);
INSERT INTO `ACT_HI_PROCINST` VALUES ('4df0fe63-f22e-11ed-bf04-005056c00001', '4df0fe63-f22e-11ed-bf04-005056c00001', NULL, 'qingjia01:1:00646b9f-f22b-11ed-8235-005056c00001', '2023-05-14 08:07:00.841', NULL, NULL, NULL, 'sid-6A1D3211-5E90-435F-A664-B813DE3222AB', NULL, NULL, NULL, '', NULL);
INSERT INTO `ACT_HI_PROCINST` VALUES ('4f8b00d1-fd64-11ed-b141-005056c00001', '4f8b00d1-fd64-11ed-b141-005056c00001', '10', 'qingjia:2:7e930d37-f8a2-11ed-af44-005056c00001', '2023-05-28 14:31:19.142', '2023-05-28 14:50:47.428', 1168286, NULL, 'sid-413BFE58-8F12-457A-8CEE-35D9BD4253C1', 'sid-3571098A-068F-461A-85E8-DE7C9C81A6A9', NULL, NULL, '', NULL);
INSERT INTO `ACT_HI_PROCINST` VALUES ('671fdf0f-f0a7-11ed-b57b-005056c00001', '671fdf0f-f0a7-11ed-b57b-005056c00001', '1001', 'qingjia:1:0dcd5d6c-f091-11ed-a994-005056c00001', '2023-05-12 09:28:49.870', '2023-05-12 14:07:53.370', 16743500, NULL, 'sid-C612BA8C-A968-4953-B4D9-0AD46316CB8A', 'sid-EEC9E88A-6D5B-40A8-BE2C-78B92CC10306', NULL, NULL, '', NULL);
INSERT INTO `ACT_HI_PROCINST` VALUES ('6af40571-fd63-11ed-92f4-005056c00001', '6af40571-fd63-11ed-92f4-005056c00001', '7', 'qingjia:2:7e930d37-f8a2-11ed-af44-005056c00001', '2023-05-28 14:24:55.632', NULL, NULL, NULL, 'sid-413BFE58-8F12-457A-8CEE-35D9BD4253C1', NULL, NULL, NULL, '', NULL);
INSERT INTO `ACT_HI_PROCINST` VALUES ('6d54472b-fd64-11ed-b141-005056c00001', '6d54472b-fd64-11ed-b141-005056c00001', '11', 'qingjia:2:7e930d37-f8a2-11ed-af44-005056c00001', '2023-05-28 14:32:09.115', NULL, NULL, NULL, 'sid-413BFE58-8F12-457A-8CEE-35D9BD4253C1', NULL, NULL, NULL, '', NULL);
INSERT INTO `ACT_HI_PROCINST` VALUES ('7b539c56-f153-11ed-934b-005056c00001', '7b539c56-f153-11ed-934b-005056c00001', NULL, 'jiaban02:1:69df889b-f153-11ed-8550-005056c00001', '2023-05-13 06:00:37.201', NULL, NULL, NULL, 'sid-0CFBC2B2-1D7B-4F71-B850-088DF6828DA2', NULL, NULL, NULL, '', NULL);
INSERT INTO `ACT_HI_PROCINST` VALUES ('805573a7-f22c-11ed-842f-005056c00001', '805573a7-f22c-11ed-842f-005056c00001', NULL, 'qingjia01:1:00646b9f-f22b-11ed-8235-005056c00001', '2023-05-14 07:54:06.392', NULL, NULL, NULL, 'sid-6A1D3211-5E90-435F-A664-B813DE3222AB', NULL, NULL, NULL, '', NULL);
INSERT INTO `ACT_HI_PROCINST` VALUES ('83125d6b-f21f-11ed-b425-005056c00001', '83125d6b-f21f-11ed-b425-005056c00001', NULL, 'jiaban03:1:4edd57cf-f21f-11ed-afed-005056c00001', '2023-05-14 06:21:07.528', NULL, NULL, NULL, 'sid-0CFBC2B2-1D7B-4F71-B850-088DF6828DA2', NULL, NULL, NULL, '', NULL);
INSERT INTO `ACT_HI_PROCINST` VALUES ('8356bc99-f15f-11ed-8d61-005056c00001', '8356bc99-f15f-11ed-8d61-005056c00001', NULL, 'jiaban:1:13b40520-f13c-11ed-8599-005056c00001', '2023-05-13 07:26:44.604', NULL, NULL, NULL, 'sid-0CFBC2B2-1D7B-4F71-B850-088DF6828DA2', NULL, NULL, NULL, '', NULL);
INSERT INTO `ACT_HI_PROCINST` VALUES ('84b55898-f8a6-11ed-af44-005056c00001', '84b55898-f8a6-11ed-af44-005056c00001', '2', 'qingjia:2:7e930d37-f8a2-11ed-af44-005056c00001', '2023-05-22 13:42:39.309', NULL, NULL, NULL, 'sid-413BFE58-8F12-457A-8CEE-35D9BD4253C1', NULL, NULL, NULL, '', NULL);
INSERT INTO `ACT_HI_PROCINST` VALUES ('892a28f6-f15c-11ed-8187-005056c00001', '892a28f6-f15c-11ed-8187-005056c00001', NULL, 'jiaban:1:13b40520-f13c-11ed-8599-005056c00001', '2023-05-13 07:05:25.888', NULL, NULL, NULL, 'sid-0CFBC2B2-1D7B-4F71-B850-088DF6828DA2', NULL, NULL, NULL, '', NULL);
INSERT INTO `ACT_HI_PROCINST` VALUES ('91efb509-f165-11ed-a412-005056c00001', '91efb509-f165-11ed-a412-005056c00001', NULL, 'jiaban:1:13b40520-f13c-11ed-8599-005056c00001', '2023-05-13 08:10:06.075', NULL, NULL, NULL, 'sid-0CFBC2B2-1D7B-4F71-B850-088DF6828DA2', NULL, NULL, NULL, '', NULL);
INSERT INTO `ACT_HI_PROCINST` VALUES ('a34745c8-fd63-11ed-b93c-005056c00001', 'a34745c8-fd63-11ed-b93c-005056c00001', '8', 'qingjia:2:7e930d37-f8a2-11ed-af44-005056c00001', '2023-05-28 14:26:30.130', '2023-05-28 14:54:09.799', 1659669, NULL, 'sid-413BFE58-8F12-457A-8CEE-35D9BD4253C1', 'sid-3571098A-068F-461A-85E8-DE7C9C81A6A9', NULL, NULL, '', NULL);
INSERT INTO `ACT_HI_PROCINST` VALUES ('a4b2efa6-f0cf-11ed-8dd7-005056c00001', 'a4b2efa6-f0cf-11ed-8dd7-005056c00001', NULL, 'qingjia:1:0dcd5d6c-f091-11ed-a994-005056c00001', '2023-05-12 14:16:53.043', '2023-05-12 14:20:21.307', 208264, NULL, 'sid-C612BA8C-A968-4953-B4D9-0AD46316CB8A', 'sid-EEC9E88A-6D5B-40A8-BE2C-78B92CC10306', NULL, NULL, '', NULL);
INSERT INTO `ACT_HI_PROCINST` VALUES ('aa8727cc-fd62-11ed-8869-005056c00001', 'aa8727cc-fd62-11ed-8869-005056c00001', '6', 'qingjia:2:7e930d37-f8a2-11ed-af44-005056c00001', '2023-05-28 14:19:32.796', NULL, NULL, NULL, 'sid-413BFE58-8F12-457A-8CEE-35D9BD4253C1', NULL, NULL, NULL, '', NULL);
INSERT INTO `ACT_HI_PROCINST` VALUES ('ac53b15f-f15a-11ed-990c-005056c00001', 'ac53b15f-f15a-11ed-990c-005056c00001', NULL, 'jiaban:1:13b40520-f13c-11ed-8599-005056c00001', '2023-05-13 06:52:05.887', NULL, NULL, NULL, 'sid-0CFBC2B2-1D7B-4F71-B850-088DF6828DA2', NULL, NULL, NULL, '', NULL);
INSERT INTO `ACT_HI_PROCINST` VALUES ('b17e8598-fd60-11ed-a983-005056c00001', 'b17e8598-fd60-11ed-a983-005056c00001', '3', 'qingjia:2:7e930d37-f8a2-11ed-af44-005056c00001', '2023-05-28 14:05:25.490', NULL, NULL, NULL, 'sid-413BFE58-8F12-457A-8CEE-35D9BD4253C1', NULL, NULL, NULL, '', NULL);
INSERT INTO `ACT_HI_PROCINST` VALUES ('b451ad10-fd61-11ed-86a1-005056c00001', 'b451ad10-fd61-11ed-86a1-005056c00001', '4', 'qingjia:2:7e930d37-f8a2-11ed-af44-005056c00001', '2023-05-28 14:12:39.726', NULL, NULL, NULL, 'sid-413BFE58-8F12-457A-8CEE-35D9BD4253C1', NULL, NULL, NULL, '', NULL);
INSERT INTO `ACT_HI_PROCINST` VALUES ('e85de2ec-fd63-11ed-ac57-005056c00001', 'e85de2ec-fd63-11ed-ac57-005056c00001', '9', 'qingjia:2:7e930d37-f8a2-11ed-af44-005056c00001', '2023-05-28 14:28:26.041', '2023-05-28 14:53:23.833', 1497792, NULL, 'sid-413BFE58-8F12-457A-8CEE-35D9BD4253C1', 'sid-3571098A-068F-461A-85E8-DE7C9C81A6A9', NULL, NULL, '', NULL);
INSERT INTO `ACT_HI_PROCINST` VALUES ('e998f602-f165-11ed-b7fc-005056c00001', 'e998f602-f165-11ed-b7fc-005056c00001', NULL, 'jiaban:1:13b40520-f13c-11ed-8599-005056c00001', '2023-05-13 08:12:33.146', NULL, NULL, NULL, 'sid-0CFBC2B2-1D7B-4F71-B850-088DF6828DA2', NULL, NULL, NULL, '', NULL);
INSERT INTO `ACT_HI_PROCINST` VALUES ('ed163ec0-f093-11ed-a8c1-005056c00001', 'ed163ec0-f093-11ed-a8c1-005056c00001', NULL, 'qingjia:1:0dcd5d6c-f091-11ed-a994-005056c00001', '2023-05-12 07:09:24.687', '2023-05-12 14:02:06.362', 24761675, NULL, 'sid-C612BA8C-A968-4953-B4D9-0AD46316CB8A', 'sid-EEC9E88A-6D5B-40A8-BE2C-78B92CC10306', NULL, NULL, '', NULL);

-- ----------------------------
-- Table structure for ACT_HI_TASKINST
-- ----------------------------
DROP TABLE IF EXISTS `ACT_HI_TASKINST`;
CREATE TABLE `ACT_HI_TASKINST`  (
  `ID_` varchar(64) CHARACTER SET utf8 COLLATE utf8_bin NOT NULL,
  `PROC_DEF_ID_` varchar(64) CHARACTER SET utf8 COLLATE utf8_bin NULL DEFAULT NULL,
  `TASK_DEF_KEY_` varchar(255) CHARACTER SET utf8 COLLATE utf8_bin NULL DEFAULT NULL,
  `PROC_INST_ID_` varchar(64) CHARACTER SET utf8 COLLATE utf8_bin NULL DEFAULT NULL,
  `EXECUTION_ID_` varchar(64) CHARACTER SET utf8 COLLATE utf8_bin NULL DEFAULT NULL,
  `NAME_` varchar(255) CHARACTER SET utf8 COLLATE utf8_bin NULL DEFAULT NULL,
  `PARENT_TASK_ID_` varchar(64) CHARACTER SET utf8 COLLATE utf8_bin NULL DEFAULT NULL,
  `DESCRIPTION_` varchar(4000) CHARACTER SET utf8 COLLATE utf8_bin NULL DEFAULT NULL,
  `OWNER_` varchar(255) CHARACTER SET utf8 COLLATE utf8_bin NULL DEFAULT NULL,
  `ASSIGNEE_` varchar(255) CHARACTER SET utf8 COLLATE utf8_bin NULL DEFAULT NULL,
  `START_TIME_` datetime(3) NOT NULL,
  `CLAIM_TIME_` datetime(3) NULL DEFAULT NULL,
  `END_TIME_` datetime(3) NULL DEFAULT NULL,
  `DURATION_` bigint NULL DEFAULT NULL,
  `DELETE_REASON_` varchar(4000) CHARACTER SET utf8 COLLATE utf8_bin NULL DEFAULT NULL,
  `PRIORITY_` int NULL DEFAULT NULL,
  `DUE_DATE_` datetime(3) NULL DEFAULT NULL,
  `FORM_KEY_` varchar(255) CHARACTER SET utf8 COLLATE utf8_bin NULL DEFAULT NULL,
  `CATEGORY_` varchar(255) CHARACTER SET utf8 COLLATE utf8_bin NULL DEFAULT NULL,
  `TENANT_ID_` varchar(255) CHARACTER SET utf8 COLLATE utf8_bin NULL DEFAULT '',
  PRIMARY KEY (`ID_`) USING BTREE,
  INDEX `ACT_IDX_HI_TASK_INST_PROCINST`(`PROC_INST_ID_` ASC) USING BTREE
) ENGINE = InnoDB CHARACTER SET = utf8 COLLATE = utf8_bin ROW_FORMAT = Dynamic;

-- ----------------------------
-- Records of ACT_HI_TASKINST
-- ----------------------------
INSERT INTO `ACT_HI_TASKINST` VALUES ('09f45c7a-f22e-11ed-b05f-005056c00001', 'qingjia01:1:00646b9f-f22b-11ed-8235-005056c00001', 'sid-DDC2CF39-F04F-4B5D-B167-0EE7549E7F75', '805573a7-f22c-11ed-842f-005056c00001', '80560fea-f22c-11ed-842f-005056c00001', '', NULL, NULL, NULL, 'xiaocui', '2023-05-14 08:05:06.778', NULL, NULL, NULL, NULL, 50, NULL, NULL, NULL, '');
INSERT INTO `ACT_HI_TASKINST` VALUES ('0e1febb2-f0d0-11ed-b54a-005056c00001', 'qingjia:1:0dcd5d6c-f091-11ed-a994-005056c00001', 'sid-DCAA2F22-58F5-4D18-A87B-C038FE1E2BD0', 'a4b2efa6-f0cf-11ed-8dd7-005056c00001', 'a4b33dc7-f0cf-11ed-8dd7-005056c00001', '', NULL, NULL, NULL, 'lisi', '2023-05-12 14:19:49.919', NULL, '2023-05-12 14:20:21.252', 31333, NULL, 50, NULL, NULL, NULL, '');
INSERT INTO `ACT_HI_TASKINST` VALUES ('1c458069-f0bf-11ed-a6ec-005056c00001', 'qingjia:1:0dcd5d6c-f091-11ed-a994-005056c00001', 'sid-9D1F91DC-1096-47AB-9AF8-48C9E2156024', '1c411395-f0bf-11ed-a6ec-005056c00001', '1c4161b6-f0bf-11ed-a6ec-005056c00001', '', NULL, NULL, NULL, 'zhangsan', '2023-05-12 12:18:32.209', NULL, '2023-05-12 14:06:23.316', 6471107, NULL, 50, NULL, NULL, NULL, '');
INSERT INTO `ACT_HI_TASKINST` VALUES ('1c9df695-fd62-11ed-99ea-005056c00001', 'qingjia:2:7e930d37-f8a2-11ed-af44-005056c00001', 'sid-5099375F-E4B1-43E8-A899-305C07C6C58A', '1c9989bf-fd62-11ed-99ea-005056c00001', '1c9a9b32-fd62-11ed-99ea-005056c00001', '', NULL, NULL, NULL, 'zhang3', '2023-05-28 14:15:34.709', NULL, NULL, NULL, NULL, 50, NULL, NULL, NULL, '');
INSERT INTO `ACT_HI_TASKINST` VALUES ('2d60c851-f0ce-11ed-8213-005056c00001', 'qingjia:1:0dcd5d6c-f091-11ed-a994-005056c00001', 'sid-DCAA2F22-58F5-4D18-A87B-C038FE1E2BD0', '1c411395-f0bf-11ed-a6ec-005056c00001', '1c4161b6-f0bf-11ed-a6ec-005056c00001', '', NULL, NULL, NULL, 'lisi', '2023-05-12 14:06:23.360', NULL, '2023-05-12 14:07:53.247', 89887, NULL, 50, NULL, NULL, NULL, '');
INSERT INTO `ACT_HI_TASKINST` VALUES ('2d684264-f0ce-11ed-8213-005056c00001', 'qingjia:1:0dcd5d6c-f091-11ed-a994-005056c00001', 'sid-DCAA2F22-58F5-4D18-A87B-C038FE1E2BD0', '671fdf0f-f0a7-11ed-b57b-005056c00001', '67205440-f0a7-11ed-b57b-005056c00001', '', NULL, NULL, NULL, 'lisi', '2023-05-12 14:06:23.409', NULL, '2023-05-12 14:07:53.338', 89929, NULL, 50, NULL, NULL, NULL, '');
INSERT INTO `ACT_HI_TASKINST` VALUES ('348ee867-f14d-11ed-a8aa-005056c00001', 'jiaban01:1:23c4f7ae-f14d-11ed-ae60-005056c00001', 'sid-D33466C2-09C7-4B83-9395-62B75B8150C9', '34899133-f14d-11ed-a8aa-005056c00001', '348a0664-f14d-11ed-a8aa-005056c00001', '', NULL, NULL, NULL, 'lilei', '2023-05-13 05:15:41.491', NULL, NULL, NULL, NULL, 50, NULL, NULL, NULL, '');
INSERT INTO `ACT_HI_TASKINST` VALUES ('3672fab2-f13c-11ed-8457-005056c00001', 'jiaban:1:13b40520-f13c-11ed-8599-005056c00001', 'sid-D33466C2-09C7-4B83-9395-62B75B8150C9', '366d2e4a-f13c-11ed-8457-005056c00001', '366e18af-f13c-11ed-8457-005056c00001', '', NULL, NULL, NULL, 'lucy', '2023-05-13 03:14:03.219', NULL, NULL, NULL, NULL, 50, NULL, NULL, NULL, '');
INSERT INTO `ACT_HI_TASKINST` VALUES ('3e5a9ee7-f238-11ed-b20a-005056c00001', 'qingjia02:1:2cec2ff4-f238-11ed-a88e-005056c00001', 'sid-0599D727-3D9B-492E-8BA5-89B5E6198F1A', '3e5520a1-f238-11ed-b20a-005056c00001', '3e556ec2-f238-11ed-b20a-005056c00001', '', NULL, NULL, NULL, 'wang5', '2023-05-14 09:18:09.657', NULL, '2023-05-14 09:19:33.242', 83585, NULL, 50, NULL, NULL, NULL, '');
INSERT INTO `ACT_HI_TASKINST` VALUES ('3e5ac5f9-f238-11ed-b20a-005056c00001', 'qingjia02:1:2cec2ff4-f238-11ed-a88e-005056c00001', 'sid-2A5EB8F4-94E0-430C-BF62-8F4950C2AFF6', '3e5520a1-f238-11ed-b20a-005056c00001', '3e576a95-f238-11ed-b20a-005056c00001', '', NULL, NULL, NULL, 'gouwa', '2023-05-14 09:18:09.658', NULL, '2023-05-14 09:20:19.223', 129565, NULL, 50, NULL, NULL, NULL, '');
INSERT INTO `ACT_HI_TASKINST` VALUES ('423cc07a-f09e-11ed-8a03-005056c00001', 'qingjia:1:0dcd5d6c-f091-11ed-a994-005056c00001', 'sid-DCAA2F22-58F5-4D18-A87B-C038FE1E2BD0', 'ed163ec0-f093-11ed-a8c1-005056c00001', 'ed168ce1-f093-11ed-a8c1-005056c00001', '', NULL, NULL, NULL, 'lisi', '2023-05-12 08:23:22.513', NULL, '2023-05-12 14:02:06.299', 20323786, NULL, 50, NULL, NULL, NULL, '');
INSERT INTO `ACT_HI_TASKINST` VALUES ('4df718ea-f22e-11ed-bf04-005056c00001', 'qingjia01:1:00646b9f-f22b-11ed-8235-005056c00001', 'sid-6C493D98-E4D5-40C7-944D-389C5E79C35E', '4df0fe63-f22e-11ed-bf04-005056c00001', '4df1c1b6-f22e-11ed-bf04-005056c00001', '', NULL, NULL, NULL, 'gousheng', '2023-05-14 08:07:00.881', NULL, NULL, NULL, NULL, 50, NULL, NULL, NULL, '');
INSERT INTO `ACT_HI_TASKINST` VALUES ('4f907f17-fd64-11ed-b141-005056c00001', 'qingjia:2:7e930d37-f8a2-11ed-af44-005056c00001', 'sid-5099375F-E4B1-43E8-A899-305C07C6C58A', '4f8b00d1-fd64-11ed-b141-005056c00001', '4f8c8774-fd64-11ed-b141-005056c00001', '', NULL, NULL, NULL, 'zhang3', '2023-05-28 14:31:19.178', NULL, '2023-05-28 14:50:47.366', 1168188, NULL, 50, NULL, NULL, NULL, '');
INSERT INTO `ACT_HI_TASKINST` VALUES ('67250f33-f0a7-11ed-b57b-005056c00001', 'qingjia:1:0dcd5d6c-f091-11ed-a994-005056c00001', 'sid-9D1F91DC-1096-47AB-9AF8-48C9E2156024', '671fdf0f-f0a7-11ed-b57b-005056c00001', '67205440-f0a7-11ed-b57b-005056c00001', '', NULL, NULL, NULL, 'zhangsan', '2023-05-12 09:28:49.904', NULL, '2023-05-12 14:06:23.399', 16653495, NULL, 50, NULL, NULL, NULL, '');
INSERT INTO `ACT_HI_TASKINST` VALUES ('6afa4707-fd63-11ed-92f4-005056c00001', 'qingjia:2:7e930d37-f8a2-11ed-af44-005056c00001', 'sid-5099375F-E4B1-43E8-A899-305C07C6C58A', '6af40571-fd63-11ed-92f4-005056c00001', '6af5da34-fd63-11ed-92f4-005056c00001', '', NULL, NULL, NULL, 'zhang3', '2023-05-28 14:24:55.673', NULL, NULL, NULL, NULL, 50, NULL, NULL, NULL, '');
INSERT INTO `ACT_HI_TASKINST` VALUES ('6d546e41-fd64-11ed-b141-005056c00001', 'qingjia:2:7e930d37-f8a2-11ed-af44-005056c00001', 'sid-5099375F-E4B1-43E8-A899-305C07C6C58A', '6d54472b-fd64-11ed-b141-005056c00001', '6d54472e-fd64-11ed-b141-005056c00001', '', NULL, NULL, NULL, 'zhang3', '2023-05-28 14:32:09.116', NULL, '2023-05-28 14:47:27.341', 918225, NULL, 50, NULL, NULL, NULL, '');
INSERT INTO `ACT_HI_TASKINST` VALUES ('7b587e5a-f153-11ed-934b-005056c00001', 'jiaban02:1:69df889b-f153-11ed-8550-005056c00001', 'sid-D33466C2-09C7-4B83-9395-62B75B8150C9', '7b539c56-f153-11ed-934b-005056c00001', '7b53ea77-f153-11ed-934b-005056c00001', '', NULL, NULL, NULL, NULL, '2023-05-13 06:00:37.233', NULL, NULL, NULL, NULL, 50, NULL, NULL, NULL, '');
INSERT INTO `ACT_HI_TASKINST` VALUES ('805c035e-f22c-11ed-842f-005056c00001', 'qingjia01:1:00646b9f-f22b-11ed-8235-005056c00001', 'sid-5B3806B1-C4EF-4963-8E08-6E5D8575094E', '805573a7-f22c-11ed-842f-005056c00001', '80560fea-f22c-11ed-842f-005056c00001', '', NULL, NULL, NULL, 'zhao6', '2023-05-14 07:54:06.435', NULL, '2023-05-14 08:05:06.733', 660298, NULL, 50, NULL, NULL, NULL, '');
INSERT INTO `ACT_HI_TASKINST` VALUES ('8317dbaf-f21f-11ed-b425-005056c00001', 'jiaban03:1:4edd57cf-f21f-11ed-afed-005056c00001', 'sid-D33466C2-09C7-4B83-9395-62B75B8150C9', '83125d6b-f21f-11ed-b425-005056c00001', '8312ab8c-f21f-11ed-b425-005056c00001', '', NULL, NULL, NULL, 'tom01', '2023-05-14 06:21:07.564', '2023-05-14 06:41:36.409', '2023-05-14 06:43:45.699', 1358135, NULL, 50, NULL, NULL, NULL, '');
INSERT INTO `ACT_HI_TASKINST` VALUES ('835b778f-f15f-11ed-8d61-005056c00001', 'jiaban:1:13b40520-f13c-11ed-8599-005056c00001', 'sid-D33466C2-09C7-4B83-9395-62B75B8150C9', '8356bc99-f15f-11ed-8d61-005056c00001', '83577fec-f15f-11ed-8d61-005056c00001', '', NULL, NULL, NULL, 'lucy01', '2023-05-13 07:26:44.635', NULL, '2023-05-13 07:27:40.987', 56352, NULL, 50, NULL, NULL, NULL, '');
INSERT INTO `ACT_HI_TASKINST` VALUES ('84bad6de-f8a6-11ed-af44-005056c00001', 'qingjia:2:7e930d37-f8a2-11ed-af44-005056c00001', 'sid-5099375F-E4B1-43E8-A899-305C07C6C58A', '84b55898-f8a6-11ed-af44-005056c00001', '84b642fb-f8a6-11ed-af44-005056c00001', '', NULL, NULL, NULL, 'zhang3', '2023-05-22 13:42:39.345', NULL, '2023-05-24 07:29:23.945', 150404600, NULL, 50, NULL, NULL, NULL, '');
INSERT INTO `ACT_HI_TASKINST` VALUES ('892ff55e-f15c-11ed-8187-005056c00001', 'jiaban:1:13b40520-f13c-11ed-8599-005056c00001', 'sid-D33466C2-09C7-4B83-9395-62B75B8150C9', '892a28f6-f15c-11ed-8187-005056c00001', '892b3a6b-f15c-11ed-8187-005056c00001', '', NULL, NULL, NULL, 'lucy01', '2023-05-13 07:05:25.926', NULL, '2023-05-13 07:06:58.632', 92706, NULL, 50, NULL, NULL, NULL, '');
INSERT INTO `ACT_HI_TASKINST` VALUES ('8b9f5a13-f238-11ed-a2d7-005056c00001', 'qingjia02:1:2cec2ff4-f238-11ed-a88e-005056c00001', 'sid-52EBA60E-4C9E-424D-A907-05A67E55D39E', '3e5520a1-f238-11ed-b20a-005056c00001', '3e576a95-f238-11ed-b20a-005056c00001', '', NULL, NULL, NULL, 'xiaoli', '2023-05-14 09:20:19.292', NULL, NULL, NULL, NULL, 50, NULL, NULL, NULL, '');
INSERT INTO `ACT_HI_TASKINST` VALUES ('90a83ecb-fd66-11ed-8552-005056c00001', 'qingjia:2:7e930d37-f8a2-11ed-af44-005056c00001', 'sid-5905F70C-E04A-47D4-8B74-3A612859AE83', '6d54472b-fd64-11ed-b141-005056c00001', '6d54472e-fd64-11ed-b141-005056c00001', '', NULL, NULL, NULL, 'li4', '2023-05-28 14:47:27.379', NULL, NULL, NULL, NULL, 50, NULL, NULL, NULL, '');
INSERT INTO `ACT_HI_TASKINST` VALUES ('91f61db1-f165-11ed-a412-005056c00001', 'jiaban:1:13b40520-f13c-11ed-8599-005056c00001', 'sid-D33466C2-09C7-4B83-9395-62B75B8150C9', '91efb509-f165-11ed-a412-005056c00001', '91f09f6e-f165-11ed-a412-005056c00001', '', NULL, NULL, NULL, 'lucy01', '2023-05-13 08:10:06.117', NULL, '2023-05-13 08:11:07.591', 61474, NULL, 50, NULL, NULL, NULL, '');
INSERT INTO `ACT_HI_TASKINST` VALUES ('a34c27ce-fd63-11ed-b93c-005056c00001', 'qingjia:2:7e930d37-f8a2-11ed-af44-005056c00001', 'sid-5099375F-E4B1-43E8-A899-305C07C6C58A', 'a34745c8-fd63-11ed-b93c-005056c00001', 'a3487e4b-fd63-11ed-b93c-005056c00001', '', NULL, NULL, NULL, 'zhang3', '2023-05-28 14:26:30.162', NULL, '2023-05-28 14:54:09.778', 1659616, NULL, 50, NULL, NULL, NULL, '');
INSERT INTO `ACT_HI_TASKINST` VALUES ('a4b70e5a-f0cf-11ed-8dd7-005056c00001', 'qingjia:1:0dcd5d6c-f091-11ed-a994-005056c00001', 'sid-9D1F91DC-1096-47AB-9AF8-48C9E2156024', 'a4b2efa6-f0cf-11ed-8dd7-005056c00001', 'a4b33dc7-f0cf-11ed-8dd7-005056c00001', '', NULL, NULL, NULL, 'zhangsan', '2023-05-12 14:16:53.071', NULL, '2023-05-12 14:19:49.874', 176803, NULL, 50, NULL, NULL, NULL, '');
INSERT INTO `ACT_HI_TASKINST` VALUES ('a4f80c77-f15f-11ed-9c22-005056c00001', 'jiaban:1:13b40520-f13c-11ed-8599-005056c00001', 'sid-3FE49E43-9C04-44A7-A9F5-7001C5BB7ABA', '8356bc99-f15f-11ed-8d61-005056c00001', '83577fec-f15f-11ed-8d61-005056c00001', '', NULL, NULL, NULL, 'zhao', '2023-05-13 07:27:41.026', NULL, NULL, NULL, NULL, 50, NULL, NULL, NULL, '');
INSERT INTO `ACT_HI_TASKINST` VALUES ('aa720411-f15b-11ed-b05f-005056c00001', 'jiaban:1:13b40520-f13c-11ed-8599-005056c00001', 'sid-3FE49E43-9C04-44A7-A9F5-7001C5BB7ABA', 'ac53b15f-f15a-11ed-990c-005056c00001', 'ac5474b4-f15a-11ed-990c-005056c00001', '', NULL, NULL, NULL, 'mary01', '2023-05-13 06:59:12.227', NULL, NULL, NULL, NULL, 50, NULL, NULL, NULL, '');
INSERT INTO `ACT_HI_TASKINST` VALUES ('aa8d4252-fd62-11ed-8869-005056c00001', 'qingjia:2:7e930d37-f8a2-11ed-af44-005056c00001', 'sid-5099375F-E4B1-43E8-A899-305C07C6C58A', 'aa8727cc-fd62-11ed-8869-005056c00001', 'aa88875f-fd62-11ed-8869-005056c00001', '', NULL, NULL, NULL, 'zhang3', '2023-05-28 14:19:32.837', NULL, NULL, NULL, NULL, 50, NULL, NULL, NULL, '');
INSERT INTO `ACT_HI_TASKINST` VALUES ('ac589367-f15a-11ed-990c-005056c00001', 'jiaban:1:13b40520-f13c-11ed-8599-005056c00001', 'sid-D33466C2-09C7-4B83-9395-62B75B8150C9', 'ac53b15f-f15a-11ed-990c-005056c00001', 'ac5474b4-f15a-11ed-990c-005056c00001', '', NULL, NULL, NULL, 'lucy01', '2023-05-13 06:52:05.919', NULL, '2023-05-13 06:59:12.191', 426272, NULL, 50, NULL, NULL, NULL, '');
INSERT INTO `ACT_HI_TASKINST` VALUES ('aca1adea-f222-11ed-8104-005056c00001', 'jiaban03:1:4edd57cf-f21f-11ed-afed-005056c00001', 'sid-3FE49E43-9C04-44A7-A9F5-7001C5BB7ABA', '83125d6b-f21f-11ed-b425-005056c00001', '8312ab8c-f21f-11ed-b425-005056c00001', '', NULL, NULL, NULL, NULL, '2023-05-14 06:43:45.744', NULL, NULL, NULL, NULL, 50, NULL, NULL, NULL, '');
INSERT INTO `ACT_HI_TASKINST` VALUES ('b183408e-fd60-11ed-a983-005056c00001', 'qingjia:2:7e930d37-f8a2-11ed-af44-005056c00001', 'sid-5099375F-E4B1-43E8-A899-305C07C6C58A', 'b17e8598-fd60-11ed-a983-005056c00001', 'b17fbe1b-fd60-11ed-a983-005056c00001', '', NULL, NULL, NULL, 'zhang3', '2023-05-28 14:05:25.521', NULL, NULL, NULL, NULL, 50, NULL, NULL, NULL, '');
INSERT INTO `ACT_HI_TASKINST` VALUES ('b45619e6-fd61-11ed-86a1-005056c00001', 'qingjia:2:7e930d37-f8a2-11ed-af44-005056c00001', 'sid-5099375F-E4B1-43E8-A899-305C07C6C58A', 'b451ad10-fd61-11ed-86a1-005056c00001', 'b452e593-fd61-11ed-86a1-005056c00001', '', NULL, NULL, NULL, 'zhang3', '2023-05-28 14:12:39.755', NULL, NULL, NULL, NULL, 50, NULL, NULL, NULL, '');
INSERT INTO `ACT_HI_TASKINST` VALUES ('b4e25c13-fa04-11ed-8fd8-005056c00001', 'qingjia:2:7e930d37-f8a2-11ed-af44-005056c00001', 'sid-5905F70C-E04A-47D4-8B74-3A612859AE83', '84b55898-f8a6-11ed-af44-005056c00001', '84b642fb-f8a6-11ed-af44-005056c00001', '', NULL, NULL, NULL, 'li4', '2023-05-24 07:29:23.990', NULL, NULL, NULL, NULL, 50, NULL, NULL, NULL, '');
INSERT INTO `ACT_HI_TASKINST` VALUES ('b6a0dd78-f165-11ed-96f2-005056c00001', 'jiaban:1:13b40520-f13c-11ed-8599-005056c00001', 'sid-3FE49E43-9C04-44A7-A9F5-7001C5BB7ABA', '91efb509-f165-11ed-a412-005056c00001', '91f09f6e-f165-11ed-a412-005056c00001', '', NULL, NULL, NULL, 'mary01', '2023-05-13 08:11:07.634', NULL, NULL, NULL, NULL, 50, NULL, NULL, NULL, '');
INSERT INTO `ACT_HI_TASKINST` VALUES ('c0771bc2-f15c-11ed-890c-005056c00001', 'jiaban:1:13b40520-f13c-11ed-8599-005056c00001', 'sid-3FE49E43-9C04-44A7-A9F5-7001C5BB7ABA', '892a28f6-f15c-11ed-8187-005056c00001', '892b3a6b-f15c-11ed-8187-005056c00001', '', NULL, NULL, NULL, 'mary01', '2023-05-13 07:06:58.667', NULL, NULL, NULL, NULL, 50, NULL, NULL, NULL, '');
INSERT INTO `ACT_HI_TASKINST` VALUES ('e8624fc2-fd63-11ed-ac57-005056c00001', 'qingjia:2:7e930d37-f8a2-11ed-af44-005056c00001', 'sid-5099375F-E4B1-43E8-A899-305C07C6C58A', 'e85de2ec-fd63-11ed-ac57-005056c00001', 'e85f1b6f-fd63-11ed-ac57-005056c00001', '', NULL, NULL, NULL, 'zhang3', '2023-05-28 14:28:26.070', NULL, '2023-05-28 14:53:23.798', 1497728, NULL, 50, NULL, NULL, NULL, '');
INSERT INTO `ACT_HI_TASKINST` VALUES ('e99f3798-f165-11ed-b7fc-005056c00001', 'jiaban:1:13b40520-f13c-11ed-8599-005056c00001', 'sid-D33466C2-09C7-4B83-9395-62B75B8150C9', 'e998f602-f165-11ed-b7fc-005056c00001', 'e999b955-f165-11ed-b7fc-005056c00001', '', NULL, NULL, NULL, 'lucy01', '2023-05-13 08:12:33.187', NULL, '2023-05-13 08:13:06.023', 32836, NULL, 50, NULL, NULL, NULL, '');
INSERT INTO `ACT_HI_TASKINST` VALUES ('ed1af9b4-f093-11ed-a8c1-005056c00001', 'qingjia:1:0dcd5d6c-f091-11ed-a994-005056c00001', 'sid-9D1F91DC-1096-47AB-9AF8-48C9E2156024', 'ed163ec0-f093-11ed-a8c1-005056c00001', 'ed168ce1-f093-11ed-a8c1-005056c00001', '', NULL, NULL, NULL, 'zhangsan', '2023-05-12 07:09:24.718', NULL, '2023-05-12 08:23:22.469', 4437751, NULL, 50, NULL, NULL, NULL, '');
INSERT INTO `ACT_HI_TASKINST` VALUES ('fd37643b-f165-11ed-b775-005056c00001', 'jiaban:1:13b40520-f13c-11ed-8599-005056c00001', 'sid-3FE49E43-9C04-44A7-A9F5-7001C5BB7ABA', 'e998f602-f165-11ed-b7fc-005056c00001', 'e999b955-f165-11ed-b7fc-005056c00001', '', NULL, NULL, NULL, 'zhao', '2023-05-13 08:13:06.061', NULL, NULL, NULL, NULL, 50, NULL, NULL, NULL, '');

-- ----------------------------
-- Table structure for ACT_HI_VARINST
-- ----------------------------
DROP TABLE IF EXISTS `ACT_HI_VARINST`;
CREATE TABLE `ACT_HI_VARINST`  (
  `ID_` varchar(64) CHARACTER SET utf8 COLLATE utf8_bin NOT NULL,
  `PROC_INST_ID_` varchar(64) CHARACTER SET utf8 COLLATE utf8_bin NULL DEFAULT NULL,
  `EXECUTION_ID_` varchar(64) CHARACTER SET utf8 COLLATE utf8_bin NULL DEFAULT NULL,
  `TASK_ID_` varchar(64) CHARACTER SET utf8 COLLATE utf8_bin NULL DEFAULT NULL,
  `NAME_` varchar(255) CHARACTER SET utf8 COLLATE utf8_bin NOT NULL,
  `VAR_TYPE_` varchar(100) CHARACTER SET utf8 COLLATE utf8_bin NULL DEFAULT NULL,
  `REV_` int NULL DEFAULT NULL,
  `BYTEARRAY_ID_` varchar(64) CHARACTER SET utf8 COLLATE utf8_bin NULL DEFAULT NULL,
  `DOUBLE_` double NULL DEFAULT NULL,
  `LONG_` bigint NULL DEFAULT NULL,
  `TEXT_` varchar(4000) CHARACTER SET utf8 COLLATE utf8_bin NULL DEFAULT NULL,
  `TEXT2_` varchar(4000) CHARACTER SET utf8 COLLATE utf8_bin NULL DEFAULT NULL,
  `CREATE_TIME_` datetime(3) NULL DEFAULT NULL,
  `LAST_UPDATED_TIME_` datetime(3) NULL DEFAULT NULL,
  PRIMARY KEY (`ID_`) USING BTREE,
  INDEX `ACT_IDX_HI_PROCVAR_PROC_INST`(`PROC_INST_ID_` ASC) USING BTREE,
  INDEX `ACT_IDX_HI_PROCVAR_NAME_TYPE`(`NAME_` ASC, `VAR_TYPE_` ASC) USING BTREE,
  INDEX `ACT_IDX_HI_PROCVAR_TASK_ID`(`TASK_ID_` ASC) USING BTREE
) ENGINE = InnoDB CHARACTER SET = utf8 COLLATE = utf8_bin ROW_FORMAT = Dynamic;

-- ----------------------------
-- Records of ACT_HI_VARINST
-- ----------------------------
INSERT INTO `ACT_HI_VARINST` VALUES ('09f4f8bb-f22e-11ed-b05f-005056c00001', '805573a7-f22c-11ed-842f-005056c00001', '80560fea-f22c-11ed-842f-005056c00001', '09f45c7a-f22e-11ed-b05f-005056c00001', 'day', 'integer', 0, NULL, NULL, 2, '2', NULL, '2023-05-14 08:05:06.782', '2023-05-14 08:05:06.782');
INSERT INTO `ACT_HI_VARINST` VALUES ('1c9a2600-fd62-11ed-99ea-005056c00001', '1c9989bf-fd62-11ed-99ea-005056c00001', '1c9989bf-fd62-11ed-99ea-005056c00001', NULL, 'data', 'json', 0, NULL, NULL, NULL, '{\"reason\":\"\",\"days\":\"3\",\"end\":\"2023-05-30\",\"begin\":\"2023-05-28\"}', 'java.util.HashMap', '2023-05-28 14:15:34.684', '2023-05-28 14:15:34.684');
INSERT INTO `ACT_HI_VARINST` VALUES ('1c9eb9e6-fd62-11ed-99ea-005056c00001', '1c9989bf-fd62-11ed-99ea-005056c00001', '1c9a9b32-fd62-11ed-99ea-005056c00001', '1c9df695-fd62-11ed-99ea-005056c00001', 'data', 'json', 0, NULL, NULL, NULL, '{\"reason\":\"\",\"days\":\"3\",\"end\":\"2023-05-30\",\"begin\":\"2023-05-28\"}', 'java.util.LinkedHashMap', '2023-05-28 14:15:34.714', '2023-05-28 14:15:34.714');
INSERT INTO `ACT_HI_VARINST` VALUES ('366da37b-f13c-11ed-8457-005056c00001', '366d2e4a-f13c-11ed-8457-005056c00001', '366d2e4a-f13c-11ed-8457-005056c00001', NULL, 'assignee2', 'string', 0, NULL, NULL, NULL, 'mary', NULL, '2023-05-13 03:14:03.185', '2023-05-13 03:14:03.185');
INSERT INTO `ACT_HI_VARINST` VALUES ('366e18ad-f13c-11ed-8457-005056c00001', '366d2e4a-f13c-11ed-8457-005056c00001', '366d2e4a-f13c-11ed-8457-005056c00001', NULL, 'assignee1', 'string', 0, NULL, NULL, NULL, 'lucy', NULL, '2023-05-13 03:14:03.187', '2023-05-13 03:14:03.187');
INSERT INTO `ACT_HI_VARINST` VALUES ('3674a863-f13c-11ed-8457-005056c00001', '366d2e4a-f13c-11ed-8457-005056c00001', '366e18af-f13c-11ed-8457-005056c00001', '3672fab2-f13c-11ed-8457-005056c00001', 'assignee2', 'string', 0, NULL, NULL, NULL, 'mary', NULL, '2023-05-13 03:14:03.230', '2023-05-13 03:14:03.230');
INSERT INTO `ACT_HI_VARINST` VALUES ('3674a865-f13c-11ed-8457-005056c00001', '366d2e4a-f13c-11ed-8457-005056c00001', '366e18af-f13c-11ed-8457-005056c00001', '3672fab2-f13c-11ed-8457-005056c00001', 'assignee1', 'string', 0, NULL, NULL, NULL, 'lucy', NULL, '2023-05-13 03:14:03.230', '2023-05-13 03:14:03.230');
INSERT INTO `ACT_HI_VARINST` VALUES ('4df17394-f22e-11ed-bf04-005056c00001', '4df0fe63-f22e-11ed-bf04-005056c00001', '4df0fe63-f22e-11ed-bf04-005056c00001', NULL, 'day', 'integer', 0, NULL, NULL, 3, '3', NULL, '2023-05-14 08:07:00.844', '2023-05-14 08:07:00.844');
INSERT INTO `ACT_HI_VARINST` VALUES ('4df7dc3b-f22e-11ed-bf04-005056c00001', '4df0fe63-f22e-11ed-bf04-005056c00001', '4df1c1b6-f22e-11ed-bf04-005056c00001', '4df718ea-f22e-11ed-bf04-005056c00001', 'day', 'integer', 0, NULL, NULL, 3, '3', NULL, '2023-05-14 08:07:00.886', '2023-05-14 08:07:00.886');
INSERT INTO `ACT_HI_VARINST` VALUES ('4f8beb32-fd64-11ed-b141-005056c00001', '4f8b00d1-fd64-11ed-b141-005056c00001', '4f8b00d1-fd64-11ed-b141-005056c00001', NULL, 'data', 'json', 1, NULL, NULL, NULL, '{\"reason\":\"\",\"days\":\"3\",\"end\":\"2023-05-31\",\"begin\":\"2023-05-28\"}', 'java.util.LinkedHashMap', '2023-05-28 14:31:19.149', '2023-05-28 14:50:47.384');
INSERT INTO `ACT_HI_VARINST` VALUES ('4f911b58-fd64-11ed-b141-005056c00001', '4f8b00d1-fd64-11ed-b141-005056c00001', '4f8c8774-fd64-11ed-b141-005056c00001', '4f907f17-fd64-11ed-b141-005056c00001', 'data', 'json', 0, NULL, NULL, NULL, '{\"reason\":\"\",\"days\":\"3\",\"end\":\"2023-05-31\",\"begin\":\"2023-05-28\"}', 'java.util.LinkedHashMap', '2023-05-28 14:31:19.182', '2023-05-28 14:31:19.182');
INSERT INTO `ACT_HI_VARINST` VALUES ('6af4efd2-fd63-11ed-92f4-005056c00001', '6af40571-fd63-11ed-92f4-005056c00001', '6af40571-fd63-11ed-92f4-005056c00001', NULL, 'data', 'json', 0, NULL, NULL, NULL, '{\"reason\":\"\",\"days\":\"3\",\"end\":\"2023-05-29\",\"begin\":\"2023-05-28\"}', 'java.util.HashMap', '2023-05-28 14:24:55.638', '2023-05-28 14:24:55.638');
INSERT INTO `ACT_HI_VARINST` VALUES ('6afae348-fd63-11ed-92f4-005056c00001', '6af40571-fd63-11ed-92f4-005056c00001', '6af5da34-fd63-11ed-92f4-005056c00001', '6afa4707-fd63-11ed-92f4-005056c00001', 'data', 'json', 0, NULL, NULL, NULL, '{\"reason\":\"\",\"days\":\"3\",\"end\":\"2023-05-29\",\"begin\":\"2023-05-28\"}', 'java.util.LinkedHashMap', '2023-05-28 14:24:55.677', '2023-05-28 14:24:55.677');
INSERT INTO `ACT_HI_VARINST` VALUES ('6d54472c-fd64-11ed-b141-005056c00001', '6d54472b-fd64-11ed-b141-005056c00001', '6d54472b-fd64-11ed-b141-005056c00001', NULL, 'data', 'json', 1, NULL, NULL, NULL, '{\"reason\":\"\",\"days\":\"3\",\"end\":\"2023-05-31\",\"begin\":\"2023-05-28\"}', 'java.util.LinkedHashMap', '2023-05-28 14:32:09.115', '2023-05-28 14:47:27.356');
INSERT INTO `ACT_HI_VARINST` VALUES ('6d549552-fd64-11ed-b141-005056c00001', '6d54472b-fd64-11ed-b141-005056c00001', '6d54472e-fd64-11ed-b141-005056c00001', '6d546e41-fd64-11ed-b141-005056c00001', 'data', 'json', 0, NULL, NULL, NULL, '{\"reason\":\"\",\"days\":\"3\",\"end\":\"2023-05-31\",\"begin\":\"2023-05-28\"}', 'java.util.LinkedHashMap', '2023-05-28 14:32:09.117', '2023-05-28 14:32:09.117');
INSERT INTO `ACT_HI_VARINST` VALUES ('8055c1c8-f22c-11ed-842f-005056c00001', '805573a7-f22c-11ed-842f-005056c00001', '805573a7-f22c-11ed-842f-005056c00001', NULL, 'day', 'integer', 1, NULL, NULL, 2, '2', NULL, '2023-05-14 07:54:06.394', '2023-05-14 08:05:06.746');
INSERT INTO `ACT_HI_VARINST` VALUES ('805cc6af-f22c-11ed-842f-005056c00001', '805573a7-f22c-11ed-842f-005056c00001', '80560fea-f22c-11ed-842f-005056c00001', '805c035e-f22c-11ed-842f-005056c00001', 'day', 'integer', 0, NULL, NULL, 2, '2', NULL, '2023-05-14 07:54:06.440', '2023-05-14 07:54:06.440');
INSERT INTO `ACT_HI_VARINST` VALUES ('835731ca-f15f-11ed-8d61-005056c00001', '8356bc99-f15f-11ed-8d61-005056c00001', '8356bc99-f15f-11ed-8d61-005056c00001', NULL, 'assignee1', 'string', 1, NULL, NULL, NULL, 'lucy01', NULL, '2023-05-13 07:26:44.607', '2023-05-13 07:27:40.996');
INSERT INTO `ACT_HI_VARINST` VALUES ('835c13d0-f15f-11ed-8d61-005056c00001', '8356bc99-f15f-11ed-8d61-005056c00001', '83577fec-f15f-11ed-8d61-005056c00001', '835b778f-f15f-11ed-8d61-005056c00001', 'assignee1', 'string', 0, NULL, NULL, NULL, 'lucy01', NULL, '2023-05-13 07:26:44.639', '2023-05-13 07:26:44.639');
INSERT INTO `ACT_HI_VARINST` VALUES ('84b5a6b9-f8a6-11ed-af44-005056c00001', '84b55898-f8a6-11ed-af44-005056c00001', '84b55898-f8a6-11ed-af44-005056c00001', NULL, 'data', 'json', 1, NULL, NULL, NULL, '{\"reason\":\"\",\"days\":\"2\",\"end\":\"2023-05-24\",\"begin\":\"2023-05-23\"}', 'java.util.LinkedHashMap', '2023-05-22 13:42:39.312', '2023-05-24 07:29:23.961');
INSERT INTO `ACT_HI_VARINST` VALUES ('84bcab9f-f8a6-11ed-af44-005056c00001', '84b55898-f8a6-11ed-af44-005056c00001', '84b642fb-f8a6-11ed-af44-005056c00001', '84bad6de-f8a6-11ed-af44-005056c00001', 'data', 'json', 0, NULL, NULL, NULL, '{\"reason\":\"\",\"days\":\"2\",\"end\":\"2023-05-24\",\"begin\":\"2023-05-23\"}', 'java.util.LinkedHashMap', '2023-05-22 13:42:39.357', '2023-05-22 13:42:39.357');
INSERT INTO `ACT_HI_VARINST` VALUES ('892ac537-f15c-11ed-8187-005056c00001', '892a28f6-f15c-11ed-8187-005056c00001', '892a28f6-f15c-11ed-8187-005056c00001', NULL, 'assignee2', 'string', 1, NULL, NULL, NULL, 'mary01', NULL, '2023-05-13 07:05:25.892', '2023-05-13 07:06:58.638');
INSERT INTO `ACT_HI_VARINST` VALUES ('892b3a69-f15c-11ed-8187-005056c00001', '892a28f6-f15c-11ed-8187-005056c00001', '892a28f6-f15c-11ed-8187-005056c00001', NULL, 'assignee1', 'string', 1, NULL, NULL, NULL, 'lucy01', NULL, '2023-05-13 07:05:25.895', '2023-05-13 07:06:58.640');
INSERT INTO `ACT_HI_VARINST` VALUES ('8930b8af-f15c-11ed-8187-005056c00001', '892a28f6-f15c-11ed-8187-005056c00001', '892b3a6b-f15c-11ed-8187-005056c00001', '892ff55e-f15c-11ed-8187-005056c00001', 'assignee2', 'string', 0, NULL, NULL, NULL, 'mary01', NULL, '2023-05-13 07:05:25.931', '2023-05-13 07:05:25.931');
INSERT INTO `ACT_HI_VARINST` VALUES ('8930b8b1-f15c-11ed-8187-005056c00001', '892a28f6-f15c-11ed-8187-005056c00001', '892b3a6b-f15c-11ed-8187-005056c00001', '892ff55e-f15c-11ed-8187-005056c00001', 'assignee1', 'string', 0, NULL, NULL, NULL, 'lucy01', NULL, '2023-05-13 07:05:25.931', '2023-05-13 07:05:25.931');
INSERT INTO `ACT_HI_VARINST` VALUES ('90a8db0c-fd66-11ed-8552-005056c00001', '6d54472b-fd64-11ed-b141-005056c00001', '6d54472e-fd64-11ed-b141-005056c00001', '90a83ecb-fd66-11ed-8552-005056c00001', 'data', 'json', 0, NULL, NULL, NULL, '{\"reason\":\"\",\"days\":\"3\",\"end\":\"2023-05-31\",\"begin\":\"2023-05-28\"}', 'java.util.LinkedHashMap', '2023-05-28 14:47:27.383', '2023-05-28 14:47:27.383');
INSERT INTO `ACT_HI_VARINST` VALUES ('91f02a3a-f165-11ed-a412-005056c00001', '91efb509-f165-11ed-a412-005056c00001', '91efb509-f165-11ed-a412-005056c00001', NULL, 'assignee2', 'string', 1, NULL, NULL, NULL, 'mary01', NULL, '2023-05-13 08:10:06.078', '2023-05-13 08:11:07.599');
INSERT INTO `ACT_HI_VARINST` VALUES ('91f09f6c-f165-11ed-a412-005056c00001', '91efb509-f165-11ed-a412-005056c00001', '91efb509-f165-11ed-a412-005056c00001', NULL, 'assignee1', 'string', 1, NULL, NULL, NULL, 'lucy01', NULL, '2023-05-13 08:10:06.081', '2023-05-13 08:11:07.601');
INSERT INTO `ACT_HI_VARINST` VALUES ('91f72f22-f165-11ed-a412-005056c00001', '91efb509-f165-11ed-a412-005056c00001', '91f09f6e-f165-11ed-a412-005056c00001', '91f61db1-f165-11ed-a412-005056c00001', 'assignee2', 'string', 0, NULL, NULL, NULL, 'mary01', NULL, '2023-05-13 08:10:06.124', '2023-05-13 08:10:06.124');
INSERT INTO `ACT_HI_VARINST` VALUES ('91f72f24-f165-11ed-a412-005056c00001', '91efb509-f165-11ed-a412-005056c00001', '91f09f6e-f165-11ed-a412-005056c00001', '91f61db1-f165-11ed-a412-005056c00001', 'assignee1', 'string', 0, NULL, NULL, NULL, 'lucy01', NULL, '2023-05-13 08:10:06.124', '2023-05-13 08:10:06.124');
INSERT INTO `ACT_HI_VARINST` VALUES ('a3483029-fd63-11ed-b93c-005056c00001', 'a34745c8-fd63-11ed-b93c-005056c00001', 'a34745c8-fd63-11ed-b93c-005056c00001', NULL, 'data', 'json', 1, NULL, NULL, NULL, '{\"reason\":\"\",\"days\":\"3\",\"end\":\"2023-05-30\",\"begin\":\"2023-05-28\"}', 'java.util.LinkedHashMap', '2023-05-28 14:26:30.136', '2023-05-28 14:54:09.783');
INSERT INTO `ACT_HI_VARINST` VALUES ('a34ceb1f-fd63-11ed-b93c-005056c00001', 'a34745c8-fd63-11ed-b93c-005056c00001', 'a3487e4b-fd63-11ed-b93c-005056c00001', 'a34c27ce-fd63-11ed-b93c-005056c00001', 'data', 'json', 0, NULL, NULL, NULL, '{\"reason\":\"\",\"days\":\"3\",\"end\":\"2023-05-30\",\"begin\":\"2023-05-28\"}', 'java.util.LinkedHashMap', '2023-05-28 14:26:30.168', '2023-05-28 14:26:30.168');
INSERT INTO `ACT_HI_VARINST` VALUES ('a4ef59e3-f15f-11ed-9c22-005056c00001', '8356bc99-f15f-11ed-8d61-005056c00001', '8356bc99-f15f-11ed-8d61-005056c00001', NULL, 'assignee2', 'string', 0, NULL, NULL, NULL, 'zhao', NULL, '2023-05-13 07:27:40.971', '2023-05-13 07:27:40.971');
INSERT INTO `ACT_HI_VARINST` VALUES ('a4f881a8-f15f-11ed-9c22-005056c00001', '8356bc99-f15f-11ed-8d61-005056c00001', '83577fec-f15f-11ed-8d61-005056c00001', 'a4f80c77-f15f-11ed-9c22-005056c00001', 'assignee2', 'string', 0, NULL, NULL, NULL, 'zhao', NULL, '2023-05-13 07:27:41.029', '2023-05-13 07:27:41.029');
INSERT INTO `ACT_HI_VARINST` VALUES ('a4f8a8ba-f15f-11ed-9c22-005056c00001', '8356bc99-f15f-11ed-8d61-005056c00001', '83577fec-f15f-11ed-8d61-005056c00001', 'a4f80c77-f15f-11ed-9c22-005056c00001', 'assignee1', 'string', 0, NULL, NULL, NULL, 'lucy01', NULL, '2023-05-13 07:27:41.030', '2023-05-13 07:27:41.030');
INSERT INTO `ACT_HI_VARINST` VALUES ('aa725232-f15b-11ed-b05f-005056c00001', 'ac53b15f-f15a-11ed-990c-005056c00001', 'ac5474b4-f15a-11ed-990c-005056c00001', 'aa720411-f15b-11ed-b05f-005056c00001', 'assignee2', 'string', 0, NULL, NULL, NULL, 'mary01', NULL, '2023-05-13 06:59:12.229', '2023-05-13 06:59:12.229');
INSERT INTO `ACT_HI_VARINST` VALUES ('aa727944-f15b-11ed-b05f-005056c00001', 'ac53b15f-f15a-11ed-990c-005056c00001', 'ac5474b4-f15a-11ed-990c-005056c00001', 'aa720411-f15b-11ed-b05f-005056c00001', 'assignee1', 'string', 0, NULL, NULL, NULL, 'lucy01', NULL, '2023-05-13 06:59:12.231', '2023-05-13 06:59:12.231');
INSERT INTO `ACT_HI_VARINST` VALUES ('aa88122d-fd62-11ed-8869-005056c00001', 'aa8727cc-fd62-11ed-8869-005056c00001', 'aa8727cc-fd62-11ed-8869-005056c00001', NULL, 'data', 'json', 0, NULL, NULL, NULL, '{\"reason\":\"\",\"days\":\"3\",\"end\":\"2023-05-30\",\"begin\":\"2023-05-28\"}', 'java.util.HashMap', '2023-05-28 14:19:32.802', '2023-05-28 14:19:32.802');
INSERT INTO `ACT_HI_VARINST` VALUES ('aa8e53c3-fd62-11ed-8869-005056c00001', 'aa8727cc-fd62-11ed-8869-005056c00001', 'aa88875f-fd62-11ed-8869-005056c00001', 'aa8d4252-fd62-11ed-8869-005056c00001', 'data', 'json', 0, NULL, NULL, NULL, '{\"reason\":\"\",\"days\":\"3\",\"end\":\"2023-05-30\",\"begin\":\"2023-05-28\"}', 'java.util.LinkedHashMap', '2023-05-28 14:19:32.843', '2023-05-28 14:19:32.843');
INSERT INTO `ACT_HI_VARINST` VALUES ('ac53ff80-f15a-11ed-990c-005056c00001', 'ac53b15f-f15a-11ed-990c-005056c00001', 'ac53b15f-f15a-11ed-990c-005056c00001', NULL, 'assignee2', 'string', 1, NULL, NULL, NULL, 'mary01', NULL, '2023-05-13 06:52:05.890', '2023-05-13 06:59:12.199');
INSERT INTO `ACT_HI_VARINST` VALUES ('ac5474b2-f15a-11ed-990c-005056c00001', 'ac53b15f-f15a-11ed-990c-005056c00001', 'ac53b15f-f15a-11ed-990c-005056c00001', NULL, 'assignee1', 'string', 1, NULL, NULL, NULL, 'lucy01', NULL, '2023-05-13 06:52:05.892', '2023-05-13 06:59:12.200');
INSERT INTO `ACT_HI_VARINST` VALUES ('ac5956b8-f15a-11ed-990c-005056c00001', 'ac53b15f-f15a-11ed-990c-005056c00001', 'ac5474b4-f15a-11ed-990c-005056c00001', 'ac589367-f15a-11ed-990c-005056c00001', 'assignee2', 'string', 0, NULL, NULL, NULL, 'mary01', NULL, '2023-05-13 06:52:05.924', '2023-05-13 06:52:05.924');
INSERT INTO `ACT_HI_VARINST` VALUES ('ac5956ba-f15a-11ed-990c-005056c00001', 'ac53b15f-f15a-11ed-990c-005056c00001', 'ac5474b4-f15a-11ed-990c-005056c00001', 'ac589367-f15a-11ed-990c-005056c00001', 'assignee1', 'string', 0, NULL, NULL, NULL, 'lucy01', NULL, '2023-05-13 06:52:05.924', '2023-05-13 06:52:05.924');
INSERT INTO `ACT_HI_VARINST` VALUES ('b17f48e9-fd60-11ed-a983-005056c00001', 'b17e8598-fd60-11ed-a983-005056c00001', 'b17e8598-fd60-11ed-a983-005056c00001', NULL, 'data', 'json', 0, NULL, NULL, NULL, '{\"reason\":\"\",\"days\":\"3\",\"end\":\"2023-05-30\",\"begin\":\"2023-05-28\"}', 'java.util.HashMap', '2023-05-28 14:05:25.495', '2023-05-28 14:05:25.495');
INSERT INTO `ACT_HI_VARINST` VALUES ('b184a01f-fd60-11ed-a983-005056c00001', 'b17e8598-fd60-11ed-a983-005056c00001', 'b17fbe1b-fd60-11ed-a983-005056c00001', 'b183408e-fd60-11ed-a983-005056c00001', 'data', 'json', 0, NULL, NULL, NULL, '{\"reason\":\"\",\"days\":\"3\",\"end\":\"2023-05-30\",\"begin\":\"2023-05-28\"}', 'java.util.LinkedHashMap', '2023-05-28 14:05:25.530', '2023-05-28 14:05:25.530');
INSERT INTO `ACT_HI_VARINST` VALUES ('b4527061-fd61-11ed-86a1-005056c00001', 'b451ad10-fd61-11ed-86a1-005056c00001', 'b451ad10-fd61-11ed-86a1-005056c00001', NULL, 'data', 'json', 0, NULL, NULL, NULL, '{\"reason\":\"\",\"days\":\"3\",\"end\":\"2023-05-30\",\"begin\":\"2023-05-28\"}', 'java.util.HashMap', '2023-05-28 14:12:39.731', '2023-05-28 14:12:39.731');
INSERT INTO `ACT_HI_VARINST` VALUES ('b456dd37-fd61-11ed-86a1-005056c00001', 'b451ad10-fd61-11ed-86a1-005056c00001', 'b452e593-fd61-11ed-86a1-005056c00001', 'b45619e6-fd61-11ed-86a1-005056c00001', 'data', 'json', 0, NULL, NULL, NULL, '{\"reason\":\"\",\"days\":\"3\",\"end\":\"2023-05-30\",\"begin\":\"2023-05-28\"}', 'java.util.LinkedHashMap', '2023-05-28 14:12:39.760', '2023-05-28 14:12:39.760');
INSERT INTO `ACT_HI_VARINST` VALUES ('b4e2aa34-fa04-11ed-8fd8-005056c00001', '84b55898-f8a6-11ed-af44-005056c00001', '84b642fb-f8a6-11ed-af44-005056c00001', 'b4e25c13-fa04-11ed-8fd8-005056c00001', 'data', 'json', 0, NULL, NULL, NULL, '{\"reason\":\"\",\"days\":\"2\",\"end\":\"2023-05-24\",\"begin\":\"2023-05-23\"}', 'java.util.LinkedHashMap', '2023-05-24 07:29:23.992', '2023-05-24 07:29:23.992');
INSERT INTO `ACT_HI_VARINST` VALUES ('b6a152a9-f165-11ed-96f2-005056c00001', '91efb509-f165-11ed-a412-005056c00001', '91f09f6e-f165-11ed-a412-005056c00001', 'b6a0dd78-f165-11ed-96f2-005056c00001', 'assignee2', 'string', 0, NULL, NULL, NULL, 'mary01', NULL, '2023-05-13 08:11:07.638', '2023-05-13 08:11:07.638');
INSERT INTO `ACT_HI_VARINST` VALUES ('b6a1a0cb-f165-11ed-96f2-005056c00001', '91efb509-f165-11ed-a412-005056c00001', '91f09f6e-f165-11ed-a412-005056c00001', 'b6a0dd78-f165-11ed-96f2-005056c00001', 'assignee1', 'string', 0, NULL, NULL, NULL, 'lucy01', NULL, '2023-05-13 08:11:07.639', '2023-05-13 08:11:07.639');
INSERT INTO `ACT_HI_VARINST` VALUES ('c07769e3-f15c-11ed-890c-005056c00001', '892a28f6-f15c-11ed-8187-005056c00001', '892b3a6b-f15c-11ed-8187-005056c00001', 'c0771bc2-f15c-11ed-890c-005056c00001', 'assignee2', 'string', 0, NULL, NULL, NULL, 'mary01', NULL, '2023-05-13 07:06:58.669', '2023-05-13 07:06:58.669');
INSERT INTO `ACT_HI_VARINST` VALUES ('c07790f5-f15c-11ed-890c-005056c00001', '892a28f6-f15c-11ed-8187-005056c00001', '892b3a6b-f15c-11ed-8187-005056c00001', 'c0771bc2-f15c-11ed-890c-005056c00001', 'assignee1', 'string', 0, NULL, NULL, NULL, 'lucy01', NULL, '2023-05-13 07:06:58.671', '2023-05-13 07:06:58.671');
INSERT INTO `ACT_HI_VARINST` VALUES ('e85e7f2d-fd63-11ed-ac57-005056c00001', 'e85de2ec-fd63-11ed-ac57-005056c00001', 'e85de2ec-fd63-11ed-ac57-005056c00001', NULL, 'data', 'json', 1, NULL, NULL, NULL, '{\"reason\":\"\",\"days\":\"3\",\"end\":\"2023-06-03\",\"begin\":\"2023-05-31\"}', 'java.util.LinkedHashMap', '2023-05-28 14:28:26.045', '2023-05-28 14:53:23.807');
INSERT INTO `ACT_HI_VARINST` VALUES ('e8631313-fd63-11ed-ac57-005056c00001', 'e85de2ec-fd63-11ed-ac57-005056c00001', 'e85f1b6f-fd63-11ed-ac57-005056c00001', 'e8624fc2-fd63-11ed-ac57-005056c00001', 'data', 'json', 0, NULL, NULL, NULL, '{\"reason\":\"\",\"days\":\"3\",\"end\":\"2023-06-03\",\"begin\":\"2023-05-31\"}', 'java.util.LinkedHashMap', '2023-05-28 14:28:26.075', '2023-05-28 14:28:26.075');
INSERT INTO `ACT_HI_VARINST` VALUES ('e9996b33-f165-11ed-b7fc-005056c00001', 'e998f602-f165-11ed-b7fc-005056c00001', 'e998f602-f165-11ed-b7fc-005056c00001', NULL, 'assignee1', 'string', 1, NULL, NULL, NULL, 'lucy01', NULL, '2023-05-13 08:12:33.149', '2023-05-13 08:13:06.033');
INSERT INTO `ACT_HI_VARINST` VALUES ('e99ffae9-f165-11ed-b7fc-005056c00001', 'e998f602-f165-11ed-b7fc-005056c00001', 'e999b955-f165-11ed-b7fc-005056c00001', 'e99f3798-f165-11ed-b7fc-005056c00001', 'assignee1', 'string', 0, NULL, NULL, NULL, 'lucy01', NULL, '2023-05-13 08:12:33.192', '2023-05-13 08:12:33.192');
INSERT INTO `ACT_HI_VARINST` VALUES ('fd2ed8b7-f165-11ed-b775-005056c00001', 'e998f602-f165-11ed-b7fc-005056c00001', 'e998f602-f165-11ed-b7fc-005056c00001', NULL, 'assignee2', 'string', 0, NULL, NULL, NULL, 'zhao', NULL, '2023-05-13 08:13:06.006', '2023-05-13 08:13:06.006');
INSERT INTO `ACT_HI_VARINST` VALUES ('fd37d96c-f165-11ed-b775-005056c00001', 'e998f602-f165-11ed-b7fc-005056c00001', 'e999b955-f165-11ed-b7fc-005056c00001', 'fd37643b-f165-11ed-b775-005056c00001', 'assignee2', 'string', 0, NULL, NULL, NULL, 'zhao', NULL, '2023-05-13 08:13:06.064', '2023-05-13 08:13:06.064');
INSERT INTO `ACT_HI_VARINST` VALUES ('fd37d96e-f165-11ed-b775-005056c00001', 'e998f602-f165-11ed-b7fc-005056c00001', 'e999b955-f165-11ed-b7fc-005056c00001', 'fd37643b-f165-11ed-b775-005056c00001', 'assignee1', 'string', 0, NULL, NULL, NULL, 'lucy01', NULL, '2023-05-13 08:13:06.064', '2023-05-13 08:13:06.064');

-- ----------------------------
-- Table structure for ACT_PROCDEF_INFO
-- ----------------------------
DROP TABLE IF EXISTS `ACT_PROCDEF_INFO`;
CREATE TABLE `ACT_PROCDEF_INFO`  (
  `ID_` varchar(64) CHARACTER SET utf8 COLLATE utf8_bin NOT NULL,
  `PROC_DEF_ID_` varchar(64) CHARACTER SET utf8 COLLATE utf8_bin NOT NULL,
  `REV_` int NULL DEFAULT NULL,
  `INFO_JSON_ID_` varchar(64) CHARACTER SET utf8 COLLATE utf8_bin NULL DEFAULT NULL,
  PRIMARY KEY (`ID_`) USING BTREE,
  UNIQUE INDEX `ACT_UNIQ_INFO_PROCDEF`(`PROC_DEF_ID_` ASC) USING BTREE,
  INDEX `ACT_IDX_INFO_PROCDEF`(`PROC_DEF_ID_` ASC) USING BTREE,
  INDEX `ACT_FK_INFO_JSON_BA`(`INFO_JSON_ID_` ASC) USING BTREE,
  CONSTRAINT `ACT_FK_INFO_JSON_BA` FOREIGN KEY (`INFO_JSON_ID_`) REFERENCES `ACT_GE_BYTEARRAY` (`ID_`) ON DELETE RESTRICT ON UPDATE RESTRICT,
  CONSTRAINT `ACT_FK_INFO_PROCDEF` FOREIGN KEY (`PROC_DEF_ID_`) REFERENCES `ACT_RE_PROCDEF` (`ID_`) ON DELETE RESTRICT ON UPDATE RESTRICT
) ENGINE = InnoDB CHARACTER SET = utf8 COLLATE = utf8_bin ROW_FORMAT = Dynamic;

-- ----------------------------
-- Records of ACT_PROCDEF_INFO
-- ----------------------------

-- ----------------------------
-- Table structure for ACT_RE_DEPLOYMENT
-- ----------------------------
DROP TABLE IF EXISTS `ACT_RE_DEPLOYMENT`;
CREATE TABLE `ACT_RE_DEPLOYMENT`  (
  `ID_` varchar(64) CHARACTER SET utf8 COLLATE utf8_bin NOT NULL,
  `NAME_` varchar(255) CHARACTER SET utf8 COLLATE utf8_bin NULL DEFAULT NULL,
  `CATEGORY_` varchar(255) CHARACTER SET utf8 COLLATE utf8_bin NULL DEFAULT NULL,
  `KEY_` varchar(255) CHARACTER SET utf8 COLLATE utf8_bin NULL DEFAULT NULL,
  `TENANT_ID_` varchar(255) CHARACTER SET utf8 COLLATE utf8_bin NULL DEFAULT '',
  `DEPLOY_TIME_` timestamp(3) NULL DEFAULT NULL,
  `ENGINE_VERSION_` varchar(255) CHARACTER SET utf8 COLLATE utf8_bin NULL DEFAULT NULL,
  `VERSION_` int NULL DEFAULT 1,
  `PROJECT_RELEASE_VERSION_` varchar(255) CHARACTER SET utf8 COLLATE utf8_bin NULL DEFAULT NULL,
  PRIMARY KEY (`ID_`) USING BTREE
) ENGINE = InnoDB CHARACTER SET = utf8 COLLATE = utf8_bin ROW_FORMAT = Dynamic;

-- ----------------------------
-- Records of ACT_RE_DEPLOYMENT
-- ----------------------------
INSERT INTO `ACT_RE_DEPLOYMENT` VALUES ('005661dc-f22b-11ed-8235-005056c00001', '01', NULL, NULL, '', '2023-05-14 07:43:22.153', NULL, 1, NULL);
INSERT INTO `ACT_RE_DEPLOYMENT` VALUES ('0067b4a5-f238-11ed-aef2-005056c00001', 'SpringAutoDeployment', NULL, NULL, '', '2023-05-14 09:16:25.694', NULL, 125, NULL);
INSERT INTO `ACT_RE_DEPLOYMENT` VALUES ('01b37eff-fd68-11ed-b8ec-005056c00001', 'SpringAutoDeployment', NULL, NULL, '', '2023-05-28 14:57:46.503', NULL, 209, NULL);
INSERT INTO `ACT_RE_DEPLOYMENT` VALUES ('02040e09-f0cf-11ed-8dc2-005056c00001', 'SpringAutoDeployment', NULL, NULL, '', '2023-05-12 14:12:20.095', NULL, 33, NULL);
INSERT INTO `ACT_RE_DEPLOYMENT` VALUES ('0212049c-fca2-11ed-9cde-005056c00001', 'SpringAutoDeployment', NULL, NULL, '', '2023-05-27 15:20:26.773', NULL, 193, NULL);
INSERT INTO `ACT_RE_DEPLOYMENT` VALUES ('03955928-f898-11ed-8f33-005056c00001', 'SpringAutoDeployment', NULL, NULL, '', '2023-05-22 11:58:49.690', NULL, 159, NULL);
INSERT INTO `ACT_RE_DEPLOYMENT` VALUES ('03e10215-fd67-11ed-9018-005056c00001', 'SpringAutoDeployment', NULL, NULL, '', '2023-05-28 14:50:40.660', NULL, 208, NULL);
INSERT INTO `ACT_RE_DEPLOYMENT` VALUES ('06b24dfc-f15b-11ed-8958-005056c00001', 'SpringAutoDeployment', NULL, NULL, '', '2023-05-13 06:54:37.477', NULL, 79, NULL);
INSERT INTO `ACT_RE_DEPLOYMENT` VALUES ('07fad667-f22e-11ed-b05f-005056c00001', 'SpringAutoDeployment', NULL, NULL, '', '2023-05-14 08:05:03.441', NULL, 121, NULL);
INSERT INTO `ACT_RE_DEPLOYMENT` VALUES ('08d29581-f166-11ed-9858-005056c00001', 'SpringAutoDeployment', NULL, NULL, '', '2023-05-13 08:13:25.505', NULL, 106, NULL);
INSERT INTO `ACT_RE_DEPLOYMENT` VALUES ('0ac45e4b-f15c-11ed-b0d4-005056c00001', 'SpringAutoDeployment', NULL, NULL, '', '2023-05-13 07:01:53.806', NULL, 82, NULL);
INSERT INTO `ACT_RE_DEPLOYMENT` VALUES ('0bc83e98-f091-11ed-a994-005056c00001', 'SpringAutoDeployment', NULL, NULL, '', '2023-05-12 06:48:47.683', NULL, 2, NULL);
INSERT INTO `ACT_RE_DEPLOYMENT` VALUES ('0bcb4c80-f14a-11ed-8eb6-005056c00001', 'SpringAutoDeployment', NULL, NULL, '', '2023-05-13 04:53:04.588', NULL, 62, NULL);
INSERT INTO `ACT_RE_DEPLOYMENT` VALUES ('0c377ca0-f0d0-11ed-b54a-005056c00001', 'SpringAutoDeployment', NULL, NULL, '', '2023-05-12 14:19:46.705', NULL, 45, NULL);
INSERT INTO `ACT_RE_DEPLOYMENT` VALUES ('0db20d39-f091-11ed-a994-005056c00001', '', NULL, NULL, '', '2023-05-12 06:48:50.905', NULL, 1, NULL);
INSERT INTO `ACT_RE_DEPLOYMENT` VALUES ('0ec869b4-fd66-11ed-b4e1-005056c00001', 'SpringAutoDeployment', NULL, NULL, '', '2023-05-28 14:43:49.455', NULL, 205, NULL);
INSERT INTO `ACT_RE_DEPLOYMENT` VALUES ('0ee444b3-f14d-11ed-ad68-005056c00001', 'SpringAutoDeployment', NULL, NULL, '', '2023-05-13 05:14:38.279', NULL, 66, NULL);
INSERT INTO `ACT_RE_DEPLOYMENT` VALUES ('0eef9cfe-fd62-11ed-99ea-005056c00001', 'SpringAutoDeployment', NULL, NULL, '', '2023-05-28 14:15:11.729', NULL, 198, NULL);
INSERT INTO `ACT_RE_DEPLOYMENT` VALUES ('10da45fa-f0cf-11ed-8c97-005056c00001', 'SpringAutoDeployment', NULL, NULL, '', '2023-05-12 14:12:44.985', NULL, 34, NULL);
INSERT INTO `ACT_RE_DEPLOYMENT` VALUES ('11e81ebc-f13c-11ed-8599-005056c00001', 'SpringAutoDeployment', NULL, NULL, '', '2023-05-13 03:13:01.893', NULL, 55, NULL);
INSERT INTO `ACT_RE_DEPLOYMENT` VALUES ('13a70ccd-f13c-11ed-8599-005056c00001', '', NULL, NULL, '', '2023-05-13 03:13:04.840', NULL, 1, NULL);
INSERT INTO `ACT_RE_DEPLOYMENT` VALUES ('177bff79-f13b-11ed-8a8e-005056c00001', 'SpringAutoDeployment', NULL, NULL, '', '2023-05-13 03:06:01.748', NULL, 53, NULL);
INSERT INTO `ACT_RE_DEPLOYMENT` VALUES ('19f35950-f166-11ed-adeb-005056c00001', 'SpringAutoDeployment', NULL, NULL, '', '2023-05-13 08:13:54.232', NULL, 107, NULL);
INSERT INTO `ACT_RE_DEPLOYMENT` VALUES ('1a643d44-f0bf-11ed-a6ec-005056c00001', 'SpringAutoDeployment', NULL, NULL, '', '2023-05-12 12:18:29.049', NULL, 14, NULL);
INSERT INTO `ACT_RE_DEPLOYMENT` VALUES ('1b689a00-f149-11ed-9254-005056c00001', 'SpringAutoDeployment', NULL, NULL, '', '2023-05-13 04:46:21.289', NULL, 60, NULL);
INSERT INTO `ACT_RE_DEPLOYMENT` VALUES ('1bccb0c7-fc86-11ed-8a82-005056c00001', 'SpringAutoDeployment', NULL, NULL, '', '2023-05-27 12:00:44.018', NULL, 182, NULL);
INSERT INTO `ACT_RE_DEPLOYMENT` VALUES ('1bd83717-f0cd-11ed-805a-005056c00001', 'SpringAutoDeployment', NULL, NULL, '', '2023-05-12 13:58:44.437', NULL, 18, NULL);
INSERT INTO `ACT_RE_DEPLOYMENT` VALUES ('1d47df1a-fa15-11ed-b41b-005056c00001', 'SpringAutoDeployment', NULL, NULL, '', '2023-05-24 09:26:51.060', NULL, 174, NULL);
INSERT INTO `ACT_RE_DEPLOYMENT` VALUES ('1eebd8f5-f0d0-11ed-a13b-005056c00001', 'SpringAutoDeployment', NULL, NULL, '', '2023-05-12 14:20:18.084', NULL, 46, NULL);
INSERT INTO `ACT_RE_DEPLOYMENT` VALUES ('1f4782fb-f0cf-11ed-82da-005056c00001', 'SpringAutoDeployment', NULL, NULL, '', '2023-05-12 14:13:09.191', NULL, 35, NULL);
INSERT INTO `ACT_RE_DEPLOYMENT` VALUES ('21bf5ca4-f898-11ed-a71c-005056c00001', 'SpringAutoDeployment', NULL, NULL, '', '2023-05-22 11:59:40.301', NULL, 160, NULL);
INSERT INTO `ACT_RE_DEPLOYMENT` VALUES ('21e2f13a-f14d-11ed-ae60-005056c00001', 'SpringAutoDeployment', NULL, NULL, '', '2023-05-13 05:15:10.145', NULL, 67, NULL);
INSERT INTO `ACT_RE_DEPLOYMENT` VALUES ('23b7b13b-f14d-11ed-ae60-005056c00001', '01', NULL, NULL, '', '2023-05-13 05:15:13.237', NULL, 1, NULL);
INSERT INTO `ACT_RE_DEPLOYMENT` VALUES ('261b5f7f-f3ed-11ed-b978-005056c00001', 'SpringAutoDeployment', NULL, NULL, '', '2023-05-16 13:25:39.024', NULL, 144, NULL);
INSERT INTO `ACT_RE_DEPLOYMENT` VALUES ('289a35c6-f13c-11ed-8285-005056c00001', 'SpringAutoDeployment', NULL, NULL, '', '2023-05-13 03:13:39.971', NULL, 56, NULL);
INSERT INTO `ACT_RE_DEPLOYMENT` VALUES ('29695860-f6fa-11ed-98bc-005056c00001', 'SpringAutoDeployment', NULL, NULL, '', '2023-05-20 10:36:21.507', NULL, 154, NULL);
INSERT INTO `ACT_RE_DEPLOYMENT` VALUES ('2aecdd80-f238-11ed-a88e-005056c00001', 'SpringAutoDeployment', NULL, NULL, '', '2023-05-14 09:17:37.034', NULL, 126, NULL);
INSERT INTO `ACT_RE_DEPLOYMENT` VALUES ('2b038707-f15c-11ed-87db-005056c00001', 'SpringAutoDeployment', NULL, NULL, '', '2023-05-13 07:02:47.911', NULL, 83, NULL);
INSERT INTO `ACT_RE_DEPLOYMENT` VALUES ('2b83caef-f0ce-11ed-8213-005056c00001', 'SpringAutoDeployment', NULL, NULL, '', '2023-05-12 14:06:20.224', NULL, 25, NULL);
INSERT INTO `ACT_RE_DEPLOYMENT` VALUES ('2bae199a-f0cf-11ed-a1bc-005056c00001', 'SpringAutoDeployment', NULL, NULL, '', '2023-05-12 14:13:29.995', NULL, 36, NULL);
INSERT INTO `ACT_RE_DEPLOYMENT` VALUES ('2c274c2e-f0d0-11ed-a539-005056c00001', 'SpringAutoDeployment', NULL, NULL, '', '2023-05-12 14:20:40.286', NULL, 47, NULL);
INSERT INTO `ACT_RE_DEPLOYMENT` VALUES ('2cbd9696-f977-11ed-a0ad-005056c00001', 'SpringAutoDeployment', NULL, NULL, '', '2023-05-23 14:36:16.516', NULL, 166, NULL);
INSERT INTO `ACT_RE_DEPLOYMENT` VALUES ('2cde4d41-f238-11ed-a88e-005056c00001', '02', NULL, NULL, '', '2023-05-14 09:17:40.321', NULL, 1, NULL);
INSERT INTO `ACT_RE_DEPLOYMENT` VALUES ('2d18629f-f4c9-11ed-8410-005056c00001', 'SpringAutoDeployment', NULL, NULL, '', '2023-05-17 15:40:40.028', NULL, 151, NULL);
INSERT INTO `ACT_RE_DEPLOYMENT` VALUES ('2e207e0d-fa12-11ed-9a63-005056c00001', 'SpringAutoDeployment', NULL, NULL, '', '2023-05-24 09:05:50.833', NULL, 169, NULL);
INSERT INTO `ACT_RE_DEPLOYMENT` VALUES ('308c3f10-f4c7-11ed-9964-005056c00001', 'SpringAutoDeployment', NULL, NULL, '', '2023-05-17 15:26:26.826', NULL, 149, NULL);
INSERT INTO `ACT_RE_DEPLOYMENT` VALUES ('32050653-fae8-11ed-a665-005056c00001', 'SpringAutoDeployment', NULL, NULL, '', '2023-05-25 10:37:49.667', NULL, 176, NULL);
INSERT INTO `ACT_RE_DEPLOYMENT` VALUES ('32b277a7-f975-11ed-96ac-005056c00001', 'SpringAutoDeployment', NULL, NULL, '', '2023-05-23 14:22:07.511', NULL, 165, NULL);
INSERT INTO `ACT_RE_DEPLOYMENT` VALUES ('32bb60e2-f14d-11ed-a8aa-005056c00001', 'SpringAutoDeployment', NULL, NULL, '', '2023-05-13 05:15:38.240', NULL, 68, NULL);
INSERT INTO `ACT_RE_DEPLOYMENT` VALUES ('33ad8c0c-faf0-11ed-b383-005056c00001', 'SpringAutoDeployment', NULL, NULL, '', '2023-05-25 11:35:08.422', NULL, 178, NULL);
INSERT INTO `ACT_RE_DEPLOYMENT` VALUES ('33f11c54-fc86-11ed-b8b6-005056c00001', 'SpringAutoDeployment', NULL, NULL, '', '2023-05-27 12:01:24.537', NULL, 183, NULL);
INSERT INTO `ACT_RE_DEPLOYMENT` VALUES ('343e2ac8-f22e-11ed-8c04-005056c00001', 'SpringAutoDeployment', NULL, NULL, '', '2023-05-14 08:06:17.699', NULL, 122, NULL);
INSERT INTO `ACT_RE_DEPLOYMENT` VALUES ('3451661a-fd64-11ed-ac29-005056c00001', 'SpringAutoDeployment', NULL, NULL, '', '2023-05-28 14:30:33.432', NULL, 203, NULL);
INSERT INTO `ACT_RE_DEPLOYMENT` VALUES ('3490f439-f13c-11ed-8457-005056c00001', 'SpringAutoDeployment', NULL, NULL, '', '2023-05-13 03:14:00.038', NULL, 57, NULL);
INSERT INTO `ACT_RE_DEPLOYMENT` VALUES ('350ef419-fca1-11ed-b460-005056c00001', 'SpringAutoDeployment', NULL, NULL, '', '2023-05-27 15:14:42.814', NULL, 192, NULL);
INSERT INTO `ACT_RE_DEPLOYMENT` VALUES ('39e10ceb-f149-11ed-8741-005056c00001', 'SpringAutoDeployment', NULL, NULL, '', '2023-05-13 04:47:12.413', NULL, 61, NULL);
INSERT INTO `ACT_RE_DEPLOYMENT` VALUES ('3b663683-faf1-11ed-9525-005056c00001', 'SpringAutoDeployment', NULL, NULL, '', '2023-05-25 11:42:30.871', NULL, 180, NULL);
INSERT INTO `ACT_RE_DEPLOYMENT` VALUES ('3bb0eaec-f149-11ed-8741-005056c00001', '01', NULL, NULL, '', '2023-05-13 04:47:15.471', NULL, 1, NULL);
INSERT INTO `ACT_RE_DEPLOYMENT` VALUES ('3bec29eb-f0d0-11ed-8e91-005056c00001', 'SpringAutoDeployment', NULL, NULL, '', '2023-05-12 14:21:06.740', NULL, 48, NULL);
INSERT INTO `ACT_RE_DEPLOYMENT` VALUES ('3c655e90-f238-11ed-b20a-005056c00001', 'SpringAutoDeployment', NULL, NULL, '', '2023-05-14 09:18:06.344', NULL, 127, NULL);
INSERT INTO `ACT_RE_DEPLOYMENT` VALUES ('3cc36c72-f0cf-11ed-85db-005056c00001', 'SpringAutoDeployment', NULL, NULL, '', '2023-05-12 14:13:58.656', NULL, 37, NULL);
INSERT INTO `ACT_RE_DEPLOYMENT` VALUES ('4055b0f8-f09e-11ed-8a03-005056c00001', 'SpringAutoDeployment', NULL, NULL, '', '2023-05-12 08:23:19.315', NULL, 5, NULL);
INSERT INTO `ACT_RE_DEPLOYMENT` VALUES ('41a957a3-f0bf-11ed-8056-005056c00001', 'SpringAutoDeployment', NULL, NULL, '', '2023-05-12 12:19:34.932', NULL, 15, NULL);
INSERT INTO `ACT_RE_DEPLOYMENT` VALUES ('45317bb1-f14d-11ed-8a6b-005056c00001', 'SpringAutoDeployment', NULL, NULL, '', '2023-05-13 05:16:09.383', NULL, 69, NULL);
INSERT INTO `ACT_RE_DEPLOYMENT` VALUES ('4594fb37-f15c-11ed-8539-005056c00001', 'SpringAutoDeployment', NULL, NULL, '', '2023-05-13 07:03:32.481', NULL, 84, NULL);
INSERT INTO `ACT_RE_DEPLOYMENT` VALUES ('4632bdef-fa0e-11ed-8c1f-005056c00001', 'SpringAutoDeployment', NULL, NULL, '', '2023-05-24 08:37:53.231', NULL, 168, NULL);
INSERT INTO `ACT_RE_DEPLOYMENT` VALUES ('466c9ed8-fd5e-11ed-848f-005056c00001', 'SpringAutoDeployment', NULL, NULL, '', '2023-05-28 13:48:06.822', NULL, 194, NULL);
INSERT INTO `ACT_RE_DEPLOYMENT` VALUES ('47e316b5-f13c-11ed-9fb6-005056c00001', 'SpringAutoDeployment', NULL, NULL, '', '2023-05-13 03:14:32.458', NULL, 58, NULL);
INSERT INTO `ACT_RE_DEPLOYMENT` VALUES ('48b01700-fd64-11ed-b141-005056c00001', 'SpringAutoDeployment', NULL, NULL, '', '2023-05-28 14:31:07.612', NULL, 204, NULL);
INSERT INTO `ACT_RE_DEPLOYMENT` VALUES ('4a259da0-f898-11ed-a49a-005056c00001', 'SpringAutoDeployment', NULL, NULL, '', '2023-05-22 12:00:48.080', NULL, 161, NULL);
INSERT INTO `ACT_RE_DEPLOYMENT` VALUES ('4b39dbcd-f0d0-11ed-b893-005056c00001', 'SpringAutoDeployment', NULL, NULL, '', '2023-05-12 14:21:32.415', NULL, 49, NULL);
INSERT INTO `ACT_RE_DEPLOYMENT` VALUES ('4b44f193-f15f-11ed-9062-005056c00001', 'SpringAutoDeployment', NULL, NULL, '', '2023-05-13 07:25:10.512', NULL, 88, NULL);
INSERT INTO `ACT_RE_DEPLOYMENT` VALUES ('4b5fe73d-f238-11ed-8f8f-005056c00001', 'SpringAutoDeployment', NULL, NULL, '', '2023-05-14 09:18:31.475', NULL, 128, NULL);
INSERT INTO `ACT_RE_DEPLOYMENT` VALUES ('4c100962-f22e-11ed-bf04-005056c00001', 'SpringAutoDeployment', NULL, NULL, '', '2023-05-14 08:06:57.665', NULL, 123, NULL);
INSERT INTO `ACT_RE_DEPLOYMENT` VALUES ('4c84c1cb-f21f-11ed-afed-005056c00001', 'SpringAutoDeployment', NULL, NULL, '', '2023-05-14 06:19:35.976', NULL, 108, NULL);
INSERT INTO `ACT_RE_DEPLOYMENT` VALUES ('4eceb1cc-f21f-11ed-afed-005056c00001', '03', NULL, NULL, '', '2023-05-14 06:19:39.843', NULL, 1, NULL);
INSERT INTO `ACT_RE_DEPLOYMENT` VALUES ('4f5b835e-f0ce-11ed-9310-005056c00001', 'SpringAutoDeployment', NULL, NULL, '', '2023-05-12 14:07:20.356', NULL, 26, NULL);
INSERT INTO `ACT_RE_DEPLOYMENT` VALUES ('53f4e216-f09e-11ed-8479-005056c00001', 'SpringAutoDeployment', NULL, NULL, '', '2023-05-12 08:23:52.236', NULL, 6, NULL);
INSERT INTO `ACT_RE_DEPLOYMENT` VALUES ('590ee866-f22e-11ed-a93a-005056c00001', 'SpringAutoDeployment', NULL, NULL, '', '2023-05-14 08:07:19.458', NULL, 124, NULL);
INSERT INTO `ACT_RE_DEPLOYMENT` VALUES ('59cb84a7-fae8-11ed-a985-005056c00001', 'SpringAutoDeployment', NULL, NULL, '', '2023-05-25 10:38:56.394', NULL, 177, NULL);
INSERT INTO `ACT_RE_DEPLOYMENT` VALUES ('5a3c4bd9-f14d-11ed-bc47-005056c00001', 'SpringAutoDeployment', NULL, NULL, '', '2023-05-13 05:16:44.683', NULL, 70, NULL);
INSERT INTO `ACT_RE_DEPLOYMENT` VALUES ('5ac20b69-f238-11ed-bb8a-005056c00001', 'SpringAutoDeployment', NULL, NULL, '', '2023-05-14 09:18:57.280', NULL, 129, NULL);
INSERT INTO `ACT_RE_DEPLOYMENT` VALUES ('5b0bb12a-f0d0-11ed-92ef-005056c00001', 'SpringAutoDeployment', NULL, NULL, '', '2023-05-12 14:21:58.952', NULL, 50, NULL);
INSERT INTO `ACT_RE_DEPLOYMENT` VALUES ('5b5900f1-f15f-11ed-b0b7-005056c00001', 'SpringAutoDeployment', NULL, NULL, '', '2023-05-13 07:25:37.488', NULL, 89, NULL);
INSERT INTO `ACT_RE_DEPLOYMENT` VALUES ('5b7fd37c-f2f0-11ed-a874-005056c00001', 'SpringAutoDeployment', NULL, NULL, '', '2023-05-15 07:16:05.930', NULL, 137, NULL);
INSERT INTO `ACT_RE_DEPLOYMENT` VALUES ('5ba3f1c9-f2fa-11ed-b7e7-005056c00001', 'SpringAutoDeployment', NULL, NULL, '', '2023-05-15 08:27:41.134', NULL, 140, NULL);
INSERT INTO `ACT_RE_DEPLOYMENT` VALUES ('5cfdcac4-f8a2-11ed-af44-005056c00001', 'SpringAutoDeployment', NULL, NULL, '', '2023-05-22 13:12:54.661', NULL, 164, NULL);
INSERT INTO `ACT_RE_DEPLOYMENT` VALUES ('5d859a2d-f222-11ed-b5fd-005056c00001', 'SpringAutoDeployment', NULL, NULL, '', '2023-05-14 06:41:32.990', NULL, 112, NULL);
INSERT INTO `ACT_RE_DEPLOYMENT` VALUES ('611b468b-f0ce-11ed-ab6b-005056c00001', 'SpringAutoDeployment', NULL, NULL, '', '2023-05-12 14:07:50.131', NULL, 27, NULL);
INSERT INTO `ACT_RE_DEPLOYMENT` VALUES ('61913840-fd63-11ed-92f4-005056c00001', 'SpringAutoDeployment', NULL, NULL, '', '2023-05-28 14:24:39.858', NULL, 200, NULL);
INSERT INTO `ACT_RE_DEPLOYMENT` VALUES ('64697cc6-f13c-11ed-a40f-005056c00001', 'SpringAutoDeployment', NULL, NULL, '', '2023-05-13 03:15:20.316', NULL, 59, NULL);
INSERT INTO `ACT_RE_DEPLOYMENT` VALUES ('65090cfe-f0a7-11ed-b57b-005056c00001', 'SpringAutoDeployment', NULL, NULL, '', '2023-05-12 09:28:46.361', NULL, 7, NULL);
INSERT INTO `ACT_RE_DEPLOYMENT` VALUES ('67a093b9-fa14-11ed-9d0a-005056c00001', 'SpringAutoDeployment', NULL, NULL, '', '2023-05-24 09:21:46.295', NULL, 170, NULL);
INSERT INTO `ACT_RE_DEPLOYMENT` VALUES ('67f14d27-f153-11ed-8550-005056c00001', 'SpringAutoDeployment', NULL, NULL, '', '2023-05-13 06:00:04.657', NULL, 73, NULL);
INSERT INTO `ACT_RE_DEPLOYMENT` VALUES ('68be8185-f14b-11ed-92a9-005056c00001', 'SpringAutoDeployment', NULL, NULL, '', '2023-05-13 05:02:50.025', NULL, 63, NULL);
INSERT INTO `ACT_RE_DEPLOYMENT` VALUES ('697e3aec-f0cf-11ed-8015-005056c00001', 'SpringAutoDeployment', NULL, NULL, '', '2023-05-12 14:15:13.701', NULL, 38, NULL);
INSERT INTO `ACT_RE_DEPLOYMENT` VALUES ('69c651bd-f0cd-11ed-bd71-005056c00001', 'SpringAutoDeployment', NULL, NULL, '', '2023-05-12 14:00:55.183', NULL, 19, NULL);
INSERT INTO `ACT_RE_DEPLOYMENT` VALUES ('69d1ccf8-f153-11ed-8550-005056c00001', '02', NULL, NULL, '', '2023-05-13 06:00:07.829', NULL, 1, NULL);
INSERT INTO `ACT_RE_DEPLOYMENT` VALUES ('6ab82ea6-f14b-11ed-92a9-005056c00001', '01', NULL, NULL, '', '2023-05-13 05:02:53.365', NULL, 1, NULL);
INSERT INTO `ACT_RE_DEPLOYMENT` VALUES ('6e2ebaf7-f238-11ed-8b6d-005056c00001', 'SpringAutoDeployment', NULL, NULL, '', '2023-05-14 09:19:29.861', NULL, 130, NULL);
INSERT INTO `ACT_RE_DEPLOYMENT` VALUES ('6ea5680c-f896-11ed-89c0-005056c00001', 'SpringAutoDeployment', NULL, NULL, '', '2023-05-22 11:47:30.323', NULL, 157, NULL);
INSERT INTO `ACT_RE_DEPLOYMENT` VALUES ('6ff9f05e-f14d-11ed-b0d5-005056c00001', 'SpringAutoDeployment', NULL, NULL, '', '2023-05-13 05:17:21.162', NULL, 71, NULL);
INSERT INTO `ACT_RE_DEPLOYMENT` VALUES ('74a8e8db-f2f1-11ed-99d4-005056c00001', 'SpringAutoDeployment', NULL, NULL, '', '2023-05-15 07:23:57.637', NULL, 139, NULL);
INSERT INTO `ACT_RE_DEPLOYMENT` VALUES ('74ca28c0-f165-11ed-bf5a-005056c00001', 'SpringAutoDeployment', NULL, NULL, '', '2023-05-13 08:09:17.151', NULL, 98, NULL);
INSERT INTO `ACT_RE_DEPLOYMENT` VALUES ('786936c3-f2ef-11ed-9887-005056c00001', 'SpringAutoDeployment', NULL, NULL, '', '2023-05-15 07:09:44.938', NULL, 136, NULL);
INSERT INTO `ACT_RE_DEPLOYMENT` VALUES ('7972f575-f153-11ed-934b-005056c00001', 'SpringAutoDeployment', NULL, NULL, '', '2023-05-13 06:00:34.032', NULL, 74, NULL);
INSERT INTO `ACT_RE_DEPLOYMENT` VALUES ('7ac1e05c-f238-11ed-8755-005056c00001', 'SpringAutoDeployment', NULL, NULL, '', '2023-05-14 09:19:50.968', NULL, 131, NULL);
INSERT INTO `ACT_RE_DEPLOYMENT` VALUES ('7cdfb1a2-f0cd-11ed-9cef-005056c00001', 'SpringAutoDeployment', NULL, NULL, '', '2023-05-12 14:01:27.227', NULL, 20, NULL);
INSERT INTO `ACT_RE_DEPLOYMENT` VALUES ('7e4185c3-f159-11ed-9860-005056c00001', 'SpringAutoDeployment', NULL, NULL, '', '2023-05-13 06:43:39.079', NULL, 77, NULL);
INSERT INTO `ACT_RE_DEPLOYMENT` VALUES ('7e56e486-f22c-11ed-842f-005056c00001', 'SpringAutoDeployment', NULL, NULL, '', '2023-05-14 07:54:03.009', NULL, 118, NULL);
INSERT INTO `ACT_RE_DEPLOYMENT` VALUES ('7e863bf5-f8a2-11ed-af44-005056c00001', NULL, NULL, NULL, '', '2023-05-22 13:13:50.947', NULL, 1, NULL);
INSERT INTO `ACT_RE_DEPLOYMENT` VALUES ('7f513ebd-f14d-11ed-a7be-005056c00001', 'SpringAutoDeployment', NULL, NULL, '', '2023-05-13 05:17:46.897', NULL, 72, NULL);
INSERT INTO `ACT_RE_DEPLOYMENT` VALUES ('8112e3ea-f21f-11ed-b425-005056c00001', 'SpringAutoDeployment', NULL, NULL, '', '2023-05-14 06:21:04.149', NULL, 109, NULL);
INSERT INTO `ACT_RE_DEPLOYMENT` VALUES ('81420f70-f0cf-11ed-b4bd-005056c00001', 'SpringAutoDeployment', NULL, NULL, '', '2023-05-12 14:15:53.572', NULL, 39, NULL);
INSERT INTO `ACT_RE_DEPLOYMENT` VALUES ('81857f08-f15f-11ed-8d61-005056c00001', 'SpringAutoDeployment', NULL, NULL, '', '2023-05-13 07:26:41.538', NULL, 90, NULL);
INSERT INTO `ACT_RE_DEPLOYMENT` VALUES ('84435687-fbd3-11ed-9f83-005056c00001', 'SpringAutoDeployment', NULL, NULL, '', '2023-05-26 14:42:19.366', NULL, 181, NULL);
INSERT INTO `ACT_RE_DEPLOYMENT` VALUES ('844f3b40-f161-11ed-a469-005056c00001', 'SpringAutoDeployment', NULL, NULL, '', '2023-05-13 07:41:05.205', NULL, 95, NULL);
INSERT INTO `ACT_RE_DEPLOYMENT` VALUES ('848194b4-f4c6-11ed-9193-005056c00001', 'SpringAutoDeployment', NULL, NULL, '', '2023-05-17 15:21:38.190', NULL, 148, NULL);
INSERT INTO `ACT_RE_DEPLOYMENT` VALUES ('85837648-fd66-11ed-8552-005056c00001', 'SpringAutoDeployment', NULL, NULL, '', '2023-05-28 14:47:08.653', NULL, 206, NULL);
INSERT INTO `ACT_RE_DEPLOYMENT` VALUES ('85c5cc91-fc96-11ed-bdf1-005056c00001', 'SpringAutoDeployment', NULL, NULL, '', '2023-05-27 13:58:13.774', NULL, 186, NULL);
INSERT INTO `ACT_RE_DEPLOYMENT` VALUES ('863c7d1e-f649-11ed-8d7a-005056c00001', 'SpringAutoDeployment', NULL, NULL, '', '2023-05-19 13:31:56.313', NULL, 153, NULL);
INSERT INTO `ACT_RE_DEPLOYMENT` VALUES ('86e43095-f15c-11ed-8187-005056c00001', 'SpringAutoDeployment', NULL, NULL, '', '2023-05-13 07:05:22.016', NULL, 85, NULL);
INSERT INTO `ACT_RE_DEPLOYMENT` VALUES ('87122035-f4c5-11ed-9e1a-005056c00001', 'SpringAutoDeployment', NULL, NULL, '', '2023-05-17 15:14:32.997', NULL, 146, NULL);
INSERT INTO `ACT_RE_DEPLOYMENT` VALUES ('8891a948-f0ce-11ed-92fb-005056c00001', 'SpringAutoDeployment', NULL, NULL, '', '2023-05-12 14:08:56.339', NULL, 28, NULL);
INSERT INTO `ACT_RE_DEPLOYMENT` VALUES ('89986680-f238-11ed-a2d7-005056c00001', 'SpringAutoDeployment', NULL, NULL, '', '2023-05-14 09:20:15.861', NULL, 132, NULL);
INSERT INTO `ACT_RE_DEPLOYMENT` VALUES ('8a630d04-f153-11ed-8e07-005056c00001', 'SpringAutoDeployment', NULL, NULL, '', '2023-05-13 06:01:02.445', NULL, 75, NULL);
INSERT INTO `ACT_RE_DEPLOYMENT` VALUES ('8cb8b173-fc9e-11ed-bd30-005056c00001', 'SpringAutoDeployment', NULL, NULL, '', '2023-05-27 14:55:41.403', NULL, 191, NULL);
INSERT INTO `ACT_RE_DEPLOYMENT` VALUES ('8f8928d2-fc99-11ed-81ca-005056c00001', 'SpringAutoDeployment', NULL, NULL, '', '2023-05-27 14:19:58.642', NULL, 189, NULL);
INSERT INTO `ACT_RE_DEPLOYMENT` VALUES ('8f93d240-fc86-11ed-8c44-005056c00001', 'SpringAutoDeployment', NULL, NULL, '', '2023-05-27 12:03:58.272', NULL, 184, NULL);
INSERT INTO `ACT_RE_DEPLOYMENT` VALUES ('8ffa2698-f165-11ed-a412-005056c00001', 'SpringAutoDeployment', NULL, NULL, '', '2023-05-13 08:10:02.768', NULL, 99, NULL);
INSERT INTO `ACT_RE_DEPLOYMENT` VALUES ('903c469d-f898-11ed-a1b5-005056c00001', 'SpringAutoDeployment', NULL, NULL, '', '2023-05-22 12:02:45.670', NULL, 162, NULL);
INSERT INTO `ACT_RE_DEPLOYMENT` VALUES ('907a95b3-f0ab-11ed-853b-005056c00001', 'SpringAutoDeployment', NULL, NULL, '', '2023-05-12 09:58:37.233', NULL, 8, NULL);
INSERT INTO `ACT_RE_DEPLOYMENT` VALUES ('9138295b-f222-11ed-906e-005056c00001', 'SpringAutoDeployment', NULL, NULL, '', '2023-05-14 06:42:59.726', NULL, 113, NULL);
INSERT INTO `ACT_RE_DEPLOYMENT` VALUES ('9233e5fc-f0cd-11ed-85d2-005056c00001', 'SpringAutoDeployment', NULL, NULL, '', '2023-05-12 14:02:03.009', NULL, 21, NULL);
INSERT INTO `ACT_RE_DEPLOYMENT` VALUES ('9344e03f-f3e8-11ed-9751-005056c00001', 'SpringAutoDeployment', NULL, NULL, '', '2023-05-16 12:52:54.686', NULL, 143, NULL);
INSERT INTO `ACT_RE_DEPLOYMENT` VALUES ('9556c484-f4b6-11ed-92f0-005056c00001', 'SpringAutoDeployment', NULL, NULL, '', '2023-05-17 13:27:34.456', NULL, 145, NULL);
INSERT INTO `ACT_RE_DEPLOYMENT` VALUES ('959084b7-f238-11ed-b4d4-005056c00001', 'SpringAutoDeployment', NULL, NULL, '', '2023-05-14 09:20:35.946', NULL, 133, NULL);
INSERT INTO `ACT_RE_DEPLOYMENT` VALUES ('95f9eccb-fd62-11ed-8869-005056c00001', 'SpringAutoDeployment', NULL, NULL, '', '2023-05-28 14:18:58.290', NULL, 199, NULL);
INSERT INTO `ACT_RE_DEPLOYMENT` VALUES ('96c01104-f15f-11ed-a0a2-005056c00001', 'SpringAutoDeployment', NULL, NULL, '', '2023-05-13 07:27:17.148', NULL, 91, NULL);
INSERT INTO `ACT_RE_DEPLOYMENT` VALUES ('97ff4427-f21f-11ed-b51e-005056c00001', 'SpringAutoDeployment', NULL, NULL, '', '2023-05-14 06:21:42.596', NULL, 110, NULL);
INSERT INTO `ACT_RE_DEPLOYMENT` VALUES ('99d78195-f0ce-11ed-8e41-005056c00001', 'SpringAutoDeployment', NULL, NULL, '', '2023-05-12 14:09:25.321', NULL, 29, NULL);
INSERT INTO `ACT_RE_DEPLOYMENT` VALUES ('9a014f67-fd63-11ed-b93c-005056c00001', 'SpringAutoDeployment', NULL, NULL, '', '2023-05-28 14:26:14.545', NULL, 201, NULL);
INSERT INTO `ACT_RE_DEPLOYMENT` VALUES ('9cffe6c9-f897-11ed-b9b4-005056c00001', 'SpringAutoDeployment', NULL, NULL, '', '2023-05-22 11:55:57.587', NULL, 158, NULL);
INSERT INTO `ACT_RE_DEPLOYMENT` VALUES ('9d0589ff-f165-11ed-965a-005056c00001', 'SpringAutoDeployment', NULL, NULL, '', '2023-05-13 08:10:24.649', NULL, 100, NULL);
INSERT INTO `ACT_RE_DEPLOYMENT` VALUES ('9e8d1998-f153-11ed-820d-005056c00001', 'SpringAutoDeployment', NULL, NULL, '', '2023-05-13 06:01:36.277', NULL, 76, NULL);
INSERT INTO `ACT_RE_DEPLOYMENT` VALUES ('9f3af61c-f15c-11ed-a63f-005056c00001', 'SpringAutoDeployment', NULL, NULL, '', '2023-05-13 07:06:02.884', NULL, 86, NULL);
INSERT INTO `ACT_RE_DEPLOYMENT` VALUES ('a1483915-f161-11ed-9417-005056c00001', 'SpringAutoDeployment', NULL, NULL, '', '2023-05-13 07:41:53.811', NULL, 96, NULL);
INSERT INTO `ACT_RE_DEPLOYMENT` VALUES ('a164aa47-fd60-11ed-a983-005056c00001', 'SpringAutoDeployment', NULL, NULL, '', '2023-05-28 14:04:58.450', NULL, 196, NULL);
INSERT INTO `ACT_RE_DEPLOYMENT` VALUES ('a17e9bfc-f563-11ed-9f6b-005056c00001', 'SpringAutoDeployment', NULL, NULL, '', '2023-05-18 10:06:17.800', NULL, 152, NULL);
INSERT INTO `ACT_RE_DEPLOYMENT` VALUES ('a2c26a45-f0cf-11ed-8dd7-005056c00001', 'SpringAutoDeployment', NULL, NULL, '', '2023-05-12 14:16:49.778', NULL, 40, NULL);
INSERT INTO `ACT_RE_DEPLOYMENT` VALUES ('a2f70c52-f15f-11ed-9c22-005056c00001', 'SpringAutoDeployment', NULL, NULL, '', '2023-05-13 07:27:37.644', NULL, 92, NULL);
INSERT INTO `ACT_RE_DEPLOYMENT` VALUES ('a561910e-f0cd-11ed-9777-005056c00001', 'SpringAutoDeployment', NULL, NULL, '', '2023-05-12 14:02:35.185', NULL, 22, NULL);
INSERT INTO `ACT_RE_DEPLOYMENT` VALUES ('a76d477d-fa14-11ed-b3a3-005056c00001', 'SpringAutoDeployment', NULL, NULL, '', '2023-05-24 09:23:33.332', NULL, 171, NULL);
INSERT INTO `ACT_RE_DEPLOYMENT` VALUES ('a815a82f-fd61-11ed-86a1-005056c00001', 'SpringAutoDeployment', NULL, NULL, '', '2023-05-28 14:12:19.173', NULL, 197, NULL);
INSERT INTO `ACT_RE_DEPLOYMENT` VALUES ('a86be309-f0ab-11ed-abfb-005056c00001', 'SpringAutoDeployment', NULL, NULL, '', '2023-05-12 09:59:17.401', NULL, 9, NULL);
INSERT INTO `ACT_RE_DEPLOYMENT` VALUES ('a89554cc-f15b-11ed-b05f-005056c00001', 'SpringAutoDeployment', NULL, NULL, '', '2023-05-13 06:59:09.081', NULL, 80, NULL);
INSERT INTO `ACT_RE_DEPLOYMENT` VALUES ('a8d6fe9e-f0cc-11ed-8b27-005056c00001', 'SpringAutoDeployment', NULL, NULL, '', '2023-05-12 13:55:31.494', NULL, 16, NULL);
INSERT INTO `ACT_RE_DEPLOYMENT` VALUES ('aa85810e-f15a-11ed-990c-005056c00001', 'SpringAutoDeployment', NULL, NULL, '', '2023-05-13 06:52:02.838', NULL, 78, NULL);
INSERT INTO `ACT_RE_DEPLOYMENT` VALUES ('aab28818-f222-11ed-8104-005056c00001', 'SpringAutoDeployment', NULL, NULL, '', '2023-05-14 06:43:42.474', NULL, 114, NULL);
INSERT INTO `ACT_RE_DEPLOYMENT` VALUES ('ab5a14ad-f0ce-11ed-8b41-005056c00001', 'SpringAutoDeployment', NULL, NULL, '', '2023-05-12 14:09:54.699', NULL, 30, NULL);
INSERT INTO `ACT_RE_DEPLOYMENT` VALUES ('abf732d0-f0be-11ed-a47e-005056c00001', 'SpringAutoDeployment', NULL, NULL, '', '2023-05-12 12:15:23.785', NULL, 11, NULL);
INSERT INTO `ACT_RE_DEPLOYMENT` VALUES ('b3344e0f-f13a-11ed-bc1a-005056c00001', 'SpringAutoDeployment', NULL, NULL, '', '2023-05-13 03:03:13.499', NULL, 51, NULL);
INSERT INTO `ACT_RE_DEPLOYMENT` VALUES ('b3ea4ca8-f70f-11ed-a66d-005056c00001', 'SpringAutoDeployment', NULL, NULL, '', '2023-05-20 13:10:33.312', NULL, 155, NULL);
INSERT INTO `ACT_RE_DEPLOYMENT` VALUES ('b4b5af43-f165-11ed-96f2-005056c00001', 'SpringAutoDeployment', NULL, NULL, '', '2023-05-13 08:11:04.391', NULL, 101, NULL);
INSERT INTO `ACT_RE_DEPLOYMENT` VALUES ('b55a8970-f13a-11ed-bc1a-005056c00001', '', NULL, NULL, '', '2023-05-13 03:03:17.136', NULL, 1, NULL);
INSERT INTO `ACT_RE_DEPLOYMENT` VALUES ('b699d120-f22c-11ed-bced-005056c00001', 'SpringAutoDeployment', NULL, NULL, '', '2023-05-14 07:55:37.409', NULL, 119, NULL);
INSERT INTO `ACT_RE_DEPLOYMENT` VALUES ('b98a6536-f0cd-11ed-a5e8-005056c00001', 'SpringAutoDeployment', NULL, NULL, '', '2023-05-12 14:03:09.005', NULL, 23, NULL);
INSERT INTO `ACT_RE_DEPLOYMENT` VALUES ('ba24ba73-f898-11ed-a054-005056c00001', 'SpringAutoDeployment', NULL, NULL, '', '2023-05-22 12:03:55.978', NULL, 163, NULL);
INSERT INTO `ACT_RE_DEPLOYMENT` VALUES ('ba2e782c-f0ce-11ed-9943-005056c00001', 'SpringAutoDeployment', NULL, NULL, '', '2023-05-12 14:10:19.577', NULL, 31, NULL);
INSERT INTO `ACT_RE_DEPLOYMENT` VALUES ('bae0fe38-fae7-11ed-919b-005056c00001', 'SpringAutoDeployment', NULL, NULL, '', '2023-05-25 10:34:29.771', NULL, 175, NULL);
INSERT INTO `ACT_RE_DEPLOYMENT` VALUES ('bb9ed08b-f3de-11ed-a18b-005056c00001', 'SpringAutoDeployment', NULL, NULL, '', '2023-05-16 11:42:27.407', NULL, 142, NULL);
INSERT INTO `ACT_RE_DEPLOYMENT` VALUES ('bccc2afb-f222-11ed-a4d3-005056c00001', 'SpringAutoDeployment', NULL, NULL, '', '2023-05-14 06:44:12.843', NULL, 115, NULL);
INSERT INTO `ACT_RE_DEPLOYMENT` VALUES ('bd19bafa-f0cf-11ed-8b93-005056c00001', 'SpringAutoDeployment', NULL, NULL, '', '2023-05-12 14:17:33.971', NULL, 41, NULL);
INSERT INTO `ACT_RE_DEPLOYMENT` VALUES ('bd8e2fa9-fc87-11ed-8ab6-005056c00001', 'SpringAutoDeployment', NULL, NULL, '', '2023-05-27 12:12:24.909', NULL, 185, NULL);
INSERT INTO `ACT_RE_DEPLOYMENT` VALUES ('be1bfc12-f161-11ed-b544-005056c00001', 'SpringAutoDeployment', NULL, NULL, '', '2023-05-13 07:42:42.176', NULL, 97, NULL);
INSERT INTO `ACT_RE_DEPLOYMENT` VALUES ('be7901cd-f15c-11ed-890c-005056c00001', 'SpringAutoDeployment', NULL, NULL, '', '2023-05-13 07:06:55.305', NULL, 87, NULL);
INSERT INTO `ACT_RE_DEPLOYMENT` VALUES ('bec025e7-fd5e-11ed-9fce-005056c00001', 'SpringAutoDeployment', NULL, NULL, '', '2023-05-28 13:51:28.707', NULL, 195, NULL);
INSERT INTO `ACT_RE_DEPLOYMENT` VALUES ('bf695360-fa03-11ed-8fd8-005056c00001', 'SpringAutoDeployment', NULL, NULL, '', '2023-05-24 07:22:32.116', NULL, 167, NULL);
INSERT INTO `ACT_RE_DEPLOYMENT` VALUES ('c3854ca3-f892-11ed-893a-005056c00001', 'SpringAutoDeployment', NULL, NULL, '', '2023-05-22 11:21:14.716', NULL, 156, NULL);
INSERT INTO `ACT_RE_DEPLOYMENT` VALUES ('c499d48a-f165-11ed-b625-005056c00001', 'SpringAutoDeployment', NULL, NULL, '', '2023-05-13 08:11:31.050', NULL, 102, NULL);
INSERT INTO `ACT_RE_DEPLOYMENT` VALUES ('c4da0184-faf0-11ed-913a-005056c00001', 'SpringAutoDeployment', NULL, NULL, '', '2023-05-25 11:39:11.983', NULL, 179, NULL);
INSERT INTO `ACT_RE_DEPLOYMENT` VALUES ('c4e9be16-f0ab-11ed-bc7f-005056c00001', 'SpringAutoDeployment', NULL, NULL, '', '2023-05-12 10:00:05.201', NULL, 10, NULL);
INSERT INTO `ACT_RE_DEPLOYMENT` VALUES ('c576019f-fd66-11ed-9d39-005056c00001', 'SpringAutoDeployment', NULL, NULL, '', '2023-05-28 14:48:55.937', NULL, 207, NULL);
INSERT INTO `ACT_RE_DEPLOYMENT` VALUES ('c83d6ccd-f15b-11ed-a35c-005056c00001', 'SpringAutoDeployment', NULL, NULL, '', '2023-05-13 07:00:02.194', NULL, 81, NULL);
INSERT INTO `ACT_RE_DEPLOYMENT` VALUES ('c92a4d63-fc96-11ed-b45a-005056c00001', 'SpringAutoDeployment', NULL, NULL, '', '2023-05-27 14:00:06.839', NULL, 187, NULL);
INSERT INTO `ACT_RE_DEPLOYMENT` VALUES ('c9451138-fa14-11ed-9f65-005056c00001', 'SpringAutoDeployment', NULL, NULL, '', '2023-05-24 09:24:30.104', NULL, 172, NULL);
INSERT INTO `ACT_RE_DEPLOYMENT` VALUES ('c9763dd8-f15f-11ed-86c2-005056c00001', 'SpringAutoDeployment', NULL, NULL, '', '2023-05-13 07:28:42.224', NULL, 93, NULL);
INSERT INTO `ACT_RE_DEPLOYMENT` VALUES ('caabc332-f0be-11ed-ab1f-005056c00001', 'SpringAutoDeployment', NULL, NULL, '', '2023-05-12 12:16:15.301', NULL, 12, NULL);
INSERT INTO `ACT_RE_DEPLOYMENT` VALUES ('cae4b009-f0cd-11ed-998c-005056c00001', 'SpringAutoDeployment', NULL, NULL, '', '2023-05-12 14:03:38.120', NULL, 24, NULL);
INSERT INTO `ACT_RE_DEPLOYMENT` VALUES ('cc4d5a04-f073-11ed-9cd3-005056c00001', 'SpringAutoDeployment', NULL, NULL, '', '2023-05-12 03:19:25.785', NULL, 1, NULL);
INSERT INTO `ACT_RE_DEPLOYMENT` VALUES ('ce555add-f0cf-11ed-bba6-005056c00001', 'SpringAutoDeployment', NULL, NULL, '', '2023-05-12 14:18:02.883', NULL, 42, NULL);
INSERT INTO `ACT_RE_DEPLOYMENT` VALUES ('cefb7edd-f2ee-11ed-bf04-005056c00001', 'SpringAutoDeployment', NULL, NULL, '', '2023-05-15 07:05:00.684', NULL, 135, NULL);
INSERT INTO `ACT_RE_DEPLOYMENT` VALUES ('d55bd6c1-f165-11ed-9d60-005056c00001', 'SpringAutoDeployment', NULL, NULL, '', '2023-05-13 08:11:59.169', NULL, 103, NULL);
INSERT INTO `ACT_RE_DEPLOYMENT` VALUES ('d5a0bbaf-fc99-11ed-ad6a-005056c00001', 'SpringAutoDeployment', NULL, NULL, '', '2023-05-27 14:21:56.239', NULL, 190, NULL);
INSERT INTO `ACT_RE_DEPLOYMENT` VALUES ('d7443758-f4c5-11ed-81b3-005056c00001', 'SpringAutoDeployment', NULL, NULL, '', '2023-05-17 15:16:47.540', NULL, 147, NULL);
INSERT INTO `ACT_RE_DEPLOYMENT` VALUES ('d75386b8-f14b-11ed-a61d-005056c00001', 'SpringAutoDeployment', NULL, NULL, '', '2023-05-13 05:05:55.564', NULL, 64, NULL);
INSERT INTO `ACT_RE_DEPLOYMENT` VALUES ('de979eef-f22a-11ed-9dae-005056c00001', 'SpringAutoDeployment', NULL, NULL, '', '2023-05-14 07:42:25.508', NULL, 116, NULL);
INSERT INTO `ACT_RE_DEPLOYMENT` VALUES ('dea4b85b-fd63-11ed-ac57-005056c00001', 'SpringAutoDeployment', NULL, NULL, '', '2023-05-28 14:28:09.701', NULL, 202, NULL);
INSERT INTO `ACT_RE_DEPLOYMENT` VALUES ('df01aa0b-fc98-11ed-b9c4-005056c00001', 'SpringAutoDeployment', NULL, NULL, '', '2023-05-27 14:15:02.475', NULL, 188, NULL);
INSERT INTO `ACT_RE_DEPLOYMENT` VALUES ('df1b2266-f0ce-11ed-9b24-005056c00001', 'SpringAutoDeployment', NULL, NULL, '', '2023-05-12 14:11:21.526', NULL, 32, NULL);
INSERT INTO `ACT_RE_DEPLOYMENT` VALUES ('df2f767d-f15f-11ed-877f-005056c00001', 'SpringAutoDeployment', NULL, NULL, '', '2023-05-13 07:29:18.670', NULL, 94, NULL);
INSERT INTO `ACT_RE_DEPLOYMENT` VALUES ('e19133d2-f13a-11ed-8b44-005056c00001', 'SpringAutoDeployment', NULL, NULL, '', '2023-05-13 03:04:31.294', NULL, 52, NULL);
INSERT INTO `ACT_RE_DEPLOYMENT` VALUES ('e1b1395b-f14c-11ed-a773-005056c00001', 'SpringAutoDeployment', NULL, NULL, '', '2023-05-13 05:13:22.447', NULL, 65, NULL);
INSERT INTO `ACT_RE_DEPLOYMENT` VALUES ('e430d071-f0be-11ed-804a-005056c00001', 'SpringAutoDeployment', NULL, NULL, '', '2023-05-12 12:16:58.115', NULL, 13, NULL);
INSERT INTO `ACT_RE_DEPLOYMENT` VALUES ('e5933b80-f220-11ed-9f54-005056c00001', 'SpringAutoDeployment', NULL, NULL, '', '2023-05-14 06:31:02.250', NULL, 111, NULL);
INSERT INTO `ACT_RE_DEPLOYMENT` VALUES ('e707c616-f2fc-11ed-8530-005056c00001', 'SpringAutoDeployment', NULL, NULL, '', '2023-05-15 08:45:53.982', NULL, 141, NULL);
INSERT INTO `ACT_RE_DEPLOYMENT` VALUES ('e7a90ce1-f165-11ed-b7fc-005056c00001', 'SpringAutoDeployment', NULL, NULL, '', '2023-05-13 08:12:29.874', NULL, 104, NULL);
INSERT INTO `ACT_RE_DEPLOYMENT` VALUES ('e7eb49b7-f22d-11ed-9b51-005056c00001', 'SpringAutoDeployment', NULL, NULL, '', '2023-05-14 08:04:09.647', NULL, 120, NULL);
INSERT INTO `ACT_RE_DEPLOYMENT` VALUES ('ea784360-f0cf-11ed-82dd-005056c00001', 'SpringAutoDeployment', NULL, NULL, '', '2023-05-12 14:18:50.087', NULL, 43, NULL);
INSERT INTO `ACT_RE_DEPLOYMENT` VALUES ('eb293bcf-f093-11ed-a8c1-005056c00001', 'SpringAutoDeployment', NULL, NULL, '', '2023-05-12 07:09:21.453', NULL, 3, NULL);
INSERT INTO `ACT_RE_DEPLOYMENT` VALUES ('eb369250-f13b-11ed-aa82-005056c00001', 'SpringAutoDeployment', NULL, NULL, '', '2023-05-13 03:11:56.977', NULL, 54, NULL);
INSERT INTO `ACT_RE_DEPLOYMENT` VALUES ('ec359d9e-fa14-11ed-a0b3-005056c00001', 'SpringAutoDeployment', NULL, NULL, '', '2023-05-24 09:25:28.731', NULL, 173, NULL);
INSERT INTO `ACT_RE_DEPLOYMENT` VALUES ('ecf5f567-f0cc-11ed-8c28-005056c00001', 'SpringAutoDeployment', NULL, NULL, '', '2023-05-12 13:57:25.779', NULL, 17, NULL);
INSERT INTO `ACT_RE_DEPLOYMENT` VALUES ('ed1f422c-f097-11ed-98ca-005056c00001', 'SpringAutoDeployment', NULL, NULL, '', '2023-05-12 07:38:02.727', NULL, 4, NULL);
INSERT INTO `ACT_RE_DEPLOYMENT` VALUES ('efac9eb8-f4c7-11ed-8205-005056c00001', 'SpringAutoDeployment', NULL, NULL, '', '2023-05-17 15:31:47.484', NULL, 150, NULL);
INSERT INTO `ACT_RE_DEPLOYMENT` VALUES ('f7c1a83c-f2f0-11ed-9377-005056c00001', 'SpringAutoDeployment', NULL, NULL, '', '2023-05-15 07:20:28.086', NULL, 138, NULL);
INSERT INTO `ACT_RE_DEPLOYMENT` VALUES ('f9d25101-f0cf-11ed-8e3a-005056c00001', 'SpringAutoDeployment', NULL, NULL, '', '2023-05-12 14:19:15.841', NULL, 44, NULL);
INSERT INTO `ACT_RE_DEPLOYMENT` VALUES ('fafed956-f165-11ed-b775-005056c00001', 'SpringAutoDeployment', NULL, NULL, '', '2023-05-13 08:13:02.308', NULL, 105, NULL);
INSERT INTO `ACT_RE_DEPLOYMENT` VALUES ('fd694993-f2ed-11ed-b09f-005056c00001', 'SpringAutoDeployment', NULL, NULL, '', '2023-05-15 06:59:09.064', NULL, 134, NULL);
INSERT INTO `ACT_RE_DEPLOYMENT` VALUES ('fe6edd2b-f22a-11ed-8235-005056c00001', 'SpringAutoDeployment', NULL, NULL, '', '2023-05-14 07:43:18.925', NULL, 117, NULL);

-- ----------------------------
-- Table structure for ACT_RE_MODEL
-- ----------------------------
DROP TABLE IF EXISTS `ACT_RE_MODEL`;
CREATE TABLE `ACT_RE_MODEL`  (
  `ID_` varchar(64) CHARACTER SET utf8 COLLATE utf8_bin NOT NULL,
  `REV_` int NULL DEFAULT NULL,
  `NAME_` varchar(255) CHARACTER SET utf8 COLLATE utf8_bin NULL DEFAULT NULL,
  `KEY_` varchar(255) CHARACTER SET utf8 COLLATE utf8_bin NULL DEFAULT NULL,
  `CATEGORY_` varchar(255) CHARACTER SET utf8 COLLATE utf8_bin NULL DEFAULT NULL,
  `CREATE_TIME_` timestamp(3) NULL DEFAULT NULL,
  `LAST_UPDATE_TIME_` timestamp(3) NULL DEFAULT NULL,
  `VERSION_` int NULL DEFAULT NULL,
  `META_INFO_` varchar(4000) CHARACTER SET utf8 COLLATE utf8_bin NULL DEFAULT NULL,
  `DEPLOYMENT_ID_` varchar(64) CHARACTER SET utf8 COLLATE utf8_bin NULL DEFAULT NULL,
  `EDITOR_SOURCE_VALUE_ID_` varchar(64) CHARACTER SET utf8 COLLATE utf8_bin NULL DEFAULT NULL,
  `EDITOR_SOURCE_EXTRA_VALUE_ID_` varchar(64) CHARACTER SET utf8 COLLATE utf8_bin NULL DEFAULT NULL,
  `TENANT_ID_` varchar(255) CHARACTER SET utf8 COLLATE utf8_bin NULL DEFAULT '',
  PRIMARY KEY (`ID_`) USING BTREE,
  INDEX `ACT_FK_MODEL_SOURCE`(`EDITOR_SOURCE_VALUE_ID_` ASC) USING BTREE,
  INDEX `ACT_FK_MODEL_SOURCE_EXTRA`(`EDITOR_SOURCE_EXTRA_VALUE_ID_` ASC) USING BTREE,
  INDEX `ACT_FK_MODEL_DEPLOYMENT`(`DEPLOYMENT_ID_` ASC) USING BTREE,
  CONSTRAINT `ACT_FK_MODEL_DEPLOYMENT` FOREIGN KEY (`DEPLOYMENT_ID_`) REFERENCES `ACT_RE_DEPLOYMENT` (`ID_`) ON DELETE RESTRICT ON UPDATE RESTRICT,
  CONSTRAINT `ACT_FK_MODEL_SOURCE` FOREIGN KEY (`EDITOR_SOURCE_VALUE_ID_`) REFERENCES `ACT_GE_BYTEARRAY` (`ID_`) ON DELETE RESTRICT ON UPDATE RESTRICT,
  CONSTRAINT `ACT_FK_MODEL_SOURCE_EXTRA` FOREIGN KEY (`EDITOR_SOURCE_EXTRA_VALUE_ID_`) REFERENCES `ACT_GE_BYTEARRAY` (`ID_`) ON DELETE RESTRICT ON UPDATE RESTRICT
) ENGINE = InnoDB CHARACTER SET = utf8 COLLATE = utf8_bin ROW_FORMAT = Dynamic;

-- ----------------------------
-- Records of ACT_RE_MODEL
-- ----------------------------

-- ----------------------------
-- Table structure for ACT_RE_PROCDEF
-- ----------------------------
DROP TABLE IF EXISTS `ACT_RE_PROCDEF`;
CREATE TABLE `ACT_RE_PROCDEF`  (
  `ID_` varchar(64) CHARACTER SET utf8 COLLATE utf8_bin NOT NULL,
  `REV_` int NULL DEFAULT NULL,
  `CATEGORY_` varchar(255) CHARACTER SET utf8 COLLATE utf8_bin NULL DEFAULT NULL,
  `NAME_` varchar(255) CHARACTER SET utf8 COLLATE utf8_bin NULL DEFAULT NULL,
  `KEY_` varchar(255) CHARACTER SET utf8 COLLATE utf8_bin NOT NULL,
  `VERSION_` int NOT NULL,
  `DEPLOYMENT_ID_` varchar(64) CHARACTER SET utf8 COLLATE utf8_bin NULL DEFAULT NULL,
  `RESOURCE_NAME_` varchar(4000) CHARACTER SET utf8 COLLATE utf8_bin NULL DEFAULT NULL,
  `DGRM_RESOURCE_NAME_` varchar(4000) CHARACTER SET utf8 COLLATE utf8_bin NULL DEFAULT NULL,
  `DESCRIPTION_` varchar(4000) CHARACTER SET utf8 COLLATE utf8_bin NULL DEFAULT NULL,
  `HAS_START_FORM_KEY_` tinyint NULL DEFAULT NULL,
  `HAS_GRAPHICAL_NOTATION_` tinyint NULL DEFAULT NULL,
  `SUSPENSION_STATE_` int NULL DEFAULT NULL,
  `TENANT_ID_` varchar(255) CHARACTER SET utf8 COLLATE utf8_bin NULL DEFAULT '',
  `ENGINE_VERSION_` varchar(255) CHARACTER SET utf8 COLLATE utf8_bin NULL DEFAULT NULL,
  `APP_VERSION_` int NULL DEFAULT NULL,
  PRIMARY KEY (`ID_`) USING BTREE,
  UNIQUE INDEX `ACT_UNIQ_PROCDEF`(`KEY_` ASC, `VERSION_` ASC, `TENANT_ID_` ASC) USING BTREE
) ENGINE = InnoDB CHARACTER SET = utf8 COLLATE = utf8_bin ROW_FORMAT = Dynamic;

-- ----------------------------
-- Records of ACT_RE_PROCDEF
-- ----------------------------
INSERT INTO `ACT_RE_PROCDEF` VALUES ('jiaban01:1:23c4f7ae-f14d-11ed-ae60-005056c00001', 1, 'http://www.activiti.org/processdef', NULL, 'jiaban01', 1, '23b7b13b-f14d-11ed-ae60-005056c00001', 'process/jiaban01.bpmn20.xml', NULL, NULL, 0, 1, 1, '', NULL, NULL);
INSERT INTO `ACT_RE_PROCDEF` VALUES ('jiaban02:1:69df889b-f153-11ed-8550-005056c00001', 1, 'http://www.activiti.org/processdef', NULL, 'jiaban02', 1, '69d1ccf8-f153-11ed-8550-005056c00001', 'process/jiaban02.bpmn20.xml', NULL, NULL, 0, 1, 1, '', NULL, NULL);
INSERT INTO `ACT_RE_PROCDEF` VALUES ('jiaban03:1:4edd57cf-f21f-11ed-afed-005056c00001', 1, 'http://www.activiti.org/processdef', NULL, 'jiaban03', 1, '4eceb1cc-f21f-11ed-afed-005056c00001', 'process/jiaban03.bpmn20.xml', NULL, NULL, 0, 1, 1, '', NULL, NULL);
INSERT INTO `ACT_RE_PROCDEF` VALUES ('jiaban:1:13b40520-f13c-11ed-8599-005056c00001', 1, 'http://www.activiti.org/processdef', NULL, 'jiaban', 1, '13a70ccd-f13c-11ed-8599-005056c00001', 'process/jiaban.bpmn20.xml', NULL, NULL, 0, 1, 1, '', NULL, NULL);
INSERT INTO `ACT_RE_PROCDEF` VALUES ('process:1:b5695683-f13a-11ed-bc1a-005056c00001', 1, 'http://www.activiti.org/processdef', NULL, 'process', 1, 'b55a8970-f13a-11ed-bc1a-005056c00001', 'process/jiaban.bpmn20.xml', NULL, NULL, 0, 1, 1, '', NULL, NULL);
INSERT INTO `ACT_RE_PROCDEF` VALUES ('qingjia01:1:00646b9f-f22b-11ed-8235-005056c00001', 1, 'http://www.activiti.org/processdef', NULL, 'qingjia01', 1, '005661dc-f22b-11ed-8235-005056c00001', 'process/qingjia01.bpmn20.xml', NULL, NULL, 0, 1, 1, '', NULL, NULL);
INSERT INTO `ACT_RE_PROCDEF` VALUES ('qingjia02:1:2cec2ff4-f238-11ed-a88e-005056c00001', 1, 'http://www.activiti.org/processdef', NULL, 'qingjia02', 1, '2cde4d41-f238-11ed-a88e-005056c00001', 'process/qingjia02.bpmn20.xml', NULL, NULL, 0, 1, 1, '', NULL, NULL);
INSERT INTO `ACT_RE_PROCDEF` VALUES ('qingjia:1:0dcd5d6c-f091-11ed-a994-005056c00001', 9, 'http://www.activiti.org/processdef', NULL, 'qingjia', 1, '0db20d39-f091-11ed-a994-005056c00001', 'process/qingjia.bpmn20.xml', NULL, NULL, 0, 1, 1, '', NULL, NULL);
INSERT INTO `ACT_RE_PROCDEF` VALUES ('qingjia:2:7e930d37-f8a2-11ed-af44-005056c00001', 1, 'http://www.activiti.org/processdef', NULL, 'qingjia', 2, '7e863bf5-f8a2-11ed-af44-005056c00001', 'qingjia.bpmn20.xml', NULL, NULL, 0, 1, 1, '', NULL, NULL);

-- ----------------------------
-- Table structure for ACT_RU_DEADLETTER_JOB
-- ----------------------------
DROP TABLE IF EXISTS `ACT_RU_DEADLETTER_JOB`;
CREATE TABLE `ACT_RU_DEADLETTER_JOB`  (
  `ID_` varchar(64) CHARACTER SET utf8 COLLATE utf8_bin NOT NULL,
  `REV_` int NULL DEFAULT NULL,
  `TYPE_` varchar(255) CHARACTER SET utf8 COLLATE utf8_bin NOT NULL,
  `EXCLUSIVE_` tinyint(1) NULL DEFAULT NULL,
  `EXECUTION_ID_` varchar(64) CHARACTER SET utf8 COLLATE utf8_bin NULL DEFAULT NULL,
  `PROCESS_INSTANCE_ID_` varchar(64) CHARACTER SET utf8 COLLATE utf8_bin NULL DEFAULT NULL,
  `PROC_DEF_ID_` varchar(64) CHARACTER SET utf8 COLLATE utf8_bin NULL DEFAULT NULL,
  `EXCEPTION_STACK_ID_` varchar(64) CHARACTER SET utf8 COLLATE utf8_bin NULL DEFAULT NULL,
  `EXCEPTION_MSG_` varchar(4000) CHARACTER SET utf8 COLLATE utf8_bin NULL DEFAULT NULL,
  `DUEDATE_` timestamp(3) NULL DEFAULT NULL,
  `REPEAT_` varchar(255) CHARACTER SET utf8 COLLATE utf8_bin NULL DEFAULT NULL,
  `HANDLER_TYPE_` varchar(255) CHARACTER SET utf8 COLLATE utf8_bin NULL DEFAULT NULL,
  `HANDLER_CFG_` varchar(4000) CHARACTER SET utf8 COLLATE utf8_bin NULL DEFAULT NULL,
  `TENANT_ID_` varchar(255) CHARACTER SET utf8 COLLATE utf8_bin NULL DEFAULT '',
  PRIMARY KEY (`ID_`) USING BTREE,
  INDEX `ACT_FK_DEADLETTER_JOB_EXECUTION`(`EXECUTION_ID_` ASC) USING BTREE,
  INDEX `ACT_FK_DEADLETTER_JOB_PROCESS_INSTANCE`(`PROCESS_INSTANCE_ID_` ASC) USING BTREE,
  INDEX `ACT_FK_DEADLETTER_JOB_PROC_DEF`(`PROC_DEF_ID_` ASC) USING BTREE,
  INDEX `ACT_FK_DEADLETTER_JOB_EXCEPTION`(`EXCEPTION_STACK_ID_` ASC) USING BTREE,
  CONSTRAINT `ACT_FK_DEADLETTER_JOB_EXCEPTION` FOREIGN KEY (`EXCEPTION_STACK_ID_`) REFERENCES `ACT_GE_BYTEARRAY` (`ID_`) ON DELETE RESTRICT ON UPDATE RESTRICT,
  CONSTRAINT `ACT_FK_DEADLETTER_JOB_EXECUTION` FOREIGN KEY (`EXECUTION_ID_`) REFERENCES `ACT_RU_EXECUTION` (`ID_`) ON DELETE RESTRICT ON UPDATE RESTRICT,
  CONSTRAINT `ACT_FK_DEADLETTER_JOB_PROC_DEF` FOREIGN KEY (`PROC_DEF_ID_`) REFERENCES `ACT_RE_PROCDEF` (`ID_`) ON DELETE RESTRICT ON UPDATE RESTRICT,
  CONSTRAINT `ACT_FK_DEADLETTER_JOB_PROCESS_INSTANCE` FOREIGN KEY (`PROCESS_INSTANCE_ID_`) REFERENCES `ACT_RU_EXECUTION` (`ID_`) ON DELETE RESTRICT ON UPDATE RESTRICT
) ENGINE = InnoDB CHARACTER SET = utf8 COLLATE = utf8_bin ROW_FORMAT = Dynamic;

-- ----------------------------
-- Records of ACT_RU_DEADLETTER_JOB
-- ----------------------------

-- ----------------------------
-- Table structure for ACT_RU_EVENT_SUBSCR
-- ----------------------------
DROP TABLE IF EXISTS `ACT_RU_EVENT_SUBSCR`;
CREATE TABLE `ACT_RU_EVENT_SUBSCR`  (
  `ID_` varchar(64) CHARACTER SET utf8 COLLATE utf8_bin NOT NULL,
  `REV_` int NULL DEFAULT NULL,
  `EVENT_TYPE_` varchar(255) CHARACTER SET utf8 COLLATE utf8_bin NOT NULL,
  `EVENT_NAME_` varchar(255) CHARACTER SET utf8 COLLATE utf8_bin NULL DEFAULT NULL,
  `EXECUTION_ID_` varchar(64) CHARACTER SET utf8 COLLATE utf8_bin NULL DEFAULT NULL,
  `PROC_INST_ID_` varchar(64) CHARACTER SET utf8 COLLATE utf8_bin NULL DEFAULT NULL,
  `ACTIVITY_ID_` varchar(64) CHARACTER SET utf8 COLLATE utf8_bin NULL DEFAULT NULL,
  `CONFIGURATION_` varchar(255) CHARACTER SET utf8 COLLATE utf8_bin NULL DEFAULT NULL,
  `CREATED_` timestamp(3) NOT NULL DEFAULT CURRENT_TIMESTAMP(3),
  `PROC_DEF_ID_` varchar(64) CHARACTER SET utf8 COLLATE utf8_bin NULL DEFAULT NULL,
  `TENANT_ID_` varchar(255) CHARACTER SET utf8 COLLATE utf8_bin NULL DEFAULT '',
  PRIMARY KEY (`ID_`) USING BTREE,
  INDEX `ACT_IDX_EVENT_SUBSCR_CONFIG_`(`CONFIGURATION_` ASC) USING BTREE,
  INDEX `ACT_FK_EVENT_EXEC`(`EXECUTION_ID_` ASC) USING BTREE,
  CONSTRAINT `ACT_FK_EVENT_EXEC` FOREIGN KEY (`EXECUTION_ID_`) REFERENCES `ACT_RU_EXECUTION` (`ID_`) ON DELETE RESTRICT ON UPDATE RESTRICT
) ENGINE = InnoDB CHARACTER SET = utf8 COLLATE = utf8_bin ROW_FORMAT = Dynamic;

-- ----------------------------
-- Records of ACT_RU_EVENT_SUBSCR
-- ----------------------------

-- ----------------------------
-- Table structure for ACT_RU_EXECUTION
-- ----------------------------
DROP TABLE IF EXISTS `ACT_RU_EXECUTION`;
CREATE TABLE `ACT_RU_EXECUTION`  (
  `ID_` varchar(64) CHARACTER SET utf8 COLLATE utf8_bin NOT NULL,
  `REV_` int NULL DEFAULT NULL,
  `PROC_INST_ID_` varchar(64) CHARACTER SET utf8 COLLATE utf8_bin NULL DEFAULT NULL,
  `BUSINESS_KEY_` varchar(255) CHARACTER SET utf8 COLLATE utf8_bin NULL DEFAULT NULL,
  `PARENT_ID_` varchar(64) CHARACTER SET utf8 COLLATE utf8_bin NULL DEFAULT NULL,
  `PROC_DEF_ID_` varchar(64) CHARACTER SET utf8 COLLATE utf8_bin NULL DEFAULT NULL,
  `SUPER_EXEC_` varchar(64) CHARACTER SET utf8 COLLATE utf8_bin NULL DEFAULT NULL,
  `ROOT_PROC_INST_ID_` varchar(64) CHARACTER SET utf8 COLLATE utf8_bin NULL DEFAULT NULL,
  `ACT_ID_` varchar(255) CHARACTER SET utf8 COLLATE utf8_bin NULL DEFAULT NULL,
  `IS_ACTIVE_` tinyint NULL DEFAULT NULL,
  `IS_CONCURRENT_` tinyint NULL DEFAULT NULL,
  `IS_SCOPE_` tinyint NULL DEFAULT NULL,
  `IS_EVENT_SCOPE_` tinyint NULL DEFAULT NULL,
  `IS_MI_ROOT_` tinyint NULL DEFAULT NULL,
  `SUSPENSION_STATE_` int NULL DEFAULT NULL,
  `CACHED_ENT_STATE_` int NULL DEFAULT NULL,
  `TENANT_ID_` varchar(255) CHARACTER SET utf8 COLLATE utf8_bin NULL DEFAULT '',
  `NAME_` varchar(255) CHARACTER SET utf8 COLLATE utf8_bin NULL DEFAULT NULL,
  `START_TIME_` datetime(3) NULL DEFAULT NULL,
  `START_USER_ID_` varchar(255) CHARACTER SET utf8 COLLATE utf8_bin NULL DEFAULT NULL,
  `LOCK_TIME_` timestamp(3) NULL DEFAULT NULL,
  `IS_COUNT_ENABLED_` tinyint NULL DEFAULT NULL,
  `EVT_SUBSCR_COUNT_` int NULL DEFAULT NULL,
  `TASK_COUNT_` int NULL DEFAULT NULL,
  `JOB_COUNT_` int NULL DEFAULT NULL,
  `TIMER_JOB_COUNT_` int NULL DEFAULT NULL,
  `SUSP_JOB_COUNT_` int NULL DEFAULT NULL,
  `DEADLETTER_JOB_COUNT_` int NULL DEFAULT NULL,
  `VAR_COUNT_` int NULL DEFAULT NULL,
  `ID_LINK_COUNT_` int NULL DEFAULT NULL,
  `APP_VERSION_` int NULL DEFAULT NULL,
  PRIMARY KEY (`ID_`) USING BTREE,
  INDEX `ACT_IDX_EXEC_BUSKEY`(`BUSINESS_KEY_` ASC) USING BTREE,
  INDEX `ACT_IDC_EXEC_ROOT`(`ROOT_PROC_INST_ID_` ASC) USING BTREE,
  INDEX `ACT_FK_EXE_PROCINST`(`PROC_INST_ID_` ASC) USING BTREE,
  INDEX `ACT_FK_EXE_PARENT`(`PARENT_ID_` ASC) USING BTREE,
  INDEX `ACT_FK_EXE_SUPER`(`SUPER_EXEC_` ASC) USING BTREE,
  INDEX `ACT_FK_EXE_PROCDEF`(`PROC_DEF_ID_` ASC) USING BTREE,
  CONSTRAINT `ACT_FK_EXE_PARENT` FOREIGN KEY (`PARENT_ID_`) REFERENCES `ACT_RU_EXECUTION` (`ID_`) ON DELETE CASCADE ON UPDATE RESTRICT,
  CONSTRAINT `ACT_FK_EXE_PROCDEF` FOREIGN KEY (`PROC_DEF_ID_`) REFERENCES `ACT_RE_PROCDEF` (`ID_`) ON DELETE RESTRICT ON UPDATE RESTRICT,
  CONSTRAINT `ACT_FK_EXE_PROCINST` FOREIGN KEY (`PROC_INST_ID_`) REFERENCES `ACT_RU_EXECUTION` (`ID_`) ON DELETE CASCADE ON UPDATE CASCADE,
  CONSTRAINT `ACT_FK_EXE_SUPER` FOREIGN KEY (`SUPER_EXEC_`) REFERENCES `ACT_RU_EXECUTION` (`ID_`) ON DELETE CASCADE ON UPDATE RESTRICT
) ENGINE = InnoDB CHARACTER SET = utf8 COLLATE = utf8_bin ROW_FORMAT = Dynamic;

-- ----------------------------
-- Records of ACT_RU_EXECUTION
-- ----------------------------
INSERT INTO `ACT_RU_EXECUTION` VALUES ('1c9989bf-fd62-11ed-99ea-005056c00001', 1, '1c9989bf-fd62-11ed-99ea-005056c00001', '5', NULL, 'qingjia:2:7e930d37-f8a2-11ed-af44-005056c00001', NULL, '1c9989bf-fd62-11ed-99ea-005056c00001', NULL, 1, 0, 1, 0, 0, 1, NULL, '', NULL, '2023-05-28 14:15:34.680', NULL, NULL, 0, 0, 0, 0, 0, 0, 0, 0, 0, NULL);
INSERT INTO `ACT_RU_EXECUTION` VALUES ('1c9a9b32-fd62-11ed-99ea-005056c00001', 1, '1c9989bf-fd62-11ed-99ea-005056c00001', NULL, '1c9989bf-fd62-11ed-99ea-005056c00001', 'qingjia:2:7e930d37-f8a2-11ed-af44-005056c00001', NULL, '1c9989bf-fd62-11ed-99ea-005056c00001', 'sid-5099375F-E4B1-43E8-A899-305C07C6C58A', 1, 0, 0, 0, 0, 1, NULL, '', NULL, '2023-05-28 14:15:34.687', NULL, NULL, 0, 0, 0, 0, 0, 0, 0, 0, 0, NULL);
INSERT INTO `ACT_RU_EXECUTION` VALUES ('34899133-f14d-11ed-a8aa-005056c00001', 1, '34899133-f14d-11ed-a8aa-005056c00001', NULL, NULL, 'jiaban01:1:23c4f7ae-f14d-11ed-ae60-005056c00001', NULL, '34899133-f14d-11ed-a8aa-005056c00001', NULL, 1, 0, 1, 0, 0, 1, NULL, '', NULL, '2023-05-13 05:15:41.456', NULL, NULL, 0, 0, 0, 0, 0, 0, 0, 0, 0, NULL);
INSERT INTO `ACT_RU_EXECUTION` VALUES ('348a0664-f14d-11ed-a8aa-005056c00001', 1, '34899133-f14d-11ed-a8aa-005056c00001', NULL, '34899133-f14d-11ed-a8aa-005056c00001', 'jiaban01:1:23c4f7ae-f14d-11ed-ae60-005056c00001', NULL, '34899133-f14d-11ed-a8aa-005056c00001', 'sid-D33466C2-09C7-4B83-9395-62B75B8150C9', 1, 0, 0, 0, 0, 1, NULL, '', NULL, '2023-05-13 05:15:41.459', NULL, NULL, 0, 0, 0, 0, 0, 0, 0, 0, 0, NULL);
INSERT INTO `ACT_RU_EXECUTION` VALUES ('366d2e4a-f13c-11ed-8457-005056c00001', 1, '366d2e4a-f13c-11ed-8457-005056c00001', NULL, NULL, 'jiaban:1:13b40520-f13c-11ed-8599-005056c00001', NULL, '366d2e4a-f13c-11ed-8457-005056c00001', NULL, 1, 0, 1, 0, 0, 1, NULL, '', NULL, '2023-05-13 03:14:03.181', NULL, NULL, 0, 0, 0, 0, 0, 0, 0, 0, 0, NULL);
INSERT INTO `ACT_RU_EXECUTION` VALUES ('366e18af-f13c-11ed-8457-005056c00001', 1, '366d2e4a-f13c-11ed-8457-005056c00001', NULL, '366d2e4a-f13c-11ed-8457-005056c00001', 'jiaban:1:13b40520-f13c-11ed-8599-005056c00001', NULL, '366d2e4a-f13c-11ed-8457-005056c00001', 'sid-D33466C2-09C7-4B83-9395-62B75B8150C9', 1, 0, 0, 0, 0, 1, NULL, '', NULL, '2023-05-13 03:14:03.187', NULL, NULL, 0, 0, 0, 0, 0, 0, 0, 0, 0, NULL);
INSERT INTO `ACT_RU_EXECUTION` VALUES ('3e5520a1-f238-11ed-b20a-005056c00001', 3, '3e5520a1-f238-11ed-b20a-005056c00001', NULL, NULL, 'qingjia02:1:2cec2ff4-f238-11ed-a88e-005056c00001', NULL, '3e5520a1-f238-11ed-b20a-005056c00001', NULL, 1, 0, 1, 0, 0, 1, NULL, '', NULL, '2023-05-14 09:18:09.621', NULL, NULL, 0, 0, 0, 0, 0, 0, 0, 0, 0, NULL);
INSERT INTO `ACT_RU_EXECUTION` VALUES ('3e576a95-f238-11ed-b20a-005056c00001', 2, '3e5520a1-f238-11ed-b20a-005056c00001', NULL, '3e5520a1-f238-11ed-b20a-005056c00001', 'qingjia02:1:2cec2ff4-f238-11ed-a88e-005056c00001', NULL, '3e5520a1-f238-11ed-b20a-005056c00001', 'sid-52EBA60E-4C9E-424D-A907-05A67E55D39E', 1, 0, 0, 0, 0, 1, NULL, '', NULL, '2023-05-14 09:18:09.636', NULL, NULL, 0, 0, 0, 0, 0, 0, 0, 0, 0, NULL);
INSERT INTO `ACT_RU_EXECUTION` VALUES ('4df0fe63-f22e-11ed-bf04-005056c00001', 1, '4df0fe63-f22e-11ed-bf04-005056c00001', NULL, NULL, 'qingjia01:1:00646b9f-f22b-11ed-8235-005056c00001', NULL, '4df0fe63-f22e-11ed-bf04-005056c00001', NULL, 1, 0, 1, 0, 0, 1, NULL, '', NULL, '2023-05-14 08:07:00.841', NULL, NULL, 0, 0, 0, 0, 0, 0, 0, 0, 0, NULL);
INSERT INTO `ACT_RU_EXECUTION` VALUES ('4df1c1b6-f22e-11ed-bf04-005056c00001', 1, '4df0fe63-f22e-11ed-bf04-005056c00001', NULL, '4df0fe63-f22e-11ed-bf04-005056c00001', 'qingjia01:1:00646b9f-f22b-11ed-8235-005056c00001', NULL, '4df0fe63-f22e-11ed-bf04-005056c00001', 'sid-6C493D98-E4D5-40C7-944D-389C5E79C35E', 1, 0, 0, 0, 0, 1, NULL, '', NULL, '2023-05-14 08:07:00.846', NULL, NULL, 0, 0, 0, 0, 0, 0, 0, 0, 0, NULL);
INSERT INTO `ACT_RU_EXECUTION` VALUES ('6af40571-fd63-11ed-92f4-005056c00001', 1, '6af40571-fd63-11ed-92f4-005056c00001', '7', NULL, 'qingjia:2:7e930d37-f8a2-11ed-af44-005056c00001', NULL, '6af40571-fd63-11ed-92f4-005056c00001', NULL, 1, 0, 1, 0, 0, 1, NULL, '', NULL, '2023-05-28 14:24:55.632', NULL, NULL, 0, 0, 0, 0, 0, 0, 0, 0, 0, NULL);
INSERT INTO `ACT_RU_EXECUTION` VALUES ('6af5da34-fd63-11ed-92f4-005056c00001', 1, '6af40571-fd63-11ed-92f4-005056c00001', NULL, '6af40571-fd63-11ed-92f4-005056c00001', 'qingjia:2:7e930d37-f8a2-11ed-af44-005056c00001', NULL, '6af40571-fd63-11ed-92f4-005056c00001', 'sid-5099375F-E4B1-43E8-A899-305C07C6C58A', 1, 0, 0, 0, 0, 1, NULL, '', NULL, '2023-05-28 14:24:55.644', NULL, NULL, 0, 0, 0, 0, 0, 0, 0, 0, 0, NULL);
INSERT INTO `ACT_RU_EXECUTION` VALUES ('6d54472b-fd64-11ed-b141-005056c00001', 1, '6d54472b-fd64-11ed-b141-005056c00001', '11', NULL, 'qingjia:2:7e930d37-f8a2-11ed-af44-005056c00001', NULL, '6d54472b-fd64-11ed-b141-005056c00001', NULL, 1, 0, 1, 0, 0, 1, NULL, '', NULL, '2023-05-28 14:32:09.115', NULL, NULL, 0, 0, 0, 0, 0, 0, 0, 0, 0, NULL);
INSERT INTO `ACT_RU_EXECUTION` VALUES ('6d54472e-fd64-11ed-b141-005056c00001', 2, '6d54472b-fd64-11ed-b141-005056c00001', NULL, '6d54472b-fd64-11ed-b141-005056c00001', 'qingjia:2:7e930d37-f8a2-11ed-af44-005056c00001', NULL, '6d54472b-fd64-11ed-b141-005056c00001', 'sid-5905F70C-E04A-47D4-8B74-3A612859AE83', 1, 0, 0, 0, 0, 1, NULL, '', NULL, '2023-05-28 14:32:09.115', NULL, NULL, 0, 0, 0, 0, 0, 0, 0, 0, 0, NULL);
INSERT INTO `ACT_RU_EXECUTION` VALUES ('7b539c56-f153-11ed-934b-005056c00001', 1, '7b539c56-f153-11ed-934b-005056c00001', NULL, NULL, 'jiaban02:1:69df889b-f153-11ed-8550-005056c00001', NULL, '7b539c56-f153-11ed-934b-005056c00001', NULL, 1, 0, 1, 0, 0, 1, NULL, '', NULL, '2023-05-13 06:00:37.201', NULL, NULL, 0, 0, 0, 0, 0, 0, 0, 0, 0, NULL);
INSERT INTO `ACT_RU_EXECUTION` VALUES ('7b53ea77-f153-11ed-934b-005056c00001', 1, '7b539c56-f153-11ed-934b-005056c00001', NULL, '7b539c56-f153-11ed-934b-005056c00001', 'jiaban02:1:69df889b-f153-11ed-8550-005056c00001', NULL, '7b539c56-f153-11ed-934b-005056c00001', 'sid-D33466C2-09C7-4B83-9395-62B75B8150C9', 1, 0, 0, 0, 0, 1, NULL, '', NULL, '2023-05-13 06:00:37.203', NULL, NULL, 0, 0, 0, 0, 0, 0, 0, 0, 0, NULL);
INSERT INTO `ACT_RU_EXECUTION` VALUES ('805573a7-f22c-11ed-842f-005056c00001', 1, '805573a7-f22c-11ed-842f-005056c00001', NULL, NULL, 'qingjia01:1:00646b9f-f22b-11ed-8235-005056c00001', NULL, '805573a7-f22c-11ed-842f-005056c00001', NULL, 1, 0, 1, 0, 0, 1, NULL, '', NULL, '2023-05-14 07:54:06.392', NULL, NULL, 0, 0, 0, 0, 0, 0, 0, 0, 0, NULL);
INSERT INTO `ACT_RU_EXECUTION` VALUES ('80560fea-f22c-11ed-842f-005056c00001', 2, '805573a7-f22c-11ed-842f-005056c00001', NULL, '805573a7-f22c-11ed-842f-005056c00001', 'qingjia01:1:00646b9f-f22b-11ed-8235-005056c00001', NULL, '805573a7-f22c-11ed-842f-005056c00001', 'sid-DDC2CF39-F04F-4B5D-B167-0EE7549E7F75', 1, 0, 0, 0, 0, 1, NULL, '', NULL, '2023-05-14 07:54:06.396', NULL, NULL, 0, 0, 0, 0, 0, 0, 0, 0, 0, NULL);
INSERT INTO `ACT_RU_EXECUTION` VALUES ('83125d6b-f21f-11ed-b425-005056c00001', 1, '83125d6b-f21f-11ed-b425-005056c00001', NULL, NULL, 'jiaban03:1:4edd57cf-f21f-11ed-afed-005056c00001', NULL, '83125d6b-f21f-11ed-b425-005056c00001', NULL, 1, 0, 1, 0, 0, 1, NULL, '', NULL, '2023-05-14 06:21:07.528', NULL, NULL, 0, 0, 0, 0, 0, 0, 0, 0, 0, NULL);
INSERT INTO `ACT_RU_EXECUTION` VALUES ('8312ab8c-f21f-11ed-b425-005056c00001', 2, '83125d6b-f21f-11ed-b425-005056c00001', NULL, '83125d6b-f21f-11ed-b425-005056c00001', 'jiaban03:1:4edd57cf-f21f-11ed-afed-005056c00001', NULL, '83125d6b-f21f-11ed-b425-005056c00001', 'sid-3FE49E43-9C04-44A7-A9F5-7001C5BB7ABA', 1, 0, 0, 0, 0, 1, NULL, '', NULL, '2023-05-14 06:21:07.530', NULL, NULL, 0, 0, 0, 0, 0, 0, 0, 0, 0, NULL);
INSERT INTO `ACT_RU_EXECUTION` VALUES ('8356bc99-f15f-11ed-8d61-005056c00001', 1, '8356bc99-f15f-11ed-8d61-005056c00001', NULL, NULL, 'jiaban:1:13b40520-f13c-11ed-8599-005056c00001', NULL, '8356bc99-f15f-11ed-8d61-005056c00001', NULL, 1, 0, 1, 0, 0, 1, NULL, '', NULL, '2023-05-13 07:26:44.604', NULL, NULL, 0, 0, 0, 0, 0, 0, 0, 0, 0, NULL);
INSERT INTO `ACT_RU_EXECUTION` VALUES ('83577fec-f15f-11ed-8d61-005056c00001', 2, '8356bc99-f15f-11ed-8d61-005056c00001', NULL, '8356bc99-f15f-11ed-8d61-005056c00001', 'jiaban:1:13b40520-f13c-11ed-8599-005056c00001', NULL, '8356bc99-f15f-11ed-8d61-005056c00001', 'sid-3FE49E43-9C04-44A7-A9F5-7001C5BB7ABA', 1, 0, 0, 0, 0, 1, NULL, '', NULL, '2023-05-13 07:26:44.609', NULL, NULL, 0, 0, 0, 0, 0, 0, 0, 0, 0, NULL);
INSERT INTO `ACT_RU_EXECUTION` VALUES ('84b55898-f8a6-11ed-af44-005056c00001', 1, '84b55898-f8a6-11ed-af44-005056c00001', '2', NULL, 'qingjia:2:7e930d37-f8a2-11ed-af44-005056c00001', NULL, '84b55898-f8a6-11ed-af44-005056c00001', NULL, 1, 0, 1, 0, 0, 1, NULL, '', NULL, '2023-05-22 13:42:39.309', NULL, NULL, 0, 0, 0, 0, 0, 0, 0, 0, 0, NULL);
INSERT INTO `ACT_RU_EXECUTION` VALUES ('84b642fb-f8a6-11ed-af44-005056c00001', 2, '84b55898-f8a6-11ed-af44-005056c00001', NULL, '84b55898-f8a6-11ed-af44-005056c00001', 'qingjia:2:7e930d37-f8a2-11ed-af44-005056c00001', NULL, '84b55898-f8a6-11ed-af44-005056c00001', 'sid-5905F70C-E04A-47D4-8B74-3A612859AE83', 1, 0, 0, 0, 0, 1, NULL, '', NULL, '2023-05-22 13:42:39.315', NULL, NULL, 0, 0, 0, 0, 0, 0, 0, 0, 0, NULL);
INSERT INTO `ACT_RU_EXECUTION` VALUES ('892a28f6-f15c-11ed-8187-005056c00001', 1, '892a28f6-f15c-11ed-8187-005056c00001', NULL, NULL, 'jiaban:1:13b40520-f13c-11ed-8599-005056c00001', NULL, '892a28f6-f15c-11ed-8187-005056c00001', NULL, 1, 0, 1, 0, 0, 1, NULL, '', NULL, '2023-05-13 07:05:25.888', NULL, NULL, 0, 0, 0, 0, 0, 0, 0, 0, 0, NULL);
INSERT INTO `ACT_RU_EXECUTION` VALUES ('892b3a6b-f15c-11ed-8187-005056c00001', 2, '892a28f6-f15c-11ed-8187-005056c00001', NULL, '892a28f6-f15c-11ed-8187-005056c00001', 'jiaban:1:13b40520-f13c-11ed-8599-005056c00001', NULL, '892a28f6-f15c-11ed-8187-005056c00001', 'sid-3FE49E43-9C04-44A7-A9F5-7001C5BB7ABA', 1, 0, 0, 0, 0, 1, NULL, '', NULL, '2023-05-13 07:05:25.895', NULL, NULL, 0, 0, 0, 0, 0, 0, 0, 0, 0, NULL);
INSERT INTO `ACT_RU_EXECUTION` VALUES ('91efb509-f165-11ed-a412-005056c00001', 1, '91efb509-f165-11ed-a412-005056c00001', NULL, NULL, 'jiaban:1:13b40520-f13c-11ed-8599-005056c00001', NULL, '91efb509-f165-11ed-a412-005056c00001', NULL, 1, 0, 1, 0, 0, 1, NULL, '', NULL, '2023-05-13 08:10:06.075', NULL, NULL, 0, 0, 0, 0, 0, 0, 0, 0, 0, NULL);
INSERT INTO `ACT_RU_EXECUTION` VALUES ('91f09f6e-f165-11ed-a412-005056c00001', 2, '91efb509-f165-11ed-a412-005056c00001', NULL, '91efb509-f165-11ed-a412-005056c00001', 'jiaban:1:13b40520-f13c-11ed-8599-005056c00001', NULL, '91efb509-f165-11ed-a412-005056c00001', 'sid-3FE49E43-9C04-44A7-A9F5-7001C5BB7ABA', 1, 0, 0, 0, 0, 1, NULL, '', NULL, '2023-05-13 08:10:06.081', NULL, NULL, 0, 0, 0, 0, 0, 0, 0, 0, 0, NULL);
INSERT INTO `ACT_RU_EXECUTION` VALUES ('aa8727cc-fd62-11ed-8869-005056c00001', 1, 'aa8727cc-fd62-11ed-8869-005056c00001', '6', NULL, 'qingjia:2:7e930d37-f8a2-11ed-af44-005056c00001', NULL, 'aa8727cc-fd62-11ed-8869-005056c00001', NULL, 1, 0, 1, 0, 0, 1, NULL, '', NULL, '2023-05-28 14:19:32.796', NULL, NULL, 0, 0, 0, 0, 0, 0, 0, 0, 0, NULL);
INSERT INTO `ACT_RU_EXECUTION` VALUES ('aa88875f-fd62-11ed-8869-005056c00001', 1, 'aa8727cc-fd62-11ed-8869-005056c00001', NULL, 'aa8727cc-fd62-11ed-8869-005056c00001', 'qingjia:2:7e930d37-f8a2-11ed-af44-005056c00001', NULL, 'aa8727cc-fd62-11ed-8869-005056c00001', 'sid-5099375F-E4B1-43E8-A899-305C07C6C58A', 1, 0, 0, 0, 0, 1, NULL, '', NULL, '2023-05-28 14:19:32.805', NULL, NULL, 0, 0, 0, 0, 0, 0, 0, 0, 0, NULL);
INSERT INTO `ACT_RU_EXECUTION` VALUES ('ac53b15f-f15a-11ed-990c-005056c00001', 1, 'ac53b15f-f15a-11ed-990c-005056c00001', NULL, NULL, 'jiaban:1:13b40520-f13c-11ed-8599-005056c00001', NULL, 'ac53b15f-f15a-11ed-990c-005056c00001', NULL, 1, 0, 1, 0, 0, 1, NULL, '', NULL, '2023-05-13 06:52:05.887', NULL, NULL, 0, 0, 0, 0, 0, 0, 0, 0, 0, NULL);
INSERT INTO `ACT_RU_EXECUTION` VALUES ('ac5474b4-f15a-11ed-990c-005056c00001', 2, 'ac53b15f-f15a-11ed-990c-005056c00001', NULL, 'ac53b15f-f15a-11ed-990c-005056c00001', 'jiaban:1:13b40520-f13c-11ed-8599-005056c00001', NULL, 'ac53b15f-f15a-11ed-990c-005056c00001', 'sid-3FE49E43-9C04-44A7-A9F5-7001C5BB7ABA', 1, 0, 0, 0, 0, 1, NULL, '', NULL, '2023-05-13 06:52:05.892', NULL, NULL, 0, 0, 0, 0, 0, 0, 0, 0, 0, NULL);
INSERT INTO `ACT_RU_EXECUTION` VALUES ('b17e8598-fd60-11ed-a983-005056c00001', 1, 'b17e8598-fd60-11ed-a983-005056c00001', '3', NULL, 'qingjia:2:7e930d37-f8a2-11ed-af44-005056c00001', NULL, 'b17e8598-fd60-11ed-a983-005056c00001', NULL, 1, 0, 1, 0, 0, 1, NULL, '', NULL, '2023-05-28 14:05:25.490', NULL, NULL, 0, 0, 0, 0, 0, 0, 0, 0, 0, NULL);
INSERT INTO `ACT_RU_EXECUTION` VALUES ('b17fbe1b-fd60-11ed-a983-005056c00001', 1, 'b17e8598-fd60-11ed-a983-005056c00001', NULL, 'b17e8598-fd60-11ed-a983-005056c00001', 'qingjia:2:7e930d37-f8a2-11ed-af44-005056c00001', NULL, 'b17e8598-fd60-11ed-a983-005056c00001', 'sid-5099375F-E4B1-43E8-A899-305C07C6C58A', 1, 0, 0, 0, 0, 1, NULL, '', NULL, '2023-05-28 14:05:25.498', NULL, NULL, 0, 0, 0, 0, 0, 0, 0, 0, 0, NULL);
INSERT INTO `ACT_RU_EXECUTION` VALUES ('b451ad10-fd61-11ed-86a1-005056c00001', 1, 'b451ad10-fd61-11ed-86a1-005056c00001', '4', NULL, 'qingjia:2:7e930d37-f8a2-11ed-af44-005056c00001', NULL, 'b451ad10-fd61-11ed-86a1-005056c00001', NULL, 1, 0, 1, 0, 0, 1, NULL, '', NULL, '2023-05-28 14:12:39.726', NULL, NULL, 0, 0, 0, 0, 0, 0, 0, 0, 0, NULL);
INSERT INTO `ACT_RU_EXECUTION` VALUES ('b452e593-fd61-11ed-86a1-005056c00001', 1, 'b451ad10-fd61-11ed-86a1-005056c00001', NULL, 'b451ad10-fd61-11ed-86a1-005056c00001', 'qingjia:2:7e930d37-f8a2-11ed-af44-005056c00001', NULL, 'b451ad10-fd61-11ed-86a1-005056c00001', 'sid-5099375F-E4B1-43E8-A899-305C07C6C58A', 1, 0, 0, 0, 0, 1, NULL, '', NULL, '2023-05-28 14:12:39.734', NULL, NULL, 0, 0, 0, 0, 0, 0, 0, 0, 0, NULL);
INSERT INTO `ACT_RU_EXECUTION` VALUES ('e998f602-f165-11ed-b7fc-005056c00001', 1, 'e998f602-f165-11ed-b7fc-005056c00001', NULL, NULL, 'jiaban:1:13b40520-f13c-11ed-8599-005056c00001', NULL, 'e998f602-f165-11ed-b7fc-005056c00001', NULL, 1, 0, 1, 0, 0, 1, NULL, '', NULL, '2023-05-13 08:12:33.146', NULL, NULL, 0, 0, 0, 0, 0, 0, 0, 0, 0, NULL);
INSERT INTO `ACT_RU_EXECUTION` VALUES ('e999b955-f165-11ed-b7fc-005056c00001', 2, 'e998f602-f165-11ed-b7fc-005056c00001', NULL, 'e998f602-f165-11ed-b7fc-005056c00001', 'jiaban:1:13b40520-f13c-11ed-8599-005056c00001', NULL, 'e998f602-f165-11ed-b7fc-005056c00001', 'sid-3FE49E43-9C04-44A7-A9F5-7001C5BB7ABA', 1, 0, 0, 0, 0, 1, NULL, '', NULL, '2023-05-13 08:12:33.151', NULL, NULL, 0, 0, 0, 0, 0, 0, 0, 0, 0, NULL);

-- ----------------------------
-- Table structure for ACT_RU_IDENTITYLINK
-- ----------------------------
DROP TABLE IF EXISTS `ACT_RU_IDENTITYLINK`;
CREATE TABLE `ACT_RU_IDENTITYLINK`  (
  `ID_` varchar(64) CHARACTER SET utf8 COLLATE utf8_bin NOT NULL,
  `REV_` int NULL DEFAULT NULL,
  `GROUP_ID_` varchar(255) CHARACTER SET utf8 COLLATE utf8_bin NULL DEFAULT NULL,
  `TYPE_` varchar(255) CHARACTER SET utf8 COLLATE utf8_bin NULL DEFAULT NULL,
  `USER_ID_` varchar(255) CHARACTER SET utf8 COLLATE utf8_bin NULL DEFAULT NULL,
  `TASK_ID_` varchar(64) CHARACTER SET utf8 COLLATE utf8_bin NULL DEFAULT NULL,
  `PROC_INST_ID_` varchar(64) CHARACTER SET utf8 COLLATE utf8_bin NULL DEFAULT NULL,
  `PROC_DEF_ID_` varchar(64) CHARACTER SET utf8 COLLATE utf8_bin NULL DEFAULT NULL,
  PRIMARY KEY (`ID_`) USING BTREE,
  INDEX `ACT_IDX_IDENT_LNK_USER`(`USER_ID_` ASC) USING BTREE,
  INDEX `ACT_IDX_IDENT_LNK_GROUP`(`GROUP_ID_` ASC) USING BTREE,
  INDEX `ACT_IDX_ATHRZ_PROCEDEF`(`PROC_DEF_ID_` ASC) USING BTREE,
  INDEX `ACT_FK_TSKASS_TASK`(`TASK_ID_` ASC) USING BTREE,
  INDEX `ACT_FK_IDL_PROCINST`(`PROC_INST_ID_` ASC) USING BTREE,
  CONSTRAINT `ACT_FK_ATHRZ_PROCEDEF` FOREIGN KEY (`PROC_DEF_ID_`) REFERENCES `ACT_RE_PROCDEF` (`ID_`) ON DELETE RESTRICT ON UPDATE RESTRICT,
  CONSTRAINT `ACT_FK_IDL_PROCINST` FOREIGN KEY (`PROC_INST_ID_`) REFERENCES `ACT_RU_EXECUTION` (`ID_`) ON DELETE RESTRICT ON UPDATE RESTRICT,
  CONSTRAINT `ACT_FK_TSKASS_TASK` FOREIGN KEY (`TASK_ID_`) REFERENCES `ACT_RU_TASK` (`ID_`) ON DELETE RESTRICT ON UPDATE RESTRICT
) ENGINE = InnoDB CHARACTER SET = utf8 COLLATE = utf8_bin ROW_FORMAT = Dynamic;

-- ----------------------------
-- Records of ACT_RU_IDENTITYLINK
-- ----------------------------
INSERT INTO `ACT_RU_IDENTITYLINK` VALUES ('09f56ded-f22e-11ed-b05f-005056c00001', 1, NULL, 'participant', 'xiaocui', NULL, '805573a7-f22c-11ed-842f-005056c00001', NULL);
INSERT INTO `ACT_RU_IDENTITYLINK` VALUES ('1c9eb9e8-fd62-11ed-99ea-005056c00001', 1, NULL, 'participant', 'zhang3', NULL, '1c9989bf-fd62-11ed-99ea-005056c00001', NULL);
INSERT INTO `ACT_RU_IDENTITYLINK` VALUES ('3490bd28-f14d-11ed-a8aa-005056c00001', 1, NULL, 'participant', 'lilei', NULL, '34899133-f14d-11ed-a8aa-005056c00001', NULL);
INSERT INTO `ACT_RU_IDENTITYLINK` VALUES ('36751d97-f13c-11ed-8457-005056c00001', 1, NULL, 'participant', 'lucy', NULL, '366d2e4a-f13c-11ed-8457-005056c00001', NULL);
INSERT INTO `ACT_RU_IDENTITYLINK` VALUES ('3e5b3b2a-f238-11ed-b20a-005056c00001', 1, NULL, 'participant', 'gouwa', NULL, '3e5520a1-f238-11ed-b20a-005056c00001', NULL);
INSERT INTO `ACT_RU_IDENTITYLINK` VALUES ('3e5b894b-f238-11ed-b20a-005056c00001', 1, NULL, 'participant', 'wang5', NULL, '3e5520a1-f238-11ed-b20a-005056c00001', NULL);
INSERT INTO `ACT_RU_IDENTITYLINK` VALUES ('4df7dc3d-f22e-11ed-bf04-005056c00001', 1, NULL, 'participant', 'gousheng', NULL, '4df0fe63-f22e-11ed-bf04-005056c00001', NULL);
INSERT INTO `ACT_RU_IDENTITYLINK` VALUES ('6afb0a5a-fd63-11ed-92f4-005056c00001', 1, NULL, 'participant', 'zhang3', NULL, '6af40571-fd63-11ed-92f4-005056c00001', NULL);
INSERT INTO `ACT_RU_IDENTITYLINK` VALUES ('6d549554-fd64-11ed-b141-005056c00001', 1, NULL, 'participant', 'zhang3', NULL, '6d54472b-fd64-11ed-b141-005056c00001', NULL);
INSERT INTO `ACT_RU_IDENTITYLINK` VALUES ('805cc6b1-f22c-11ed-842f-005056c00001', 1, NULL, 'participant', 'zhao6', NULL, '805573a7-f22c-11ed-842f-005056c00001', NULL);
INSERT INTO `ACT_RU_IDENTITYLINK` VALUES ('83198961-f21f-11ed-b425-005056c00001', 1, NULL, 'participant', 'tom01', NULL, '83125d6b-f21f-11ed-b425-005056c00001', NULL);
INSERT INTO `ACT_RU_IDENTITYLINK` VALUES ('83198963-f21f-11ed-b425-005056c00001', 1, NULL, 'participant', 'tom02', NULL, '83125d6b-f21f-11ed-b425-005056c00001', NULL);
INSERT INTO `ACT_RU_IDENTITYLINK` VALUES ('835c8902-f15f-11ed-8d61-005056c00001', 1, NULL, 'participant', 'lucy01', NULL, '8356bc99-f15f-11ed-8d61-005056c00001', NULL);
INSERT INTO `ACT_RU_IDENTITYLINK` VALUES ('84bcaba1-f8a6-11ed-af44-005056c00001', 1, NULL, 'participant', 'zhang3', NULL, '84b55898-f8a6-11ed-af44-005056c00001', NULL);
INSERT INTO `ACT_RU_IDENTITYLINK` VALUES ('893105d3-f15c-11ed-8187-005056c00001', 1, NULL, 'participant', 'lucy01', NULL, '892a28f6-f15c-11ed-8187-005056c00001', NULL);
INSERT INTO `ACT_RU_IDENTITYLINK` VALUES ('8ba04474-f238-11ed-a2d7-005056c00001', 1, NULL, 'participant', 'xiaoli', NULL, '3e5520a1-f238-11ed-b20a-005056c00001', NULL);
INSERT INTO `ACT_RU_IDENTITYLINK` VALUES ('90a9503e-fd66-11ed-8552-005056c00001', 1, NULL, 'participant', 'li4', NULL, '6d54472b-fd64-11ed-b141-005056c00001', NULL);
INSERT INTO `ACT_RU_IDENTITYLINK` VALUES ('91f7a456-f165-11ed-a412-005056c00001', 1, NULL, 'participant', 'lucy01', NULL, '91efb509-f165-11ed-a412-005056c00001', NULL);
INSERT INTO `ACT_RU_IDENTITYLINK` VALUES ('a4f91dec-f15f-11ed-9c22-005056c00001', 1, NULL, 'participant', 'zhao', NULL, '8356bc99-f15f-11ed-8d61-005056c00001', NULL);
INSERT INTO `ACT_RU_IDENTITYLINK` VALUES ('aa731586-f15b-11ed-b05f-005056c00001', 1, NULL, 'participant', 'mary01', NULL, 'ac53b15f-f15a-11ed-990c-005056c00001', NULL);
INSERT INTO `ACT_RU_IDENTITYLINK` VALUES ('aa8e7ad5-fd62-11ed-8869-005056c00001', 1, NULL, 'participant', 'zhang3', NULL, 'aa8727cc-fd62-11ed-8869-005056c00001', NULL);
INSERT INTO `ACT_RU_IDENTITYLINK` VALUES ('ac59a4dc-f15a-11ed-990c-005056c00001', 1, NULL, 'participant', 'lucy01', NULL, 'ac53b15f-f15a-11ed-990c-005056c00001', NULL);
INSERT INTO `ACT_RU_IDENTITYLINK` VALUES ('aca3a9bb-f222-11ed-8104-005056c00001', 1, NULL, 'candidate', 'rose01', 'aca1adea-f222-11ed-8104-005056c00001', NULL, NULL);
INSERT INTO `ACT_RU_IDENTITYLINK` VALUES ('aca41eec-f222-11ed-8104-005056c00001', 1, NULL, 'participant', 'rose01', NULL, '83125d6b-f21f-11ed-b425-005056c00001', NULL);
INSERT INTO `ACT_RU_IDENTITYLINK` VALUES ('aca41eed-f222-11ed-8104-005056c00001', 1, NULL, 'candidate', 'rose02', 'aca1adea-f222-11ed-8104-005056c00001', NULL, NULL);
INSERT INTO `ACT_RU_IDENTITYLINK` VALUES ('aca41eee-f222-11ed-8104-005056c00001', 1, NULL, 'participant', 'rose02', NULL, '83125d6b-f21f-11ed-b425-005056c00001', NULL);
INSERT INTO `ACT_RU_IDENTITYLINK` VALUES ('b184a021-fd60-11ed-a983-005056c00001', 1, NULL, 'participant', 'zhang3', NULL, 'b17e8598-fd60-11ed-a983-005056c00001', NULL);
INSERT INTO `ACT_RU_IDENTITYLINK` VALUES ('b456dd39-fd61-11ed-86a1-005056c00001', 1, NULL, 'participant', 'zhang3', NULL, 'b451ad10-fd61-11ed-86a1-005056c00001', NULL);
INSERT INTO `ACT_RU_IDENTITYLINK` VALUES ('b4e31f66-fa04-11ed-8fd8-005056c00001', 1, NULL, 'participant', 'li4', NULL, '84b55898-f8a6-11ed-af44-005056c00001', NULL);
INSERT INTO `ACT_RU_IDENTITYLINK` VALUES ('b6a2641d-f165-11ed-96f2-005056c00001', 1, NULL, 'participant', 'mary01', NULL, '91efb509-f165-11ed-a412-005056c00001', NULL);
INSERT INTO `ACT_RU_IDENTITYLINK` VALUES ('c0782d37-f15c-11ed-890c-005056c00001', 1, NULL, 'participant', 'mary01', NULL, '892a28f6-f15c-11ed-8187-005056c00001', NULL);
INSERT INTO `ACT_RU_IDENTITYLINK` VALUES ('e9a0701b-f165-11ed-b7fc-005056c00001', 1, NULL, 'participant', 'lucy01', NULL, 'e998f602-f165-11ed-b7fc-005056c00001', NULL);
INSERT INTO `ACT_RU_IDENTITYLINK` VALUES ('fd389cc0-f165-11ed-b775-005056c00001', 1, NULL, 'participant', 'zhao', NULL, 'e998f602-f165-11ed-b7fc-005056c00001', NULL);

-- ----------------------------
-- Table structure for ACT_RU_INTEGRATION
-- ----------------------------
DROP TABLE IF EXISTS `ACT_RU_INTEGRATION`;
CREATE TABLE `ACT_RU_INTEGRATION`  (
  `ID_` varchar(64) CHARACTER SET utf8 COLLATE utf8_bin NOT NULL,
  `EXECUTION_ID_` varchar(64) CHARACTER SET utf8 COLLATE utf8_bin NULL DEFAULT NULL,
  `PROCESS_INSTANCE_ID_` varchar(64) CHARACTER SET utf8 COLLATE utf8_bin NULL DEFAULT NULL,
  `PROC_DEF_ID_` varchar(64) CHARACTER SET utf8 COLLATE utf8_bin NULL DEFAULT NULL,
  `FLOW_NODE_ID_` varchar(64) CHARACTER SET utf8 COLLATE utf8_bin NULL DEFAULT NULL,
  `CREATED_DATE_` timestamp(3) NULL DEFAULT NULL,
  PRIMARY KEY (`ID_`) USING BTREE,
  INDEX `ACT_FK_INT_EXECUTION`(`EXECUTION_ID_` ASC) USING BTREE,
  INDEX `ACT_FK_INT_PROC_INST`(`PROCESS_INSTANCE_ID_` ASC) USING BTREE,
  INDEX `ACT_FK_INT_PROC_DEF`(`PROC_DEF_ID_` ASC) USING BTREE,
  CONSTRAINT `ACT_FK_INT_EXECUTION` FOREIGN KEY (`EXECUTION_ID_`) REFERENCES `ACT_RU_EXECUTION` (`ID_`) ON DELETE CASCADE ON UPDATE RESTRICT,
  CONSTRAINT `ACT_FK_INT_PROC_DEF` FOREIGN KEY (`PROC_DEF_ID_`) REFERENCES `ACT_RE_PROCDEF` (`ID_`) ON DELETE RESTRICT ON UPDATE RESTRICT,
  CONSTRAINT `ACT_FK_INT_PROC_INST` FOREIGN KEY (`PROCESS_INSTANCE_ID_`) REFERENCES `ACT_RU_EXECUTION` (`ID_`) ON DELETE RESTRICT ON UPDATE RESTRICT
) ENGINE = InnoDB CHARACTER SET = utf8 COLLATE = utf8_bin ROW_FORMAT = Dynamic;

-- ----------------------------
-- Records of ACT_RU_INTEGRATION
-- ----------------------------

-- ----------------------------
-- Table structure for ACT_RU_JOB
-- ----------------------------
DROP TABLE IF EXISTS `ACT_RU_JOB`;
CREATE TABLE `ACT_RU_JOB`  (
  `ID_` varchar(64) CHARACTER SET utf8 COLLATE utf8_bin NOT NULL,
  `REV_` int NULL DEFAULT NULL,
  `TYPE_` varchar(255) CHARACTER SET utf8 COLLATE utf8_bin NOT NULL,
  `LOCK_EXP_TIME_` timestamp(3) NULL DEFAULT NULL,
  `LOCK_OWNER_` varchar(255) CHARACTER SET utf8 COLLATE utf8_bin NULL DEFAULT NULL,
  `EXCLUSIVE_` tinyint(1) NULL DEFAULT NULL,
  `EXECUTION_ID_` varchar(64) CHARACTER SET utf8 COLLATE utf8_bin NULL DEFAULT NULL,
  `PROCESS_INSTANCE_ID_` varchar(64) CHARACTER SET utf8 COLLATE utf8_bin NULL DEFAULT NULL,
  `PROC_DEF_ID_` varchar(64) CHARACTER SET utf8 COLLATE utf8_bin NULL DEFAULT NULL,
  `RETRIES_` int NULL DEFAULT NULL,
  `EXCEPTION_STACK_ID_` varchar(64) CHARACTER SET utf8 COLLATE utf8_bin NULL DEFAULT NULL,
  `EXCEPTION_MSG_` varchar(4000) CHARACTER SET utf8 COLLATE utf8_bin NULL DEFAULT NULL,
  `DUEDATE_` timestamp(3) NULL DEFAULT NULL,
  `REPEAT_` varchar(255) CHARACTER SET utf8 COLLATE utf8_bin NULL DEFAULT NULL,
  `HANDLER_TYPE_` varchar(255) CHARACTER SET utf8 COLLATE utf8_bin NULL DEFAULT NULL,
  `HANDLER_CFG_` varchar(4000) CHARACTER SET utf8 COLLATE utf8_bin NULL DEFAULT NULL,
  `TENANT_ID_` varchar(255) CHARACTER SET utf8 COLLATE utf8_bin NULL DEFAULT '',
  PRIMARY KEY (`ID_`) USING BTREE,
  INDEX `ACT_FK_JOB_EXECUTION`(`EXECUTION_ID_` ASC) USING BTREE,
  INDEX `ACT_FK_JOB_PROCESS_INSTANCE`(`PROCESS_INSTANCE_ID_` ASC) USING BTREE,
  INDEX `ACT_FK_JOB_PROC_DEF`(`PROC_DEF_ID_` ASC) USING BTREE,
  INDEX `ACT_FK_JOB_EXCEPTION`(`EXCEPTION_STACK_ID_` ASC) USING BTREE,
  CONSTRAINT `ACT_FK_JOB_EXCEPTION` FOREIGN KEY (`EXCEPTION_STACK_ID_`) REFERENCES `ACT_GE_BYTEARRAY` (`ID_`) ON DELETE RESTRICT ON UPDATE RESTRICT,
  CONSTRAINT `ACT_FK_JOB_EXECUTION` FOREIGN KEY (`EXECUTION_ID_`) REFERENCES `ACT_RU_EXECUTION` (`ID_`) ON DELETE RESTRICT ON UPDATE RESTRICT,
  CONSTRAINT `ACT_FK_JOB_PROC_DEF` FOREIGN KEY (`PROC_DEF_ID_`) REFERENCES `ACT_RE_PROCDEF` (`ID_`) ON DELETE RESTRICT ON UPDATE RESTRICT,
  CONSTRAINT `ACT_FK_JOB_PROCESS_INSTANCE` FOREIGN KEY (`PROCESS_INSTANCE_ID_`) REFERENCES `ACT_RU_EXECUTION` (`ID_`) ON DELETE RESTRICT ON UPDATE RESTRICT
) ENGINE = InnoDB CHARACTER SET = utf8 COLLATE = utf8_bin ROW_FORMAT = Dynamic;

-- ----------------------------
-- Records of ACT_RU_JOB
-- ----------------------------

-- ----------------------------
-- Table structure for ACT_RU_SUSPENDED_JOB
-- ----------------------------
DROP TABLE IF EXISTS `ACT_RU_SUSPENDED_JOB`;
CREATE TABLE `ACT_RU_SUSPENDED_JOB`  (
  `ID_` varchar(64) CHARACTER SET utf8 COLLATE utf8_bin NOT NULL,
  `REV_` int NULL DEFAULT NULL,
  `TYPE_` varchar(255) CHARACTER SET utf8 COLLATE utf8_bin NOT NULL,
  `EXCLUSIVE_` tinyint(1) NULL DEFAULT NULL,
  `EXECUTION_ID_` varchar(64) CHARACTER SET utf8 COLLATE utf8_bin NULL DEFAULT NULL,
  `PROCESS_INSTANCE_ID_` varchar(64) CHARACTER SET utf8 COLLATE utf8_bin NULL DEFAULT NULL,
  `PROC_DEF_ID_` varchar(64) CHARACTER SET utf8 COLLATE utf8_bin NULL DEFAULT NULL,
  `RETRIES_` int NULL DEFAULT NULL,
  `EXCEPTION_STACK_ID_` varchar(64) CHARACTER SET utf8 COLLATE utf8_bin NULL DEFAULT NULL,
  `EXCEPTION_MSG_` varchar(4000) CHARACTER SET utf8 COLLATE utf8_bin NULL DEFAULT NULL,
  `DUEDATE_` timestamp(3) NULL DEFAULT NULL,
  `REPEAT_` varchar(255) CHARACTER SET utf8 COLLATE utf8_bin NULL DEFAULT NULL,
  `HANDLER_TYPE_` varchar(255) CHARACTER SET utf8 COLLATE utf8_bin NULL DEFAULT NULL,
  `HANDLER_CFG_` varchar(4000) CHARACTER SET utf8 COLLATE utf8_bin NULL DEFAULT NULL,
  `TENANT_ID_` varchar(255) CHARACTER SET utf8 COLLATE utf8_bin NULL DEFAULT '',
  PRIMARY KEY (`ID_`) USING BTREE,
  INDEX `ACT_FK_SUSPENDED_JOB_EXECUTION`(`EXECUTION_ID_` ASC) USING BTREE,
  INDEX `ACT_FK_SUSPENDED_JOB_PROCESS_INSTANCE`(`PROCESS_INSTANCE_ID_` ASC) USING BTREE,
  INDEX `ACT_FK_SUSPENDED_JOB_PROC_DEF`(`PROC_DEF_ID_` ASC) USING BTREE,
  INDEX `ACT_FK_SUSPENDED_JOB_EXCEPTION`(`EXCEPTION_STACK_ID_` ASC) USING BTREE,
  CONSTRAINT `ACT_FK_SUSPENDED_JOB_EXCEPTION` FOREIGN KEY (`EXCEPTION_STACK_ID_`) REFERENCES `ACT_GE_BYTEARRAY` (`ID_`) ON DELETE RESTRICT ON UPDATE RESTRICT,
  CONSTRAINT `ACT_FK_SUSPENDED_JOB_EXECUTION` FOREIGN KEY (`EXECUTION_ID_`) REFERENCES `ACT_RU_EXECUTION` (`ID_`) ON DELETE RESTRICT ON UPDATE RESTRICT,
  CONSTRAINT `ACT_FK_SUSPENDED_JOB_PROC_DEF` FOREIGN KEY (`PROC_DEF_ID_`) REFERENCES `ACT_RE_PROCDEF` (`ID_`) ON DELETE RESTRICT ON UPDATE RESTRICT,
  CONSTRAINT `ACT_FK_SUSPENDED_JOB_PROCESS_INSTANCE` FOREIGN KEY (`PROCESS_INSTANCE_ID_`) REFERENCES `ACT_RU_EXECUTION` (`ID_`) ON DELETE RESTRICT ON UPDATE RESTRICT
) ENGINE = InnoDB CHARACTER SET = utf8 COLLATE = utf8_bin ROW_FORMAT = Dynamic;

-- ----------------------------
-- Records of ACT_RU_SUSPENDED_JOB
-- ----------------------------

-- ----------------------------
-- Table structure for ACT_RU_TASK
-- ----------------------------
DROP TABLE IF EXISTS `ACT_RU_TASK`;
CREATE TABLE `ACT_RU_TASK`  (
  `ID_` varchar(64) CHARACTER SET utf8 COLLATE utf8_bin NOT NULL,
  `REV_` int NULL DEFAULT NULL,
  `EXECUTION_ID_` varchar(64) CHARACTER SET utf8 COLLATE utf8_bin NULL DEFAULT NULL,
  `PROC_INST_ID_` varchar(64) CHARACTER SET utf8 COLLATE utf8_bin NULL DEFAULT NULL,
  `PROC_DEF_ID_` varchar(64) CHARACTER SET utf8 COLLATE utf8_bin NULL DEFAULT NULL,
  `NAME_` varchar(255) CHARACTER SET utf8 COLLATE utf8_bin NULL DEFAULT NULL,
  `BUSINESS_KEY_` varchar(255) CHARACTER SET utf8 COLLATE utf8_bin NULL DEFAULT NULL,
  `PARENT_TASK_ID_` varchar(64) CHARACTER SET utf8 COLLATE utf8_bin NULL DEFAULT NULL,
  `DESCRIPTION_` varchar(4000) CHARACTER SET utf8 COLLATE utf8_bin NULL DEFAULT NULL,
  `TASK_DEF_KEY_` varchar(255) CHARACTER SET utf8 COLLATE utf8_bin NULL DEFAULT NULL,
  `OWNER_` varchar(255) CHARACTER SET utf8 COLLATE utf8_bin NULL DEFAULT NULL,
  `ASSIGNEE_` varchar(255) CHARACTER SET utf8 COLLATE utf8_bin NULL DEFAULT NULL,
  `DELEGATION_` varchar(64) CHARACTER SET utf8 COLLATE utf8_bin NULL DEFAULT NULL,
  `PRIORITY_` int NULL DEFAULT NULL,
  `CREATE_TIME_` timestamp(3) NULL DEFAULT NULL,
  `DUE_DATE_` datetime(3) NULL DEFAULT NULL,
  `CATEGORY_` varchar(255) CHARACTER SET utf8 COLLATE utf8_bin NULL DEFAULT NULL,
  `SUSPENSION_STATE_` int NULL DEFAULT NULL,
  `TENANT_ID_` varchar(255) CHARACTER SET utf8 COLLATE utf8_bin NULL DEFAULT '',
  `FORM_KEY_` varchar(255) CHARACTER SET utf8 COLLATE utf8_bin NULL DEFAULT NULL,
  `CLAIM_TIME_` datetime(3) NULL DEFAULT NULL,
  `APP_VERSION_` int NULL DEFAULT NULL,
  PRIMARY KEY (`ID_`) USING BTREE,
  INDEX `ACT_IDX_TASK_CREATE`(`CREATE_TIME_` ASC) USING BTREE,
  INDEX `ACT_FK_TASK_EXE`(`EXECUTION_ID_` ASC) USING BTREE,
  INDEX `ACT_FK_TASK_PROCINST`(`PROC_INST_ID_` ASC) USING BTREE,
  INDEX `ACT_FK_TASK_PROCDEF`(`PROC_DEF_ID_` ASC) USING BTREE,
  CONSTRAINT `ACT_FK_TASK_EXE` FOREIGN KEY (`EXECUTION_ID_`) REFERENCES `ACT_RU_EXECUTION` (`ID_`) ON DELETE RESTRICT ON UPDATE RESTRICT,
  CONSTRAINT `ACT_FK_TASK_PROCDEF` FOREIGN KEY (`PROC_DEF_ID_`) REFERENCES `ACT_RE_PROCDEF` (`ID_`) ON DELETE RESTRICT ON UPDATE RESTRICT,
  CONSTRAINT `ACT_FK_TASK_PROCINST` FOREIGN KEY (`PROC_INST_ID_`) REFERENCES `ACT_RU_EXECUTION` (`ID_`) ON DELETE RESTRICT ON UPDATE RESTRICT
) ENGINE = InnoDB CHARACTER SET = utf8 COLLATE = utf8_bin ROW_FORMAT = Dynamic;

-- ----------------------------
-- Records of ACT_RU_TASK
-- ----------------------------
INSERT INTO `ACT_RU_TASK` VALUES ('09f45c7a-f22e-11ed-b05f-005056c00001', 1, '80560fea-f22c-11ed-842f-005056c00001', '805573a7-f22c-11ed-842f-005056c00001', 'qingjia01:1:00646b9f-f22b-11ed-8235-005056c00001', '', NULL, NULL, NULL, 'sid-DDC2CF39-F04F-4B5D-B167-0EE7549E7F75', NULL, 'xiaocui', NULL, 50, '2023-05-14 08:05:06.760', NULL, NULL, 1, '', NULL, NULL, NULL);
INSERT INTO `ACT_RU_TASK` VALUES ('1c9df695-fd62-11ed-99ea-005056c00001', 1, '1c9a9b32-fd62-11ed-99ea-005056c00001', '1c9989bf-fd62-11ed-99ea-005056c00001', 'qingjia:2:7e930d37-f8a2-11ed-af44-005056c00001', '', '5', NULL, NULL, 'sid-5099375F-E4B1-43E8-A899-305C07C6C58A', NULL, 'zhang3', NULL, 50, '2023-05-28 14:15:34.696', NULL, NULL, 1, '', NULL, NULL, NULL);
INSERT INTO `ACT_RU_TASK` VALUES ('348ee867-f14d-11ed-a8aa-005056c00001', 1, '348a0664-f14d-11ed-a8aa-005056c00001', '34899133-f14d-11ed-a8aa-005056c00001', 'jiaban01:1:23c4f7ae-f14d-11ed-ae60-005056c00001', '', NULL, NULL, NULL, 'sid-D33466C2-09C7-4B83-9395-62B75B8150C9', NULL, 'lilei', NULL, 50, '2023-05-13 05:15:41.470', NULL, NULL, 1, '', NULL, NULL, NULL);
INSERT INTO `ACT_RU_TASK` VALUES ('3672fab2-f13c-11ed-8457-005056c00001', 1, '366e18af-f13c-11ed-8457-005056c00001', '366d2e4a-f13c-11ed-8457-005056c00001', 'jiaban:1:13b40520-f13c-11ed-8599-005056c00001', '', NULL, NULL, NULL, 'sid-D33466C2-09C7-4B83-9395-62B75B8150C9', NULL, 'lucy', NULL, 50, '2023-05-13 03:14:03.198', NULL, NULL, 1, '', NULL, NULL, NULL);
INSERT INTO `ACT_RU_TASK` VALUES ('4df718ea-f22e-11ed-bf04-005056c00001', 1, '4df1c1b6-f22e-11ed-bf04-005056c00001', '4df0fe63-f22e-11ed-bf04-005056c00001', 'qingjia01:1:00646b9f-f22b-11ed-8235-005056c00001', '', NULL, NULL, NULL, 'sid-6C493D98-E4D5-40C7-944D-389C5E79C35E', NULL, 'gousheng', NULL, 50, '2023-05-14 08:07:00.881', NULL, NULL, 1, '', NULL, NULL, NULL);
INSERT INTO `ACT_RU_TASK` VALUES ('6afa4707-fd63-11ed-92f4-005056c00001', 1, '6af5da34-fd63-11ed-92f4-005056c00001', '6af40571-fd63-11ed-92f4-005056c00001', 'qingjia:2:7e930d37-f8a2-11ed-af44-005056c00001', '', '7', NULL, NULL, 'sid-5099375F-E4B1-43E8-A899-305C07C6C58A', NULL, 'zhang3', NULL, 50, '2023-05-28 14:24:55.656', NULL, NULL, 1, '', NULL, NULL, NULL);
INSERT INTO `ACT_RU_TASK` VALUES ('7b587e5a-f153-11ed-934b-005056c00001', 1, '7b53ea77-f153-11ed-934b-005056c00001', '7b539c56-f153-11ed-934b-005056c00001', 'jiaban02:1:69df889b-f153-11ed-8550-005056c00001', '', NULL, NULL, NULL, 'sid-D33466C2-09C7-4B83-9395-62B75B8150C9', NULL, 'jack', NULL, 50, '2023-05-13 06:00:37.213', NULL, NULL, 1, '', NULL, NULL, NULL);
INSERT INTO `ACT_RU_TASK` VALUES ('8b9f5a13-f238-11ed-a2d7-005056c00001', 1, '3e576a95-f238-11ed-b20a-005056c00001', '3e5520a1-f238-11ed-b20a-005056c00001', 'qingjia02:1:2cec2ff4-f238-11ed-a88e-005056c00001', '', NULL, NULL, NULL, 'sid-52EBA60E-4C9E-424D-A907-05A67E55D39E', NULL, 'xiaoli', NULL, 50, '2023-05-14 09:20:19.275', NULL, NULL, 1, '', NULL, NULL, NULL);
INSERT INTO `ACT_RU_TASK` VALUES ('90a83ecb-fd66-11ed-8552-005056c00001', 1, '6d54472e-fd64-11ed-b141-005056c00001', '6d54472b-fd64-11ed-b141-005056c00001', 'qingjia:2:7e930d37-f8a2-11ed-af44-005056c00001', '', '11', NULL, NULL, 'sid-5905F70C-E04A-47D4-8B74-3A612859AE83', NULL, 'li4', NULL, 50, '2023-05-28 14:47:27.366', NULL, NULL, 1, '', NULL, NULL, NULL);
INSERT INTO `ACT_RU_TASK` VALUES ('a4f80c77-f15f-11ed-9c22-005056c00001', 1, '83577fec-f15f-11ed-8d61-005056c00001', '8356bc99-f15f-11ed-8d61-005056c00001', 'jiaban:1:13b40520-f13c-11ed-8599-005056c00001', '', NULL, NULL, NULL, 'sid-3FE49E43-9C04-44A7-A9F5-7001C5BB7ABA', NULL, 'zhao', NULL, 50, '2023-05-13 07:27:41.005', NULL, NULL, 1, '', NULL, NULL, NULL);
INSERT INTO `ACT_RU_TASK` VALUES ('aa720411-f15b-11ed-b05f-005056c00001', 1, 'ac5474b4-f15a-11ed-990c-005056c00001', 'ac53b15f-f15a-11ed-990c-005056c00001', 'jiaban:1:13b40520-f13c-11ed-8599-005056c00001', '', NULL, NULL, NULL, 'sid-3FE49E43-9C04-44A7-A9F5-7001C5BB7ABA', NULL, 'mary01', NULL, 50, '2023-05-13 06:59:12.208', NULL, NULL, 1, '', NULL, NULL, NULL);
INSERT INTO `ACT_RU_TASK` VALUES ('aa8d4252-fd62-11ed-8869-005056c00001', 1, 'aa88875f-fd62-11ed-8869-005056c00001', 'aa8727cc-fd62-11ed-8869-005056c00001', 'qingjia:2:7e930d37-f8a2-11ed-af44-005056c00001', '', '6', NULL, NULL, 'sid-5099375F-E4B1-43E8-A899-305C07C6C58A', NULL, 'zhang3', NULL, 50, '2023-05-28 14:19:32.817', NULL, NULL, 1, '', NULL, NULL, NULL);
INSERT INTO `ACT_RU_TASK` VALUES ('aca1adea-f222-11ed-8104-005056c00001', 1, '8312ab8c-f21f-11ed-b425-005056c00001', '83125d6b-f21f-11ed-b425-005056c00001', 'jiaban03:1:4edd57cf-f21f-11ed-afed-005056c00001', '', NULL, NULL, NULL, 'sid-3FE49E43-9C04-44A7-A9F5-7001C5BB7ABA', NULL, NULL, NULL, 50, '2023-05-14 06:43:45.724', NULL, NULL, 1, '', NULL, NULL, NULL);
INSERT INTO `ACT_RU_TASK` VALUES ('b183408e-fd60-11ed-a983-005056c00001', 1, 'b17fbe1b-fd60-11ed-a983-005056c00001', 'b17e8598-fd60-11ed-a983-005056c00001', 'qingjia:2:7e930d37-f8a2-11ed-af44-005056c00001', '', '3', NULL, NULL, 'sid-5099375F-E4B1-43E8-A899-305C07C6C58A', NULL, 'zhang3', NULL, 50, '2023-05-28 14:05:25.507', NULL, NULL, 1, '', NULL, NULL, NULL);
INSERT INTO `ACT_RU_TASK` VALUES ('b45619e6-fd61-11ed-86a1-005056c00001', 1, 'b452e593-fd61-11ed-86a1-005056c00001', 'b451ad10-fd61-11ed-86a1-005056c00001', 'qingjia:2:7e930d37-f8a2-11ed-af44-005056c00001', '', '4', NULL, NULL, 'sid-5099375F-E4B1-43E8-A899-305C07C6C58A', NULL, 'zhang3', NULL, 50, '2023-05-28 14:12:39.742', NULL, NULL, 1, '', NULL, NULL, NULL);
INSERT INTO `ACT_RU_TASK` VALUES ('b4e25c13-fa04-11ed-8fd8-005056c00001', 1, '84b642fb-f8a6-11ed-af44-005056c00001', '84b55898-f8a6-11ed-af44-005056c00001', 'qingjia:2:7e930d37-f8a2-11ed-af44-005056c00001', '', '2', NULL, NULL, 'sid-5905F70C-E04A-47D4-8B74-3A612859AE83', NULL, 'li4', NULL, 50, '2023-05-24 07:29:23.976', NULL, NULL, 1, '', NULL, NULL, NULL);
INSERT INTO `ACT_RU_TASK` VALUES ('b6a0dd78-f165-11ed-96f2-005056c00001', 1, '91f09f6e-f165-11ed-a412-005056c00001', '91efb509-f165-11ed-a412-005056c00001', 'jiaban:1:13b40520-f13c-11ed-8599-005056c00001', '', NULL, NULL, NULL, 'sid-3FE49E43-9C04-44A7-A9F5-7001C5BB7ABA', NULL, 'mary01', NULL, 50, '2023-05-13 08:11:07.611', NULL, NULL, 1, '', NULL, NULL, NULL);
INSERT INTO `ACT_RU_TASK` VALUES ('c0771bc2-f15c-11ed-890c-005056c00001', 1, '892b3a6b-f15c-11ed-8187-005056c00001', '892a28f6-f15c-11ed-8187-005056c00001', 'jiaban:1:13b40520-f13c-11ed-8599-005056c00001', '', NULL, NULL, NULL, 'sid-3FE49E43-9C04-44A7-A9F5-7001C5BB7ABA', NULL, 'mary01', NULL, 50, '2023-05-13 07:06:58.648', NULL, NULL, 1, '', NULL, NULL, NULL);
INSERT INTO `ACT_RU_TASK` VALUES ('fd37643b-f165-11ed-b775-005056c00001', 1, 'e999b955-f165-11ed-b7fc-005056c00001', 'e998f602-f165-11ed-b7fc-005056c00001', 'jiaban:1:13b40520-f13c-11ed-8599-005056c00001', '', NULL, NULL, NULL, 'sid-3FE49E43-9C04-44A7-A9F5-7001C5BB7ABA', NULL, 'zhao', NULL, 50, '2023-05-13 08:13:06.042', NULL, NULL, 1, '', NULL, NULL, NULL);

-- ----------------------------
-- Table structure for ACT_RU_TIMER_JOB
-- ----------------------------
DROP TABLE IF EXISTS `ACT_RU_TIMER_JOB`;
CREATE TABLE `ACT_RU_TIMER_JOB`  (
  `ID_` varchar(64) CHARACTER SET utf8 COLLATE utf8_bin NOT NULL,
  `REV_` int NULL DEFAULT NULL,
  `TYPE_` varchar(255) CHARACTER SET utf8 COLLATE utf8_bin NOT NULL,
  `LOCK_EXP_TIME_` timestamp(3) NULL DEFAULT NULL,
  `LOCK_OWNER_` varchar(255) CHARACTER SET utf8 COLLATE utf8_bin NULL DEFAULT NULL,
  `EXCLUSIVE_` tinyint(1) NULL DEFAULT NULL,
  `EXECUTION_ID_` varchar(64) CHARACTER SET utf8 COLLATE utf8_bin NULL DEFAULT NULL,
  `PROCESS_INSTANCE_ID_` varchar(64) CHARACTER SET utf8 COLLATE utf8_bin NULL DEFAULT NULL,
  `PROC_DEF_ID_` varchar(64) CHARACTER SET utf8 COLLATE utf8_bin NULL DEFAULT NULL,
  `RETRIES_` int NULL DEFAULT NULL,
  `EXCEPTION_STACK_ID_` varchar(64) CHARACTER SET utf8 COLLATE utf8_bin NULL DEFAULT NULL,
  `EXCEPTION_MSG_` varchar(4000) CHARACTER SET utf8 COLLATE utf8_bin NULL DEFAULT NULL,
  `DUEDATE_` timestamp(3) NULL DEFAULT NULL,
  `REPEAT_` varchar(255) CHARACTER SET utf8 COLLATE utf8_bin NULL DEFAULT NULL,
  `HANDLER_TYPE_` varchar(255) CHARACTER SET utf8 COLLATE utf8_bin NULL DEFAULT NULL,
  `HANDLER_CFG_` varchar(4000) CHARACTER SET utf8 COLLATE utf8_bin NULL DEFAULT NULL,
  `TENANT_ID_` varchar(255) CHARACTER SET utf8 COLLATE utf8_bin NULL DEFAULT '',
  PRIMARY KEY (`ID_`) USING BTREE,
  INDEX `ACT_FK_TIMER_JOB_EXECUTION`(`EXECUTION_ID_` ASC) USING BTREE,
  INDEX `ACT_FK_TIMER_JOB_PROCESS_INSTANCE`(`PROCESS_INSTANCE_ID_` ASC) USING BTREE,
  INDEX `ACT_FK_TIMER_JOB_PROC_DEF`(`PROC_DEF_ID_` ASC) USING BTREE,
  INDEX `ACT_FK_TIMER_JOB_EXCEPTION`(`EXCEPTION_STACK_ID_` ASC) USING BTREE,
  CONSTRAINT `ACT_FK_TIMER_JOB_EXCEPTION` FOREIGN KEY (`EXCEPTION_STACK_ID_`) REFERENCES `ACT_GE_BYTEARRAY` (`ID_`) ON DELETE RESTRICT ON UPDATE RESTRICT,
  CONSTRAINT `ACT_FK_TIMER_JOB_EXECUTION` FOREIGN KEY (`EXECUTION_ID_`) REFERENCES `ACT_RU_EXECUTION` (`ID_`) ON DELETE RESTRICT ON UPDATE RESTRICT,
  CONSTRAINT `ACT_FK_TIMER_JOB_PROC_DEF` FOREIGN KEY (`PROC_DEF_ID_`) REFERENCES `ACT_RE_PROCDEF` (`ID_`) ON DELETE RESTRICT ON UPDATE RESTRICT,
  CONSTRAINT `ACT_FK_TIMER_JOB_PROCESS_INSTANCE` FOREIGN KEY (`PROCESS_INSTANCE_ID_`) REFERENCES `ACT_RU_EXECUTION` (`ID_`) ON DELETE RESTRICT ON UPDATE RESTRICT
) ENGINE = InnoDB CHARACTER SET = utf8 COLLATE = utf8_bin ROW_FORMAT = Dynamic;

-- ----------------------------
-- Records of ACT_RU_TIMER_JOB
-- ----------------------------

-- ----------------------------
-- Table structure for ACT_RU_VARIABLE
-- ----------------------------
DROP TABLE IF EXISTS `ACT_RU_VARIABLE`;
CREATE TABLE `ACT_RU_VARIABLE`  (
  `ID_` varchar(64) CHARACTER SET utf8 COLLATE utf8_bin NOT NULL,
  `REV_` int NULL DEFAULT NULL,
  `TYPE_` varchar(255) CHARACTER SET utf8 COLLATE utf8_bin NOT NULL,
  `NAME_` varchar(255) CHARACTER SET utf8 COLLATE utf8_bin NOT NULL,
  `EXECUTION_ID_` varchar(64) CHARACTER SET utf8 COLLATE utf8_bin NULL DEFAULT NULL,
  `PROC_INST_ID_` varchar(64) CHARACTER SET utf8 COLLATE utf8_bin NULL DEFAULT NULL,
  `TASK_ID_` varchar(64) CHARACTER SET utf8 COLLATE utf8_bin NULL DEFAULT NULL,
  `BYTEARRAY_ID_` varchar(64) CHARACTER SET utf8 COLLATE utf8_bin NULL DEFAULT NULL,
  `DOUBLE_` double NULL DEFAULT NULL,
  `LONG_` bigint NULL DEFAULT NULL,
  `TEXT_` varchar(4000) CHARACTER SET utf8 COLLATE utf8_bin NULL DEFAULT NULL,
  `TEXT2_` varchar(4000) CHARACTER SET utf8 COLLATE utf8_bin NULL DEFAULT NULL,
  PRIMARY KEY (`ID_`) USING BTREE,
  INDEX `ACT_IDX_VARIABLE_TASK_ID`(`TASK_ID_` ASC) USING BTREE,
  INDEX `ACT_FK_VAR_EXE`(`EXECUTION_ID_` ASC) USING BTREE,
  INDEX `ACT_FK_VAR_PROCINST`(`PROC_INST_ID_` ASC) USING BTREE,
  INDEX `ACT_FK_VAR_BYTEARRAY`(`BYTEARRAY_ID_` ASC) USING BTREE,
  CONSTRAINT `ACT_FK_VAR_BYTEARRAY` FOREIGN KEY (`BYTEARRAY_ID_`) REFERENCES `ACT_GE_BYTEARRAY` (`ID_`) ON DELETE RESTRICT ON UPDATE RESTRICT,
  CONSTRAINT `ACT_FK_VAR_EXE` FOREIGN KEY (`EXECUTION_ID_`) REFERENCES `ACT_RU_EXECUTION` (`ID_`) ON DELETE RESTRICT ON UPDATE RESTRICT,
  CONSTRAINT `ACT_FK_VAR_PROCINST` FOREIGN KEY (`PROC_INST_ID_`) REFERENCES `ACT_RU_EXECUTION` (`ID_`) ON DELETE RESTRICT ON UPDATE RESTRICT
) ENGINE = InnoDB CHARACTER SET = utf8 COLLATE = utf8_bin ROW_FORMAT = Dynamic;

-- ----------------------------
-- Records of ACT_RU_VARIABLE
-- ----------------------------
INSERT INTO `ACT_RU_VARIABLE` VALUES ('09f4f8bb-f22e-11ed-b05f-005056c00001', 1, 'integer', 'day', '80560fea-f22c-11ed-842f-005056c00001', '805573a7-f22c-11ed-842f-005056c00001', '09f45c7a-f22e-11ed-b05f-005056c00001', NULL, NULL, 2, '2', NULL);
INSERT INTO `ACT_RU_VARIABLE` VALUES ('1c9a2600-fd62-11ed-99ea-005056c00001', 1, 'json', 'data', '1c9989bf-fd62-11ed-99ea-005056c00001', '1c9989bf-fd62-11ed-99ea-005056c00001', NULL, NULL, NULL, NULL, '{\"reason\":\"\",\"days\":\"3\",\"end\":\"2023-05-30\",\"begin\":\"2023-05-28\"}', 'java.util.HashMap');
INSERT INTO `ACT_RU_VARIABLE` VALUES ('1c9eb9e6-fd62-11ed-99ea-005056c00001', 1, 'json', 'data', '1c9a9b32-fd62-11ed-99ea-005056c00001', '1c9989bf-fd62-11ed-99ea-005056c00001', '1c9df695-fd62-11ed-99ea-005056c00001', NULL, NULL, NULL, '{\"reason\":\"\",\"days\":\"3\",\"end\":\"2023-05-30\",\"begin\":\"2023-05-28\"}', 'java.util.LinkedHashMap');
INSERT INTO `ACT_RU_VARIABLE` VALUES ('366da37b-f13c-11ed-8457-005056c00001', 1, 'string', 'assignee2', '366d2e4a-f13c-11ed-8457-005056c00001', '366d2e4a-f13c-11ed-8457-005056c00001', NULL, NULL, NULL, NULL, 'mary', NULL);
INSERT INTO `ACT_RU_VARIABLE` VALUES ('366e18ad-f13c-11ed-8457-005056c00001', 1, 'string', 'assignee1', '366d2e4a-f13c-11ed-8457-005056c00001', '366d2e4a-f13c-11ed-8457-005056c00001', NULL, NULL, NULL, NULL, 'lucy', NULL);
INSERT INTO `ACT_RU_VARIABLE` VALUES ('3674a863-f13c-11ed-8457-005056c00001', 1, 'string', 'assignee2', '366e18af-f13c-11ed-8457-005056c00001', '366d2e4a-f13c-11ed-8457-005056c00001', '3672fab2-f13c-11ed-8457-005056c00001', NULL, NULL, NULL, 'mary', NULL);
INSERT INTO `ACT_RU_VARIABLE` VALUES ('3674a865-f13c-11ed-8457-005056c00001', 1, 'string', 'assignee1', '366e18af-f13c-11ed-8457-005056c00001', '366d2e4a-f13c-11ed-8457-005056c00001', '3672fab2-f13c-11ed-8457-005056c00001', NULL, NULL, NULL, 'lucy', NULL);
INSERT INTO `ACT_RU_VARIABLE` VALUES ('4df17394-f22e-11ed-bf04-005056c00001', 1, 'integer', 'day', '4df0fe63-f22e-11ed-bf04-005056c00001', '4df0fe63-f22e-11ed-bf04-005056c00001', NULL, NULL, NULL, 3, '3', NULL);
INSERT INTO `ACT_RU_VARIABLE` VALUES ('4df7dc3b-f22e-11ed-bf04-005056c00001', 1, 'integer', 'day', '4df1c1b6-f22e-11ed-bf04-005056c00001', '4df0fe63-f22e-11ed-bf04-005056c00001', '4df718ea-f22e-11ed-bf04-005056c00001', NULL, NULL, 3, '3', NULL);
INSERT INTO `ACT_RU_VARIABLE` VALUES ('6af4efd2-fd63-11ed-92f4-005056c00001', 1, 'json', 'data', '6af40571-fd63-11ed-92f4-005056c00001', '6af40571-fd63-11ed-92f4-005056c00001', NULL, NULL, NULL, NULL, '{\"reason\":\"\",\"days\":\"3\",\"end\":\"2023-05-29\",\"begin\":\"2023-05-28\"}', 'java.util.HashMap');
INSERT INTO `ACT_RU_VARIABLE` VALUES ('6afae348-fd63-11ed-92f4-005056c00001', 1, 'json', 'data', '6af5da34-fd63-11ed-92f4-005056c00001', '6af40571-fd63-11ed-92f4-005056c00001', '6afa4707-fd63-11ed-92f4-005056c00001', NULL, NULL, NULL, '{\"reason\":\"\",\"days\":\"3\",\"end\":\"2023-05-29\",\"begin\":\"2023-05-28\"}', 'java.util.LinkedHashMap');
INSERT INTO `ACT_RU_VARIABLE` VALUES ('6d54472c-fd64-11ed-b141-005056c00001', 2, 'json', 'data', '6d54472b-fd64-11ed-b141-005056c00001', '6d54472b-fd64-11ed-b141-005056c00001', NULL, NULL, NULL, NULL, '{\"reason\":\"\",\"days\":\"3\",\"end\":\"2023-05-31\",\"begin\":\"2023-05-28\"}', 'java.util.LinkedHashMap');
INSERT INTO `ACT_RU_VARIABLE` VALUES ('8055c1c8-f22c-11ed-842f-005056c00001', 1, 'integer', 'day', '805573a7-f22c-11ed-842f-005056c00001', '805573a7-f22c-11ed-842f-005056c00001', NULL, NULL, NULL, 2, '2', NULL);
INSERT INTO `ACT_RU_VARIABLE` VALUES ('835731ca-f15f-11ed-8d61-005056c00001', 1, 'string', 'assignee1', '8356bc99-f15f-11ed-8d61-005056c00001', '8356bc99-f15f-11ed-8d61-005056c00001', NULL, NULL, NULL, NULL, 'lucy01', NULL);
INSERT INTO `ACT_RU_VARIABLE` VALUES ('84b5a6b9-f8a6-11ed-af44-005056c00001', 2, 'json', 'data', '84b55898-f8a6-11ed-af44-005056c00001', '84b55898-f8a6-11ed-af44-005056c00001', NULL, NULL, NULL, NULL, '{\"reason\":\"\",\"days\":\"2\",\"end\":\"2023-05-24\",\"begin\":\"2023-05-23\"}', 'java.util.LinkedHashMap');
INSERT INTO `ACT_RU_VARIABLE` VALUES ('892ac537-f15c-11ed-8187-005056c00001', 1, 'string', 'assignee2', '892a28f6-f15c-11ed-8187-005056c00001', '892a28f6-f15c-11ed-8187-005056c00001', NULL, NULL, NULL, NULL, 'mary01', NULL);
INSERT INTO `ACT_RU_VARIABLE` VALUES ('892b3a69-f15c-11ed-8187-005056c00001', 1, 'string', 'assignee1', '892a28f6-f15c-11ed-8187-005056c00001', '892a28f6-f15c-11ed-8187-005056c00001', NULL, NULL, NULL, NULL, 'lucy01', NULL);
INSERT INTO `ACT_RU_VARIABLE` VALUES ('90a8db0c-fd66-11ed-8552-005056c00001', 1, 'json', 'data', '6d54472e-fd64-11ed-b141-005056c00001', '6d54472b-fd64-11ed-b141-005056c00001', '90a83ecb-fd66-11ed-8552-005056c00001', NULL, NULL, NULL, '{\"reason\":\"\",\"days\":\"3\",\"end\":\"2023-05-31\",\"begin\":\"2023-05-28\"}', 'java.util.LinkedHashMap');
INSERT INTO `ACT_RU_VARIABLE` VALUES ('91f02a3a-f165-11ed-a412-005056c00001', 1, 'string', 'assignee2', '91efb509-f165-11ed-a412-005056c00001', '91efb509-f165-11ed-a412-005056c00001', NULL, NULL, NULL, NULL, 'mary01', NULL);
INSERT INTO `ACT_RU_VARIABLE` VALUES ('91f09f6c-f165-11ed-a412-005056c00001', 1, 'string', 'assignee1', '91efb509-f165-11ed-a412-005056c00001', '91efb509-f165-11ed-a412-005056c00001', NULL, NULL, NULL, NULL, 'lucy01', NULL);
INSERT INTO `ACT_RU_VARIABLE` VALUES ('a4ef59e3-f15f-11ed-9c22-005056c00001', 1, 'string', 'assignee2', '8356bc99-f15f-11ed-8d61-005056c00001', '8356bc99-f15f-11ed-8d61-005056c00001', NULL, NULL, NULL, NULL, 'zhao', NULL);
INSERT INTO `ACT_RU_VARIABLE` VALUES ('a4f881a8-f15f-11ed-9c22-005056c00001', 1, 'string', 'assignee2', '83577fec-f15f-11ed-8d61-005056c00001', '8356bc99-f15f-11ed-8d61-005056c00001', 'a4f80c77-f15f-11ed-9c22-005056c00001', NULL, NULL, NULL, 'zhao', NULL);
INSERT INTO `ACT_RU_VARIABLE` VALUES ('a4f8a8ba-f15f-11ed-9c22-005056c00001', 1, 'string', 'assignee1', '83577fec-f15f-11ed-8d61-005056c00001', '8356bc99-f15f-11ed-8d61-005056c00001', 'a4f80c77-f15f-11ed-9c22-005056c00001', NULL, NULL, NULL, 'lucy01', NULL);
INSERT INTO `ACT_RU_VARIABLE` VALUES ('aa725232-f15b-11ed-b05f-005056c00001', 1, 'string', 'assignee2', 'ac5474b4-f15a-11ed-990c-005056c00001', 'ac53b15f-f15a-11ed-990c-005056c00001', 'aa720411-f15b-11ed-b05f-005056c00001', NULL, NULL, NULL, 'mary01', NULL);
INSERT INTO `ACT_RU_VARIABLE` VALUES ('aa727944-f15b-11ed-b05f-005056c00001', 1, 'string', 'assignee1', 'ac5474b4-f15a-11ed-990c-005056c00001', 'ac53b15f-f15a-11ed-990c-005056c00001', 'aa720411-f15b-11ed-b05f-005056c00001', NULL, NULL, NULL, 'lucy01', NULL);
INSERT INTO `ACT_RU_VARIABLE` VALUES ('aa88122d-fd62-11ed-8869-005056c00001', 1, 'json', 'data', 'aa8727cc-fd62-11ed-8869-005056c00001', 'aa8727cc-fd62-11ed-8869-005056c00001', NULL, NULL, NULL, NULL, '{\"reason\":\"\",\"days\":\"3\",\"end\":\"2023-05-30\",\"begin\":\"2023-05-28\"}', 'java.util.HashMap');
INSERT INTO `ACT_RU_VARIABLE` VALUES ('aa8e53c3-fd62-11ed-8869-005056c00001', 1, 'json', 'data', 'aa88875f-fd62-11ed-8869-005056c00001', 'aa8727cc-fd62-11ed-8869-005056c00001', 'aa8d4252-fd62-11ed-8869-005056c00001', NULL, NULL, NULL, '{\"reason\":\"\",\"days\":\"3\",\"end\":\"2023-05-30\",\"begin\":\"2023-05-28\"}', 'java.util.LinkedHashMap');
INSERT INTO `ACT_RU_VARIABLE` VALUES ('ac53ff80-f15a-11ed-990c-005056c00001', 1, 'string', 'assignee2', 'ac53b15f-f15a-11ed-990c-005056c00001', 'ac53b15f-f15a-11ed-990c-005056c00001', NULL, NULL, NULL, NULL, 'mary01', NULL);
INSERT INTO `ACT_RU_VARIABLE` VALUES ('ac5474b2-f15a-11ed-990c-005056c00001', 1, 'string', 'assignee1', 'ac53b15f-f15a-11ed-990c-005056c00001', 'ac53b15f-f15a-11ed-990c-005056c00001', NULL, NULL, NULL, NULL, 'lucy01', NULL);
INSERT INTO `ACT_RU_VARIABLE` VALUES ('b17f48e9-fd60-11ed-a983-005056c00001', 1, 'json', 'data', 'b17e8598-fd60-11ed-a983-005056c00001', 'b17e8598-fd60-11ed-a983-005056c00001', NULL, NULL, NULL, NULL, '{\"reason\":\"\",\"days\":\"3\",\"end\":\"2023-05-30\",\"begin\":\"2023-05-28\"}', 'java.util.HashMap');
INSERT INTO `ACT_RU_VARIABLE` VALUES ('b184a01f-fd60-11ed-a983-005056c00001', 1, 'json', 'data', 'b17fbe1b-fd60-11ed-a983-005056c00001', 'b17e8598-fd60-11ed-a983-005056c00001', 'b183408e-fd60-11ed-a983-005056c00001', NULL, NULL, NULL, '{\"reason\":\"\",\"days\":\"3\",\"end\":\"2023-05-30\",\"begin\":\"2023-05-28\"}', 'java.util.LinkedHashMap');
INSERT INTO `ACT_RU_VARIABLE` VALUES ('b4527061-fd61-11ed-86a1-005056c00001', 1, 'json', 'data', 'b451ad10-fd61-11ed-86a1-005056c00001', 'b451ad10-fd61-11ed-86a1-005056c00001', NULL, NULL, NULL, NULL, '{\"reason\":\"\",\"days\":\"3\",\"end\":\"2023-05-30\",\"begin\":\"2023-05-28\"}', 'java.util.HashMap');
INSERT INTO `ACT_RU_VARIABLE` VALUES ('b456dd37-fd61-11ed-86a1-005056c00001', 1, 'json', 'data', 'b452e593-fd61-11ed-86a1-005056c00001', 'b451ad10-fd61-11ed-86a1-005056c00001', 'b45619e6-fd61-11ed-86a1-005056c00001', NULL, NULL, NULL, '{\"reason\":\"\",\"days\":\"3\",\"end\":\"2023-05-30\",\"begin\":\"2023-05-28\"}', 'java.util.LinkedHashMap');
INSERT INTO `ACT_RU_VARIABLE` VALUES ('b4e2aa34-fa04-11ed-8fd8-005056c00001', 1, 'json', 'data', '84b642fb-f8a6-11ed-af44-005056c00001', '84b55898-f8a6-11ed-af44-005056c00001', 'b4e25c13-fa04-11ed-8fd8-005056c00001', NULL, NULL, NULL, '{\"reason\":\"\",\"days\":\"2\",\"end\":\"2023-05-24\",\"begin\":\"2023-05-23\"}', 'java.util.LinkedHashMap');
INSERT INTO `ACT_RU_VARIABLE` VALUES ('b6a152a9-f165-11ed-96f2-005056c00001', 1, 'string', 'assignee2', '91f09f6e-f165-11ed-a412-005056c00001', '91efb509-f165-11ed-a412-005056c00001', 'b6a0dd78-f165-11ed-96f2-005056c00001', NULL, NULL, NULL, 'mary01', NULL);
INSERT INTO `ACT_RU_VARIABLE` VALUES ('b6a1a0cb-f165-11ed-96f2-005056c00001', 1, 'string', 'assignee1', '91f09f6e-f165-11ed-a412-005056c00001', '91efb509-f165-11ed-a412-005056c00001', 'b6a0dd78-f165-11ed-96f2-005056c00001', NULL, NULL, NULL, 'lucy01', NULL);
INSERT INTO `ACT_RU_VARIABLE` VALUES ('c07769e3-f15c-11ed-890c-005056c00001', 1, 'string', 'assignee2', '892b3a6b-f15c-11ed-8187-005056c00001', '892a28f6-f15c-11ed-8187-005056c00001', 'c0771bc2-f15c-11ed-890c-005056c00001', NULL, NULL, NULL, 'mary01', NULL);
INSERT INTO `ACT_RU_VARIABLE` VALUES ('c07790f5-f15c-11ed-890c-005056c00001', 1, 'string', 'assignee1', '892b3a6b-f15c-11ed-8187-005056c00001', '892a28f6-f15c-11ed-8187-005056c00001', 'c0771bc2-f15c-11ed-890c-005056c00001', NULL, NULL, NULL, 'lucy01', NULL);
INSERT INTO `ACT_RU_VARIABLE` VALUES ('e9996b33-f165-11ed-b7fc-005056c00001', 1, 'string', 'assignee1', 'e998f602-f165-11ed-b7fc-005056c00001', 'e998f602-f165-11ed-b7fc-005056c00001', NULL, NULL, NULL, NULL, 'lucy01', NULL);
INSERT INTO `ACT_RU_VARIABLE` VALUES ('fd2ed8b7-f165-11ed-b775-005056c00001', 1, 'string', 'assignee2', 'e998f602-f165-11ed-b7fc-005056c00001', 'e998f602-f165-11ed-b7fc-005056c00001', NULL, NULL, NULL, NULL, 'zhao', NULL);
INSERT INTO `ACT_RU_VARIABLE` VALUES ('fd37d96c-f165-11ed-b775-005056c00001', 1, 'string', 'assignee2', 'e999b955-f165-11ed-b7fc-005056c00001', 'e998f602-f165-11ed-b7fc-005056c00001', 'fd37643b-f165-11ed-b775-005056c00001', NULL, NULL, NULL, 'zhao', NULL);
INSERT INTO `ACT_RU_VARIABLE` VALUES ('fd37d96e-f165-11ed-b775-005056c00001', 1, 'string', 'assignee1', 'e999b955-f165-11ed-b7fc-005056c00001', 'e998f602-f165-11ed-b7fc-005056c00001', 'fd37643b-f165-11ed-b775-005056c00001', NULL, NULL, NULL, 'lucy01', NULL);

-- ----------------------------
-- Table structure for oa_process
-- ----------------------------
DROP TABLE IF EXISTS `oa_process`;
CREATE TABLE `oa_process`  (
  `id` bigint NOT NULL AUTO_INCREMENT COMMENT 'id',
  `process_code` varchar(50) CHARACTER SET utf8 COLLATE utf8_general_ci NOT NULL DEFAULT '' COMMENT 'code',
  `user_id` bigint NOT NULL DEFAULT 0 COMMENT 'id',
  `process_template_id` bigint NULL DEFAULT NULL COMMENT 'id',
  `process_type_id` bigint NULL DEFAULT NULL COMMENT 'id',
  `title` varchar(255) CHARACTER SET utf8 COLLATE utf8_general_ci NULL DEFAULT NULL COMMENT '',
  `description` varchar(255) CHARACTER SET utf8 COLLATE utf8_general_ci NULL DEFAULT NULL COMMENT '',
  `form_values` text CHARACTER SET utf8 COLLATE utf8_general_ci NULL COMMENT '',
  `process_instance_id` varchar(255) CHARACTER SET utf8 COLLATE utf8_general_ci NULL DEFAULT NULL COMMENT 'id',
  `current_auditor` varchar(255) CHARACTER SET utf8 COLLATE utf8_general_ci NULL DEFAULT NULL COMMENT '',
  `status` tinyint NULL DEFAULT NULL COMMENT '0 1 2 -1',
  `create_time` timestamp NOT NULL DEFAULT CURRENT_TIMESTAMP COMMENT '',
  `update_time` timestamp NOT NULL DEFAULT CURRENT_TIMESTAMP ON UPDATE CURRENT_TIMESTAMP COMMENT '',
  `is_deleted` tinyint NOT NULL DEFAULT 0 COMMENT '0: 1:',
  PRIMARY KEY (`id`) USING BTREE
) ENGINE = InnoDB AUTO_INCREMENT = 7 CHARACTER SET = utf8 COLLATE = utf8_general_ci COMMENT = '' ROW_FORMAT = Dynamic;

-- ----------------------------
-- Records of oa_process
-- ----------------------------
INSERT INTO `oa_process` VALUES (2, '1684762959293', 1, 5, 2, 'admin', '', '{\"formData\":{\"days\":\"2\",\"begin\":\"2023-05-23\",\"end\":\"2023-05-24\",\"reason\":\"\"},\"formShowData\":{\"\":\"2\",\"\":\"2023-05-23\",\"\":\"2023-05-24\",\"\":\"\"}}', '84b55898-f8a6-11ed-af44-005056c00001', NULL, 1, '2023-05-22 13:10:02', '2023-05-22 13:10:02', 0);
INSERT INTO `oa_process` VALUES (3, '1685282725389', 4, 5, 2, '', '', '{\"formData\":{\"days\":\"3\",\"begin\":\"2023-05-28\",\"end\":\"2023-05-30\",\"reason\":\"\"},\"formShowData\":{\"\":\"3\",\"\":\"2023-05-28\",\"\":\"2023-05-30\",\"\":\"\"}}', 'b17e8598-fd60-11ed-a983-005056c00001', NULL, 1, '2023-05-28 14:05:25', '2023-05-28 14:05:26', 0);
INSERT INTO `oa_process` VALUES (4, '1685283159629', 4, 5, 2, '', '', '{\"formData\":{\"days\":\"3\",\"begin\":\"2023-05-28\",\"end\":\"2023-05-30\",\"reason\":\"\"},\"formShowData\":{\"\":\"3\",\"\":\"2023-05-28\",\"\":\"2023-05-30\",\"\":\"\"}}', 'b451ad10-fd61-11ed-86a1-005056c00001', NULL, 1, '2023-05-28 14:12:39', '2023-05-28 14:12:40', 0);
INSERT INTO `oa_process` VALUES (5, '1685283334586', 4, 5, 2, '', '', '{\"formData\":{\"days\":\"3\",\"begin\":\"2023-05-28\",\"end\":\"2023-05-30\",\"reason\":\"\"},\"formShowData\":{\"\":\"3\",\"\":\"2023-05-28\",\"\":\"2023-05-30\",\"\":\"\"}}', '1c9989bf-fd62-11ed-99ea-005056c00001', NULL, 1, '2023-05-28 14:15:34', '2023-05-28 14:15:35', 0);
INSERT INTO `oa_process` VALUES (6, '1685283572697', 4, 5, 2, '', '', '{\"formData\":{\"days\":\"3\",\"begin\":\"2023-05-28\",\"end\":\"2023-05-30\",\"reason\":\"\"},\"formShowData\":{\"\":\"3\",\"\":\"2023-05-28\",\"\":\"2023-05-30\",\"\":\"\"}}', 'aa8727cc-fd62-11ed-8869-005056c00001', NULL, 1, '2023-05-28 14:19:32', '2023-05-28 14:19:33', 0);
INSERT INTO `oa_process` VALUES (7, '1685283895511', 4, 5, 2, '', '', '{\"formData\":{\"days\":\"3\",\"begin\":\"2023-05-28\",\"end\":\"2023-05-29\",\"reason\":\"\"},\"formShowData\":{\"\":\"3\",\"\":\"2023-05-28\",\"\":\"2023-05-29\",\"\":\"\"}}', '6af40571-fd63-11ed-92f4-005056c00001', NULL, 1, '2023-05-28 14:24:55', '2023-05-28 14:24:56', 0);
INSERT INTO `oa_process` VALUES (8, '1685283990036', 4, 5, 2, '', '', '{\"formData\":{\"days\":\"3\",\"begin\":\"2023-05-28\",\"end\":\"2023-05-30\",\"reason\":\"\"},\"formShowData\":{\"\":\"3\",\"\":\"2023-05-28\",\"\":\"2023-05-30\",\"\":\"\"}}', 'a34745c8-fd63-11ed-b93c-005056c00001', NULL, -1, '2023-05-28 14:26:29', '2023-05-28 14:26:30', 0);
INSERT INTO `oa_process` VALUES (9, '1685284105946', 4, 5, 2, '', '', '{\"formData\":{\"days\":\"3\",\"begin\":\"2023-05-31\",\"end\":\"2023-06-03\",\"reason\":\"\"},\"formShowData\":{\"\":\"3\",\"\":\"2023-05-31\",\"\":\"2023-06-03\",\"\":\"\"}}', 'e85de2ec-fd63-11ed-ac57-005056c00001', NULL, -1, '2023-05-28 14:28:25', '2023-05-28 14:28:26', 0);
INSERT INTO `oa_process` VALUES (10, '1685284279041', 4, 5, 2, '', '', '{\"formData\":{\"days\":\"3\",\"begin\":\"2023-05-28\",\"end\":\"2023-05-31\",\"reason\":\"\"},\"formShowData\":{\"\":\"3\",\"\":\"2023-05-28\",\"\":\"2023-05-31\",\"\":\"\"}}', '4f8b00d1-fd64-11ed-b141-005056c00001', NULL, -1, '2023-05-28 14:31:18', '2023-05-28 14:31:19', 0);
INSERT INTO `oa_process` VALUES (11, '1685284329108', 4, 5, 2, '', '', '{\"formData\":{\"days\":\"3\",\"begin\":\"2023-05-28\",\"end\":\"2023-05-31\",\"reason\":\"\"},\"formShowData\":{\"\":\"3\",\"\":\"2023-05-28\",\"\":\"2023-05-31\",\"\":\"\"}}', '6d54472b-fd64-11ed-b141-005056c00001', NULL, 1, '2023-05-28 14:32:08', '2023-05-28 14:33:20', 0);

-- ----------------------------
-- Table structure for oa_process_record
-- ----------------------------
DROP TABLE IF EXISTS `oa_process_record`;
CREATE TABLE `oa_process_record`  (
  `id` bigint NOT NULL AUTO_INCREMENT COMMENT 'id',
  `process_id` bigint NOT NULL DEFAULT 0 COMMENT 'id',
  `description` varchar(255) CHARACTER SET utf8 COLLATE utf8_general_ci NULL DEFAULT NULL COMMENT '',
  `status` tinyint NULL DEFAULT 0 COMMENT '',
  `operate_user_id` bigint NOT NULL DEFAULT 0 COMMENT 'id',
  `operate_user` varchar(20) CHARACTER SET utf8 COLLATE utf8_general_ci NULL DEFAULT NULL COMMENT '',
  `create_time` timestamp NOT NULL DEFAULT CURRENT_TIMESTAMP COMMENT '',
  `update_time` timestamp NOT NULL DEFAULT CURRENT_TIMESTAMP ON UPDATE CURRENT_TIMESTAMP COMMENT '',
  `is_deleted` tinyint NOT NULL DEFAULT 0 COMMENT '0: 1:',
  PRIMARY KEY (`id`) USING BTREE
) ENGINE = InnoDB AUTO_INCREMENT = 17 CHARACTER SET = utf8 COLLATE = utf8_general_ci COMMENT = '' ROW_FORMAT = Dynamic;

-- ----------------------------
-- Records of oa_process_record
-- ----------------------------
INSERT INTO `oa_process_record` VALUES (2, 2, '', 1, 1, 'admin', '2023-05-22 13:10:02', '2023-05-22 13:10:02', 0);
INSERT INTO `oa_process_record` VALUES (3, 2, '', 1, 7, '', '2023-05-24 07:29:25', '2023-05-24 07:29:25', 0);
INSERT INTO `oa_process_record` VALUES (4, 3, '', 1, 4, '', '2023-05-28 14:05:26', '2023-05-28 14:05:26', 0);
INSERT INTO `oa_process_record` VALUES (5, 4, '', 1, 4, '', '2023-05-28 14:12:40', '2023-05-28 14:12:40', 0);
INSERT INTO `oa_process_record` VALUES (6, 5, '', 1, 4, '', '2023-05-28 14:15:35', '2023-05-28 14:15:35', 0);
INSERT INTO `oa_process_record` VALUES (7, 6, '', 1, 4, '', '2023-05-28 14:19:33', '2023-05-28 14:19:33', 0);
INSERT INTO `oa_process_record` VALUES (8, 7, '', 1, 4, '', '2023-05-28 14:24:56', '2023-05-28 14:24:56', 0);
INSERT INTO `oa_process_record` VALUES (9, 8, '', 1, 4, '', '2023-05-28 14:26:30', '2023-05-28 14:26:30', 0);
INSERT INTO `oa_process_record` VALUES (10, 9, '', 1, 4, '', '2023-05-28 14:28:26', '2023-05-28 14:28:26', 0);
INSERT INTO `oa_process_record` VALUES (11, 10, '', 1, 4, '', '2023-05-28 14:31:19', '2023-05-28 14:31:19', 0);
INSERT INTO `oa_process_record` VALUES (12, 11, '', 1, 4, '', '2023-05-28 14:33:20', '2023-05-28 14:33:20', 0);
INSERT INTO `oa_process_record` VALUES (13, 11, '', 1, 7, '', '2023-05-28 14:47:27', '2023-05-28 14:47:27', 0);
INSERT INTO `oa_process_record` VALUES (14, 10, '', -1, 7, '', '2023-05-28 14:50:47', '2023-05-28 14:50:47', 0);
INSERT INTO `oa_process_record` VALUES (15, 9, '', -1, 7, '', '2023-05-28 14:53:23', '2023-05-28 14:53:23', 0);
INSERT INTO `oa_process_record` VALUES (16, 8, '', -1, 7, '', '2023-05-28 14:54:09', '2023-05-28 14:54:09', 0);

-- ----------------------------
-- Table structure for oa_process_template
-- ----------------------------
DROP TABLE IF EXISTS `oa_process_template`;
CREATE TABLE `oa_process_template`  (
  `id` bigint NOT NULL AUTO_INCREMENT COMMENT 'id',
  `name` varchar(20) CHARACTER SET utf8 COLLATE utf8_general_ci NOT NULL DEFAULT '' COMMENT '',
  `icon_url` varchar(100) CHARACTER SET utf8 COLLATE utf8_general_ci NULL DEFAULT NULL COMMENT '',
  `process_type_id` varchar(255) CHARACTER SET utf8 COLLATE utf8_general_ci NULL DEFAULT NULL,
  `form_props` text CHARACTER SET utf8 COLLATE utf8_general_ci NULL COMMENT '',
  `form_options` text CHARACTER SET utf8 COLLATE utf8_general_ci NULL COMMENT '',
  `process_definition_key` varchar(20) CHARACTER SET utf8 COLLATE utf8_general_ci NULL DEFAULT NULL COMMENT 'key',
  `process_definition_path` varchar(255) CHARACTER SET utf8 COLLATE utf8_general_ci NULL DEFAULT NULL COMMENT '',
  `process_model_id` varchar(255) CHARACTER SET utf8 COLLATE utf8_general_ci NULL DEFAULT NULL COMMENT 'id',
  `description` varchar(255) CHARACTER SET utf8 COLLATE utf8_general_ci NULL DEFAULT NULL COMMENT '',
  `status` tinyint NOT NULL DEFAULT 0,
  `create_time` timestamp NOT NULL DEFAULT CURRENT_TIMESTAMP COMMENT '',
  `update_time` timestamp NOT NULL DEFAULT CURRENT_TIMESTAMP ON UPDATE CURRENT_TIMESTAMP COMMENT '',
  `is_deleted` tinyint NOT NULL DEFAULT 0 COMMENT '0: 1:',
  PRIMARY KEY (`id`) USING BTREE
) ENGINE = InnoDB AUTO_INCREMENT = 6 CHARACTER SET = utf8 COLLATE = utf8_general_ci COMMENT = '' ROW_FORMAT = Dynamic;

-- ----------------------------
-- Records of oa_process_template
-- ----------------------------
INSERT INTO `oa_process_template` VALUES (1, '', 'https://gw.alicdn.com/tfs/TB1bHOWCSzqK1RjSZFjXXblCFXa-112-112.png', '1', '[{\"type\":\"datePicker\",\"field\":\"sdate\",\"title\":\"\",\"info\":\"\",\"_fc_drag_tag\":\"datePicker\",\"hidden\":false,\"display\":true,\"validate\":[{\"trigger\":\"change\",\"mode\":\"required\",\"message\":\"\",\"required\":true,\"type\":\"string\"}]},{\"type\":\"datePicker\",\"field\":\"edate\",\"title\":\"\",\"info\":\"\",\"_fc_drag_tag\":\"datePicker\",\"hidden\":false,\"display\":true,\"validate\":[{\"trigger\":\"change\",\"mode\":\"required\",\"message\":\"\",\"required\":true,\"type\":\"string\"}]},{\"type\":\"input\",\"field\":\"day\",\"title\":\"\",\"info\":\"\",\"_fc_drag_tag\":\"input\",\"hidden\":false,\"display\":true,\"validate\":[{\"trigger\":\"change\",\"mode\":\"required\",\"message\":\"\",\"required\":true,\"type\":\"string\"}]},{\"type\":\"input\",\"field\":\"reason\",\"title\":\"\",\"info\":\"\",\"props\":{\"type\":\"textarea\",\"rows\":4},\"_fc_drag_tag\":\"input\",\"hidden\":false,\"display\":true,\"validate\":[{\"trigger\":\"change\",\"mode\":\"required\",\"message\":\"\",\"required\":true,\"type\":\"string\"}]},{\"type\":\"select\",\"field\":\"dept\",\"title\":\"\",\"info\":\"\",\"effect\":{\"fetch\":\"\"},\"options\":[{\"value\":\"\",\"label\":\"\"},{\"value\":\"\",\"label\":\"\"},{\"label\":\"\",\"value\":\"\"},{\"label\":\"\",\"value\":\"\"}],\"_fc_drag_tag\":\"select\",\"hidden\":false,\"display\":true}]', '{\n    \"form\": {\n        \"labelPosition\": \"right\",\n        \"size\": \"medium\",\n        \"labelWidth\": \"80px\",\n        \"hideRequiredAsterisk\": false,\n        \"showMessage\": true,\n        \"inlineMessage\": false\n    },\n    \"submitBtn\": {\n                         \"innerText\":\" \",\n                        \"round\":true,\n                        \"width\": \"280px\",\n                        \"type\":\"primary\"\n                     },\n    \"resetBtn\": false\n}\n', 'jiaban', '', '', '', 1, '2022-12-07 14:33:51', '2022-12-27 09:12:58', 0);
INSERT INTO `oa_process_template` VALUES (2, '', 'https://gw.alicdn.com/imgextra/i3/O1CN01LLn0YV1LhBXs7T2iO_!!6000000001330-2-tps-120-120.png', '2', '[{\"type\":\"datePicker\",\"field\":\"sdate\",\"title\":\"\",\"info\":\"\",\"_fc_drag_tag\":\"datePicker\",\"hidden\":false,\"display\":true,\"validate\":[{\"trigger\":\"change\",\"mode\":\"required\",\"message\":\"\",\"required\":true,\"type\":\"string\"}]},{\"type\":\"datePicker\",\"field\":\"edate\",\"title\":\"\",\"info\":\"\",\"_fc_drag_tag\":\"datePicker\",\"hidden\":false,\"display\":true,\"validate\":[{\"trigger\":\"change\",\"mode\":\"required\",\"message\":\"\",\"required\":true,\"type\":\"string\"}]},{\"type\":\"input\",\"field\":\"day\",\"title\":\"\",\"info\":\"\",\"_fc_drag_tag\":\"input\",\"hidden\":false,\"display\":true,\"validate\":[{\"trigger\":\"change\",\"mode\":\"required\",\"message\":\"\",\"required\":true,\"type\":\"string\"}]},{\"type\":\"input\",\"field\":\"reason\",\"title\":\"\",\"info\":\"\",\"props\":{\"type\":\"textarea\",\"rows\":4},\"_fc_drag_tag\":\"input\",\"hidden\":false,\"display\":true,\"validate\":[{\"trigger\":\"change\",\"mode\":\"required\",\"message\":\"\",\"required\":true,\"type\":\"string\"}]},{\"type\":\"select\",\"field\":\"dept\",\"title\":\"\",\"info\":\"\",\"effect\":{\"fetch\":\"\"},\"options\":[{\"value\":\"\",\"label\":\"\"},{\"value\":\"\",\"label\":\"\"},{\"label\":\"\",\"value\":\"\"},{\"label\":\"\",\"value\":\"\"}],\"_fc_drag_tag\":\"select\",\"hidden\":false,\"display\":true}]', '{\n    \"form\": {\n        \"labelPosition\": \"right\",\n        \"size\": \"medium\",\n        \"labelWidth\": \"80px\",\n        \"hideRequiredAsterisk\": false,\n        \"showMessage\": true,\n        \"inlineMessage\": false\n    },\n    \"submitBtn\": {\n                         \"innerText\":\" \",\n                        \"round\":true,\n                        \"width\": \"280px\",\n                        \"type\":\"primary\"\n                     },\n    \"resetBtn\": false\n}\n', 'qingjia', '', '', '', 0, '2022-12-07 15:04:02', '2022-12-27 09:13:00', 0);
INSERT INTO `oa_process_template` VALUES (3, '', 'https://gw.alicdn.com/tfs/TB1e76lCOLaK1RjSZFxXXamPFXa-112-112.png', '3', '[{\"type\":\"datePicker\",\"field\":\"sdate\",\"title\":\"\",\"info\":\"\",\"_fc_drag_tag\":\"datePicker\",\"hidden\":false,\"display\":true,\"validate\":[{\"trigger\":\"change\",\"mode\":\"required\",\"message\":\"\",\"required\":true,\"type\":\"string\"}],\"props\":{\"format\":\"\"}},{\"type\":\"input\",\"field\":\"amount\",\"title\":\"\",\"info\":\"\",\"_fc_drag_tag\":\"input\",\"hidden\":false,\"display\":true,\"validate\":[{\"trigger\":\"change\",\"mode\":\"required\",\"message\":\"\",\"required\":true,\"type\":\"string\"}]},{\"type\":\"select\",\"field\":\"F0ma1n7tec860p\",\"title\":\"\",\"info\":\"\",\"effect\":{\"fetch\":\"\"},\"options\":[{\"value\":\"\",\"label\":\"\"},{\"value\":\"\",\"label\":\"\"},{\"label\":\"\",\"value\":\"\"},{\"label\":\"\",\"value\":\"\"},{\"label\":\"\",\"value\":\"\"},{\"label\":\"\",\"value\":\"\"},{\"label\":\"\",\"value\":\"\"}],\"_fc_drag_tag\":\"select\",\"hidden\":false,\"display\":true,\"validate\":[{\"trigger\":\"change\",\"mode\":\"required\",\"message\":\"\",\"required\":true,\"type\":\"string\"}]},{\"type\":\"input\",\"field\":\"reason\",\"title\":\"\",\"info\":\"\",\"props\":{\"type\":\"textarea\",\"rows\":4},\"_fc_drag_tag\":\"input\",\"hidden\":false,\"display\":true},{\"type\":\"select\",\"field\":\"dept\",\"title\":\"\",\"info\":\"\",\"effect\":{\"fetch\":\"\"},\"options\":[{\"value\":\"\",\"label\":\"\"},{\"value\":\"\",\"label\":\"\"},{\"label\":\"\",\"value\":\"\"},{\"label\":\"\",\"value\":\"\"}],\"_fc_drag_tag\":\"select\",\"hidden\":false,\"display\":true},{\"type\":\"input\",\"field\":\"content\",\"title\":\"\",\"info\":\"\",\"props\":{\"type\":\"textarea\",\"rows\":4},\"_fc_drag_tag\":\"input\",\"hidden\":false,\"display\":true,\"validate\":[{\"trigger\":\"change\",\"mode\":\"required\",\"message\":\"\",\"required\":true,\"type\":\"string\"}]},{\"type\":\"switch\",\"field\":\"F9hn1n7twlkcfk\",\"title\":\"\",\"info\":\"\",\"_fc_drag_tag\":\"switch\",\"hidden\":false,\"display\":true},{\"type\":\"span\",\"title\":\"\",\"native\":false,\"children\":[\"\"],\"_fc_drag_tag\":\"span\",\"hidden\":false,\"display\":true}]', ' ', 'feiyong', '', '', '', 0, '2022-12-08 10:35:33', '2022-12-26 21:00:01', 0);
INSERT INTO `oa_process_template` VALUES (4, '', 'https://gw.alicdn.com/tfs/TB11pS_CFzqK1RjSZSgXXcpAVXa-102-102.png', '2', '[{\"type\":\"input\",\"field\":\"F0wc5yxa5dhjp\",\"title\":\"\",\"info\":\"\",\"_fc_drag_tag\":\"input\",\"hidden\":false,\"display\":true},{\"type\":\"datePicker\",\"field\":\"Fyw15yxa5hxzc\",\"title\":\"\",\"info\":\"\",\"_fc_drag_tag\":\"datePicker\",\"hidden\":false,\"display\":true},{\"type\":\"input\",\"field\":\"Fqfr1np8ywpkgq\",\"title\":\"\",\"info\":\"\",\"_fc_drag_tag\":\"input\",\"hidden\":false,\"display\":true},{\"type\":\"datePicker\",\"field\":\"Faep1np8yy9ysh\",\"title\":\"\",\"info\":\"\",\"_fc_drag_tag\":\"datePicker\",\"hidden\":false,\"display\":true}]', '{\"form\":{\"labelPosition\":\"right\",\"size\":\"mini\",\"labelWidth\":\"125px\",\"hideRequiredAsterisk\":false,\"showMessage\":true,\"inlineMessage\":false},\"submitBtn\":true,\"resetBtn\":false}', 'test', 'processes/test.zip', NULL, '', 1, '2023-05-16 12:30:38', '2023-05-22 12:39:56', 0);
INSERT INTO `oa_process_template` VALUES (5, '', 'https://gw.alicdn.com/tfs/TB1cbCYCPTpK1RjSZKPXXa3UpXa-112-112.png', '2', '[{\"type\":\"input\",\"field\":\"days\",\"title\":\"\",\"info\":\"\",\"_fc_drag_tag\":\"input\",\"hidden\":false,\"display\":true},{\"type\":\"datePicker\",\"field\":\"begin\",\"title\":\"\",\"info\":\"\",\"_fc_drag_tag\":\"datePicker\",\"hidden\":false,\"display\":true},{\"type\":\"datePicker\",\"field\":\"end\",\"title\":\"\",\"info\":\"\",\"_fc_drag_tag\":\"datePicker\",\"hidden\":false,\"display\":true},{\"type\":\"input\",\"field\":\"reason\",\"title\":\"\",\"info\":\"\",\"_fc_drag_tag\":\"input\",\"hidden\":false,\"display\":true}]', '{\"form\":{\"labelPosition\":\"right\",\"size\":\"mini\",\"labelWidth\":\"125px\",\"hideRequiredAsterisk\":false,\"showMessage\":true,\"inlineMessage\":false},\"submitBtn\":true,\"resetBtn\":false}', 'qingjia', 'processes/qingjia.zip', NULL, '', 1, '2023-05-22 11:39:10', '2023-05-22 12:41:02', 0);

-- ----------------------------
-- Table structure for oa_process_type
-- ----------------------------
DROP TABLE IF EXISTS `oa_process_type`;
CREATE TABLE `oa_process_type`  (
  `id` bigint NOT NULL AUTO_INCREMENT COMMENT 'id',
  `name` varchar(20) CHARACTER SET utf8 COLLATE utf8_general_ci NOT NULL DEFAULT '' COMMENT '',
  `description` varchar(255) CHARACTER SET utf8 COLLATE utf8_general_ci NULL DEFAULT NULL COMMENT '',
  `create_time` timestamp NOT NULL DEFAULT CURRENT_TIMESTAMP COMMENT '',
  `update_time` timestamp NOT NULL DEFAULT CURRENT_TIMESTAMP ON UPDATE CURRENT_TIMESTAMP COMMENT '',
  `is_deleted` tinyint NOT NULL DEFAULT 0 COMMENT '0: 1:',
  PRIMARY KEY (`id`) USING BTREE
) ENGINE = InnoDB AUTO_INCREMENT = 5 CHARACTER SET = utf8 COLLATE = utf8_general_ci COMMENT = '' ROW_FORMAT = Dynamic;

-- ----------------------------
-- Records of oa_process_type
-- ----------------------------
INSERT INTO `oa_process_type` VALUES (1, '', '', '2022-12-06 09:35:12', '2022-12-06 09:36:13', 0);
INSERT INTO `oa_process_type` VALUES (2, '', '', '2022-12-06 09:35:19', '2022-12-06 09:36:16', 0);
INSERT INTO `oa_process_type` VALUES (3, '', '', '2022-12-06 09:35:29', '2022-12-06 09:36:17', 0);
INSERT INTO `oa_process_type` VALUES (4, 'test1', 'test1', '2023-05-15 07:42:27', '2023-05-15 07:42:44', 1);

-- ----------------------------
-- Table structure for sys_menu
-- ----------------------------
DROP TABLE IF EXISTS `sys_menu`;
CREATE TABLE `sys_menu`  (
  `id` bigint NOT NULL AUTO_INCREMENT COMMENT '',
  `parent_id` bigint NOT NULL DEFAULT 0 COMMENT '',
  `name` varchar(20) CHARACTER SET utf8mb4 COLLATE utf8mb4_0900_ai_ci NOT NULL DEFAULT '' COMMENT '',
  `type` tinyint NOT NULL DEFAULT 0 COMMENT '(0:,1:,2:)',
  `path` varchar(100) CHARACTER SET utf8mb4 COLLATE utf8mb4_0900_ai_ci NULL DEFAULT NULL COMMENT '',
  `component` varchar(100) CHARACTER SET utf8mb4 COLLATE utf8mb4_0900_ai_ci NULL DEFAULT NULL COMMENT '',
  `perms` varchar(100) CHARACTER SET utf8mb4 COLLATE utf8mb4_0900_ai_ci NULL DEFAULT NULL COMMENT '',
  `icon` varchar(100) CHARACTER SET utf8mb4 COLLATE utf8mb4_0900_ai_ci NULL DEFAULT NULL COMMENT '',
  `sort_value` int NULL DEFAULT NULL COMMENT '',
  `status` tinyint NULL DEFAULT NULL COMMENT '(0:,1:)',
  `create_time` timestamp NOT NULL DEFAULT CURRENT_TIMESTAMP COMMENT '',
  `update_time` timestamp NOT NULL DEFAULT CURRENT_TIMESTAMP ON UPDATE CURRENT_TIMESTAMP COMMENT '',
  `is_deleted` tinyint NOT NULL DEFAULT 0 COMMENT '0: 1:',
  PRIMARY KEY (`id`) USING BTREE,
  INDEX `idx_parent_id`(`parent_id` ASC) USING BTREE
) ENGINE = InnoDB AUTO_INCREMENT = 66 CHARACTER SET = utf8mb4 COLLATE = utf8mb4_0900_ai_ci COMMENT = '' ROW_FORMAT = Dynamic;

-- ----------------------------
-- Records of sys_menu
-- ----------------------------
INSERT INTO `sys_menu` VALUES (2, 0, '', 0, 'system', 'Layout', NULL, 'el-icon-s-tools', 1, 1, '2021-05-31 18:05:37', '2022-06-09 09:23:24', 0);
INSERT INTO `sys_menu` VALUES (3, 2, '', 1, 'sysUser', 'system/sysUser/list', '', 'el-icon-s-custom', 1, 1, '2021-05-31 18:05:37', '2022-06-09 09:22:47', 0);
INSERT INTO `sys_menu` VALUES (4, 2, '', 1, 'sysRole', 'system/sysRole/list', '', 'el-icon-user-solid', 2, 1, '2021-05-31 18:05:37', '2022-06-09 09:37:18', 0);
INSERT INTO `sys_menu` VALUES (5, 2, '', 1, 'sysMenu', 'system/sysMenu/list', '', 'el-icon-s-unfold', 3, 1, '2021-05-31 18:05:37', '2022-06-09 09:37:21', 0);
INSERT INTO `sys_menu` VALUES (6, 3, '', 2, NULL, NULL, 'bnt.sysUser.list', NULL, 1, 1, '2021-05-31 18:05:37', '2022-06-09 09:22:38', 0);
INSERT INTO `sys_menu` VALUES (7, 3, '', 2, NULL, NULL, 'bnt.sysUser.add', NULL, 1, 1, '2021-05-31 18:05:37', '2022-06-09 09:22:38', 0);
INSERT INTO `sys_menu` VALUES (8, 3, '', 2, NULL, NULL, 'bnt.sysUser.update', NULL, 1, 1, '2021-05-31 18:05:37', '2022-06-09 09:22:38', 0);
INSERT INTO `sys_menu` VALUES (9, 3, '', 2, NULL, NULL, 'bnt.sysUser.remove', NULL, 1, 1, '2021-05-31 18:05:37', '2022-06-09 09:22:38', 0);
INSERT INTO `sys_menu` VALUES (10, 4, '', 2, NULL, NULL, 'bnt.sysRole.list', NULL, 1, 1, '2021-05-31 18:05:37', '2022-06-09 09:22:38', 0);
INSERT INTO `sys_menu` VALUES (11, 4, '', 2, NULL, NULL, 'bnt.sysRole.add', NULL, 1, 1, '2021-05-31 18:05:37', '2022-06-09 09:22:38', 0);
INSERT INTO `sys_menu` VALUES (12, 4, '', 2, NULL, NULL, 'bnt.sysRole.update', NULL, 1, 1, '2021-05-31 18:05:37', '2022-06-09 09:22:38', 0);
INSERT INTO `sys_menu` VALUES (13, 4, '', 2, NULL, NULL, 'bnt.sysRole.remove', NULL, 1, 1, '2021-05-31 18:05:37', '2022-06-09 09:22:38', 0);
INSERT INTO `sys_menu` VALUES (14, 5, '', 2, NULL, NULL, 'bnt.sysMenu.list', NULL, 1, 1, '2021-05-31 18:05:37', '2022-06-09 09:22:38', 0);
INSERT INTO `sys_menu` VALUES (15, 5, '', 2, NULL, NULL, 'bnt.sysMenu.add', NULL, 1, 1, '2021-05-31 18:05:37', '2022-06-09 09:22:38', 0);
INSERT INTO `sys_menu` VALUES (16, 5, '', 2, NULL, NULL, 'bnt.sysMenu.update', NULL, 1, 1, '2021-05-31 18:05:37', '2022-06-09 09:22:38', 0);
INSERT INTO `sys_menu` VALUES (17, 5, '', 2, NULL, NULL, 'bnt.sysMenu.remove', NULL, 1, 1, '2021-05-31 18:05:37', '2022-06-09 09:22:38', 0);
INSERT INTO `sys_menu` VALUES (18, 3, '', 2, NULL, NULL, 'bnt.sysUser.assignRole', NULL, 1, 1, '2022-05-23 17:14:32', '2022-06-09 09:22:38', 0);
INSERT INTO `sys_menu` VALUES (19, 4, '', 2, 'assignAuth', 'system/sysRole/assignAuth', 'bnt.sysRole.assignAuth', NULL, 1, 1, '2022-05-23 17:18:14', '2022-06-09 09:22:38', 0);
INSERT INTO `sys_menu` VALUES (20, 2, '', 1, 'sysDept', 'system/sysDept/list', '', 'el-icon-s-operation', 4, 1, '2022-05-24 10:07:05', '2022-06-09 09:38:12', 0);
INSERT INTO `sys_menu` VALUES (21, 20, '', 2, NULL, NULL, 'bnt.sysDept.list', NULL, 1, 1, '2022-05-24 10:07:44', '2022-06-09 09:22:38', 0);
INSERT INTO `sys_menu` VALUES (22, 2, '', 1, 'sysPost', 'system/sysPost/list', '', 'el-icon-more-outline', 5, 1, '2022-05-24 10:25:30', '2022-06-09 09:38:13', 0);
INSERT INTO `sys_menu` VALUES (23, 22, '', 2, NULL, NULL, 'bnt.sysPost.list', NULL, 1, 1, '2022-05-24 10:25:45', '2022-06-09 09:22:38', 0);
INSERT INTO `sys_menu` VALUES (24, 20, '', 2, NULL, NULL, 'bnt.sysDept.add', NULL, 1, 1, '2022-05-25 15:31:27', '2022-06-09 09:22:38', 0);
INSERT INTO `sys_menu` VALUES (25, 20, '', 2, NULL, NULL, 'bnt.sysDept.update', NULL, 1, 1, '2022-05-25 15:31:41', '2022-06-09 09:22:38', 0);
INSERT INTO `sys_menu` VALUES (26, 20, '', 2, NULL, NULL, 'bnt.sysDept.remove', NULL, 1, 1, '2022-05-25 15:31:59', '2022-06-09 09:22:38', 0);
INSERT INTO `sys_menu` VALUES (27, 22, '', 2, NULL, NULL, 'bnt.sysPost.add', NULL, 1, 1, '2022-05-25 15:32:44', '2022-06-09 09:22:38', 0);
INSERT INTO `sys_menu` VALUES (28, 22, '', 2, NULL, NULL, 'bnt.sysPost.update', NULL, 1, 1, '2022-05-25 15:32:58', '2022-06-09 09:22:38', 0);
INSERT INTO `sys_menu` VALUES (29, 22, '', 2, NULL, NULL, 'bnt.sysPost.remove', NULL, 1, 1, '2022-05-25 15:33:11', '2022-06-09 09:22:38', 0);
INSERT INTO `sys_menu` VALUES (30, 34, '', 1, 'sysOperLog', 'system/sysOperLog/list', '', 'el-icon-document-remove', 7, 1, '2022-05-26 16:09:59', '2022-06-09 09:39:23', 0);
INSERT INTO `sys_menu` VALUES (31, 30, '', 2, NULL, NULL, 'bnt.sysOperLog.list', NULL, 1, 1, '2022-05-26 16:10:17', '2022-06-09 09:22:38', 0);
INSERT INTO `sys_menu` VALUES (32, 34, '', 1, 'sysLoginLog', 'system/sysLoginLog/list', '', 'el-icon-s-goods', 8, 1, '2022-05-26 16:36:13', '2022-06-09 09:39:24', 0);
INSERT INTO `sys_menu` VALUES (33, 32, '', 2, NULL, NULL, 'bnt.sysLoginLog.list', NULL, 1, 1, '2022-05-26 16:36:31', '2022-06-09 09:36:36', 0);
INSERT INTO `sys_menu` VALUES (34, 2, '', 0, 'log', 'ParentView', '', 'el-icon-tickets', 6, 1, '2022-05-31 13:23:07', '2022-06-09 09:39:22', 0);
INSERT INTO `sys_menu` VALUES (35, 0, '', 0, 'processSet', 'Layout', '', 'el-icon-setting', 1, 1, '2022-12-01 09:32:46', '2022-12-01 09:32:46', 0);
INSERT INTO `sys_menu` VALUES (36, 35, '', 1, 'processTemplate', 'processSet/processTemplate/list', '', 'el-icon-s-help', 2, 1, '2022-12-01 09:37:08', '2022-12-19 14:10:48', 0);
INSERT INTO `sys_menu` VALUES (37, 36, '', 2, '', '', 'bnt.processTemplate.list', '', 1, 1, '2022-12-01 09:37:49', '2022-12-01 09:37:49', 0);
INSERT INTO `sys_menu` VALUES (38, 36, '', 2, 'templateSet', 'processSet/processTemplate/templateSet', 'bnt.processTemplate.templateSet', '', 1, 1, '2022-12-01 14:52:08', '2022-12-13 18:11:56', 0);
INSERT INTO `sys_menu` VALUES (39, 35, '', 1, 'processType', 'processSet/processType/list', '', 'el-icon-s-unfold', 1, 1, '2022-12-02 14:46:18', '2022-12-13 18:12:24', 0);
INSERT INTO `sys_menu` VALUES (40, 39, '', 2, '', '', 'bnt.processType.list', '', 1, 1, '2022-12-02 14:46:41', '2022-12-02 14:46:41', 0);
INSERT INTO `sys_menu` VALUES (41, 0, '', 0, 'processMgr', 'Layout', '', 'el-icon-more-outline', 1, 1, '2022-12-02 14:48:11', '2022-12-20 09:29:30', 0);
INSERT INTO `sys_menu` VALUES (42, 41, '', 1, 'process', 'processMgr/process/list', '', 'el-icon-document-remove', 1, 1, '2022-12-02 14:49:06', '2022-12-02 14:59:17', 0);
INSERT INTO `sys_menu` VALUES (43, 42, '', 2, '', '', 'bnt.process.list', '', 1, 1, '2022-12-02 14:49:24', '2022-12-02 14:49:24', 0);
INSERT INTO `sys_menu` VALUES (44, 36, '', 2, 'onlineProcessSet', 'processSet/processTemplate/onlineProcessSet', 'bnt.processTemplate.onlineProcessSet', '', 1, 1, '2022-12-08 10:13:15', '2022-12-19 18:57:35', 0);
INSERT INTO `sys_menu` VALUES (45, 39, '', 2, '', '', 'bnt.processType.add', '', 1, 1, '2022-12-09 09:14:53', '2022-12-09 09:14:53', 0);
INSERT INTO `sys_menu` VALUES (46, 39, '', 2, '', '', 'bnt.processType.update', '', 1, 1, '2022-12-09 09:15:10', '2022-12-09 09:15:10', 0);
INSERT INTO `sys_menu` VALUES (47, 39, '', 2, '', '', 'bnt.processType.remove', '', 1, 1, '2022-12-09 09:15:25', '2022-12-09 09:15:25', 0);
INSERT INTO `sys_menu` VALUES (48, 36, '', 2, '', '', 'bnt.processTemplate.remove', '', 1, 1, '2022-12-09 09:22:29', '2022-12-09 09:22:29', 0);
INSERT INTO `sys_menu` VALUES (49, 36, '', 2, '', '', 'bnt.processTemplate.publish', '', 1, 1, '2022-12-09 09:24:47', '2022-12-09 09:24:47', 0);
INSERT INTO `sys_menu` VALUES (50, 0, '', 0, 'wechat', 'Layout', '', 'el-icon-s-operation', 1, 1, '2022-12-13 09:06:58', '2022-12-21 11:20:55', 0);
INSERT INTO `sys_menu` VALUES (51, 50, '', 1, 'menu', 'wechat/menu/list', '', 'el-icon-s-help', 1, 1, '2022-12-13 09:07:52', '2022-12-13 09:09:49', 0);
INSERT INTO `sys_menu` VALUES (52, 51, '', 2, '', '', 'bnt.menu.list', '', 1, 1, '2022-12-13 09:08:48', '2022-12-13 17:58:23', 0);
INSERT INTO `sys_menu` VALUES (53, 51, '', 2, '', '', 'bnt.menu.add', '', 1, 1, '2022-12-13 16:29:25', '2022-12-13 17:58:34', 0);
INSERT INTO `sys_menu` VALUES (54, 51, '', 2, '', '', 'bnt.menu.update', '', 1, 1, '2022-12-13 16:29:41', '2022-12-13 17:58:42', 0);
INSERT INTO `sys_menu` VALUES (55, 51, '', 2, '', '', 'bnt.menu.remove', '', 1, 1, '2022-12-13 16:29:59', '2022-12-13 17:58:47', 0);
INSERT INTO `sys_menu` VALUES (56, 51, '', 2, '', '', 'bnt.menu.removeMenu', '', 1, 1, '2022-12-13 16:30:36', '2022-12-13 17:58:54', 0);
INSERT INTO `sys_menu` VALUES (57, 51, '', 2, '', '', 'bnt.menu.syncMenu', '', 1, 1, '2022-12-13 16:31:00', '2022-12-13 17:59:01', 0);

-- ----------------------------
-- Table structure for sys_role
-- ----------------------------
DROP TABLE IF EXISTS `sys_role`;
CREATE TABLE `sys_role`  (
  `id` bigint NOT NULL AUTO_INCREMENT COMMENT 'id',
  `role_name` varchar(20) CHARACTER SET utf8 COLLATE utf8_general_ci NOT NULL DEFAULT '' COMMENT '',
  `role_code` varchar(20) CHARACTER SET utf8 COLLATE utf8_general_ci NULL DEFAULT NULL COMMENT '',
  `description` varchar(255) CHARACTER SET utf8 COLLATE utf8_general_ci NULL DEFAULT NULL COMMENT '',
  `create_time` timestamp NOT NULL DEFAULT CURRENT_TIMESTAMP COMMENT '',
  `update_time` timestamp NOT NULL DEFAULT CURRENT_TIMESTAMP ON UPDATE CURRENT_TIMESTAMP COMMENT '',
  `is_deleted` tinyint NOT NULL DEFAULT 0 COMMENT '0: 1:',
  PRIMARY KEY (`id`) USING BTREE
) ENGINE = InnoDB AUTO_INCREMENT = 13 CHARACTER SET = utf8 COLLATE = utf8_general_ci COMMENT = '' ROW_FORMAT = Dynamic;

-- ----------------------------
-- Records of sys_role
-- ----------------------------
INSERT INTO `sys_role` VALUES (1, '', 'SYSTEM', '', '2021-05-31 18:09:18', '2022-06-08 09:21:10', 0);
INSERT INTO `sys_role` VALUES (2, '', 'COMMON', '', '2021-06-01 08:38:40', '2023-05-11 10:18:55', 0);
INSERT INTO `sys_role` VALUES (8, '', 'yhgly', NULL, '2022-06-08 17:39:04', '2022-06-08 17:39:04', 0);
INSERT INTO `sys_role` VALUES (12, '', 'jsgly', NULL, '2023-05-10 03:56:42', '2023-05-10 03:56:42', 0);

-- ----------------------------
-- Table structure for sys_role_menu
-- ----------------------------
DROP TABLE IF EXISTS `sys_role_menu`;
CREATE TABLE `sys_role_menu`  (
  `id` bigint NOT NULL AUTO_INCREMENT,
  `role_id` bigint NOT NULL DEFAULT 0,
  `menu_id` bigint NOT NULL DEFAULT 0,
  `create_time` timestamp NOT NULL DEFAULT CURRENT_TIMESTAMP COMMENT '',
  `update_time` timestamp NOT NULL DEFAULT CURRENT_TIMESTAMP ON UPDATE CURRENT_TIMESTAMP COMMENT '',
  `is_deleted` tinyint NOT NULL DEFAULT 0 COMMENT '0: 1:',
  PRIMARY KEY (`id`) USING BTREE,
  INDEX `idx_role_id`(`role_id` ASC) USING BTREE,
  INDEX `idx_menu_id`(`menu_id` ASC) USING BTREE
) ENGINE = InnoDB AUTO_INCREMENT = 92 CHARACTER SET = utf8 COLLATE = utf8_general_ci COMMENT = '' ROW_FORMAT = Dynamic;

-- ----------------------------
-- Records of sys_role_menu
-- ----------------------------
INSERT INTO `sys_role_menu` VALUES (1, 2, 2, '2022-06-02 16:11:27', '2022-06-02 16:16:10', 1);
INSERT INTO `sys_role_menu` VALUES (2, 2, 3, '2022-06-02 16:11:27', '2022-06-02 16:16:10', 1);
INSERT INTO `sys_role_menu` VALUES (3, 2, 6, '2022-06-02 16:11:27', '2022-06-02 16:16:10', 1);
INSERT INTO `sys_role_menu` VALUES (4, 2, 7, '2022-06-02 16:11:27', '2022-06-02 16:16:10', 1);
INSERT INTO `sys_role_menu` VALUES (5, 2, 8, '2022-06-02 16:11:27', '2022-06-02 16:16:10', 1);
INSERT INTO `sys_role_menu` VALUES (6, 2, 9, '2022-06-02 16:11:27', '2022-06-02 16:16:10', 1);
INSERT INTO `sys_role_menu` VALUES (7, 2, 18, '2022-06-02 16:11:27', '2022-06-02 16:16:10', 1);
INSERT INTO `sys_role_menu` VALUES (8, 2, 4, '2022-06-02 16:11:27', '2022-06-02 16:16:10', 1);
INSERT INTO `sys_role_menu` VALUES (9, 2, 10, '2022-06-02 16:11:27', '2022-06-02 16:16:10', 1);
INSERT INTO `sys_role_menu` VALUES (10, 2, 11, '2022-06-02 16:11:27', '2022-06-02 16:16:10', 1);
INSERT INTO `sys_role_menu` VALUES (11, 2, 12, '2022-06-02 16:11:27', '2022-06-02 16:16:10', 1);
INSERT INTO `sys_role_menu` VALUES (12, 2, 13, '2022-06-02 16:11:27', '2022-06-02 16:16:10', 1);
INSERT INTO `sys_role_menu` VALUES (13, 2, 19, '2022-06-02 16:11:27', '2022-06-02 16:16:10', 1);
INSERT INTO `sys_role_menu` VALUES (14, 2, 5, '2022-06-02 16:11:27', '2022-06-02 16:16:10', 1);
INSERT INTO `sys_role_menu` VALUES (15, 2, 14, '2022-06-02 16:11:27', '2022-06-02 16:16:10', 1);
INSERT INTO `sys_role_menu` VALUES (16, 2, 15, '2022-06-02 16:11:27', '2022-06-02 16:16:10', 1);
INSERT INTO `sys_role_menu` VALUES (17, 2, 16, '2022-06-02 16:11:27', '2022-06-02 16:16:10', 1);
INSERT INTO `sys_role_menu` VALUES (18, 2, 17, '2022-06-02 16:11:27', '2022-06-02 16:16:10', 1);
INSERT INTO `sys_role_menu` VALUES (19, 2, 2, '2022-06-02 16:16:10', '2022-06-09 09:26:34', 1);
INSERT INTO `sys_role_menu` VALUES (20, 2, 3, '2022-06-02 16:16:10', '2022-06-09 09:26:34', 1);
INSERT INTO `sys_role_menu` VALUES (21, 2, 6, '2022-06-02 16:16:10', '2022-06-09 09:26:34', 1);
INSERT INTO `sys_role_menu` VALUES (22, 2, 7, '2022-06-02 16:16:10', '2022-06-09 09:26:34', 1);
INSERT INTO `sys_role_menu` VALUES (23, 2, 8, '2022-06-02 16:16:10', '2022-06-09 09:26:34', 1);
INSERT INTO `sys_role_menu` VALUES (24, 2, 2, '2022-06-09 09:26:34', '2022-06-09 09:26:34', 0);
INSERT INTO `sys_role_menu` VALUES (25, 2, 3, '2022-06-09 09:26:34', '2022-06-09 09:26:34', 0);
INSERT INTO `sys_role_menu` VALUES (26, 2, 6, '2022-06-09 09:26:34', '2022-06-09 09:26:34', 0);
INSERT INTO `sys_role_menu` VALUES (27, 2, 7, '2022-06-09 09:26:34', '2022-06-09 09:26:34', 0);
INSERT INTO `sys_role_menu` VALUES (28, 2, 8, '2022-06-09 09:26:34', '2022-06-09 09:26:34', 0);
INSERT INTO `sys_role_menu` VALUES (29, 2, 5, '2022-06-09 09:26:34', '2022-06-09 09:26:34', 0);
INSERT INTO `sys_role_menu` VALUES (30, 2, 14, '2022-06-09 09:26:34', '2022-06-09 09:26:34', 0);
INSERT INTO `sys_role_menu` VALUES (31, 2, 20, '2022-06-09 09:26:34', '2022-06-09 09:26:34', 0);
INSERT INTO `sys_role_menu` VALUES (32, 2, 21, '2022-06-09 09:26:34', '2022-06-09 09:26:34', 0);
INSERT INTO `sys_role_menu` VALUES (50, 12, 2, '2023-05-10 03:57:17', '2023-05-10 03:58:20', 1);
INSERT INTO `sys_role_menu` VALUES (51, 12, 3, '2023-05-10 03:57:17', '2023-05-10 03:58:20', 1);
INSERT INTO `sys_role_menu` VALUES (52, 12, 6, '2023-05-10 03:57:17', '2023-05-10 03:58:20', 1);
INSERT INTO `sys_role_menu` VALUES (53, 12, 7, '2023-05-10 03:57:17', '2023-05-10 03:58:20', 1);
INSERT INTO `sys_role_menu` VALUES (54, 12, 8, '2023-05-10 03:57:17', '2023-05-10 03:58:20', 1);
INSERT INTO `sys_role_menu` VALUES (55, 12, 9, '2023-05-10 03:57:17', '2023-05-10 03:58:20', 1);
INSERT INTO `sys_role_menu` VALUES (56, 12, 18, '2023-05-10 03:57:17', '2023-05-10 03:58:20', 1);
INSERT INTO `sys_role_menu` VALUES (57, 12, 4, '2023-05-10 03:57:17', '2023-05-10 03:58:20', 1);
INSERT INTO `sys_role_menu` VALUES (58, 12, 10, '2023-05-10 03:57:17', '2023-05-10 03:58:20', 1);
INSERT INTO `sys_role_menu` VALUES (59, 12, 12, '2023-05-10 03:57:17', '2023-05-10 03:58:20', 1);
INSERT INTO `sys_role_menu` VALUES (60, 12, 13, '2023-05-10 03:57:17', '2023-05-10 03:58:20', 1);
INSERT INTO `sys_role_menu` VALUES (61, 12, 19, '2023-05-10 03:57:17', '2023-05-10 03:58:20', 1);
INSERT INTO `sys_role_menu` VALUES (62, 12, 2, '2023-05-10 03:58:20', '2023-05-10 03:59:02', 1);
INSERT INTO `sys_role_menu` VALUES (63, 12, 3, '2023-05-10 03:58:20', '2023-05-10 03:59:02', 1);
INSERT INTO `sys_role_menu` VALUES (64, 12, 6, '2023-05-10 03:58:20', '2023-05-10 03:59:02', 1);
INSERT INTO `sys_role_menu` VALUES (65, 12, 7, '2023-05-10 03:58:20', '2023-05-10 03:59:02', 1);
INSERT INTO `sys_role_menu` VALUES (66, 12, 8, '2023-05-10 03:58:20', '2023-05-10 03:59:02', 1);
INSERT INTO `sys_role_menu` VALUES (67, 12, 9, '2023-05-10 03:58:20', '2023-05-10 03:59:02', 1);
INSERT INTO `sys_role_menu` VALUES (68, 12, 18, '2023-05-10 03:58:20', '2023-05-10 03:59:02', 1);
INSERT INTO `sys_role_menu` VALUES (69, 12, 4, '2023-05-10 03:58:20', '2023-05-10 03:59:02', 1);
INSERT INTO `sys_role_menu` VALUES (70, 12, 10, '2023-05-10 03:58:20', '2023-05-10 03:59:02', 1);
INSERT INTO `sys_role_menu` VALUES (71, 12, 11, '2023-05-10 03:58:20', '2023-05-10 03:59:02', 1);
INSERT INTO `sys_role_menu` VALUES (72, 12, 12, '2023-05-10 03:58:20', '2023-05-10 03:59:02', 1);
INSERT INTO `sys_role_menu` VALUES (73, 12, 13, '2023-05-10 03:58:20', '2023-05-10 03:59:02', 1);
INSERT INTO `sys_role_menu` VALUES (74, 12, 19, '2023-05-10 03:58:20', '2023-05-10 03:59:02', 1);
INSERT INTO `sys_role_menu` VALUES (75, 12, 2, '2023-05-10 03:59:02', '2023-05-11 10:08:28', 1);
INSERT INTO `sys_role_menu` VALUES (76, 12, 3, '2023-05-10 03:59:02', '2023-05-11 10:08:28', 1);
INSERT INTO `sys_role_menu` VALUES (77, 12, 6, '2023-05-10 03:59:02', '2023-05-11 10:08:28', 1);
INSERT INTO `sys_role_menu` VALUES (78, 12, 7, '2023-05-10 03:59:02', '2023-05-11 10:08:28', 1);
INSERT INTO `sys_role_menu` VALUES (79, 12, 8, '2023-05-10 03:59:02', '2023-05-11 10:08:28', 1);
INSERT INTO `sys_role_menu` VALUES (80, 12, 9, '2023-05-10 03:59:02', '2023-05-11 10:08:28', 1);
INSERT INTO `sys_role_menu` VALUES (81, 12, 18, '2023-05-10 03:59:02', '2023-05-11 10:08:28', 1);
INSERT INTO `sys_role_menu` VALUES (82, 12, 4, '2023-05-10 03:59:02', '2023-05-11 10:08:28', 1);
INSERT INTO `sys_role_menu` VALUES (83, 12, 10, '2023-05-10 03:59:02', '2023-05-11 10:08:28', 1);
INSERT INTO `sys_role_menu` VALUES (84, 12, 12, '2023-05-10 03:59:02', '2023-05-11 10:08:28', 1);
INSERT INTO `sys_role_menu` VALUES (85, 12, 13, '2023-05-10 03:59:02', '2023-05-11 10:08:28', 1);
INSERT INTO `sys_role_menu` VALUES (86, 12, 19, '2023-05-10 03:59:02', '2023-05-11 10:08:28', 1);
INSERT INTO `sys_role_menu` VALUES (87, 12, 2, '2023-05-11 10:08:28', '2023-05-11 10:08:28', 0);
INSERT INTO `sys_role_menu` VALUES (88, 12, 4, '2023-05-11 10:08:28', '2023-05-11 10:08:28', 0);
INSERT INTO `sys_role_menu` VALUES (89, 12, 10, '2023-05-11 10:08:28', '2023-05-11 10:08:28', 0);
INSERT INTO `sys_role_menu` VALUES (90, 12, 11, '2023-05-11 10:08:28', '2023-05-11 10:08:28', 0);
INSERT INTO `sys_role_menu` VALUES (91, 12, 12, '2023-05-11 10:08:28', '2023-05-11 10:08:28', 0);
INSERT INTO `sys_role_menu` VALUES (92, 12, 19, '2023-05-11 10:08:28', '2023-05-11 10:08:28', 0);

-- ----------------------------
-- Table structure for sys_user
-- ----------------------------
DROP TABLE IF EXISTS `sys_user`;
CREATE TABLE `sys_user`  (
  `id` bigint NOT NULL AUTO_INCREMENT COMMENT 'id',
  `username` varchar(20) CHARACTER SET utf8mb4 COLLATE utf8mb4_0900_ai_ci NOT NULL DEFAULT '' COMMENT '',
  `password` varchar(32) CHARACTER SET utf8mb4 COLLATE utf8mb4_0900_ai_ci NOT NULL DEFAULT '' COMMENT '',
  `name` varchar(50) CHARACTER SET utf8mb4 COLLATE utf8mb4_0900_ai_ci NULL DEFAULT NULL COMMENT '',
  `phone` varchar(11) CHARACTER SET utf8mb4 COLLATE utf8mb4_0900_ai_ci NULL DEFAULT NULL COMMENT '',
  `head_url` varchar(200) CHARACTER SET utf8mb4 COLLATE utf8mb4_0900_ai_ci NULL DEFAULT NULL COMMENT '',
  `dept_id` bigint NULL DEFAULT NULL COMMENT 'id',
  `post_id` bigint NULL DEFAULT NULL COMMENT 'id',
  `open_id` varchar(255) CHARACTER SET utf8mb4 COLLATE utf8mb4_0900_ai_ci NULL DEFAULT NULL COMMENT 'openId',
  `description` varchar(255) CHARACTER SET utf8mb4 COLLATE utf8mb4_0900_ai_ci NULL DEFAULT NULL COMMENT '',
  `status` tinyint NULL DEFAULT NULL COMMENT '1 0',
  `create_time` timestamp NOT NULL DEFAULT CURRENT_TIMESTAMP COMMENT '',
  `update_time` timestamp NOT NULL DEFAULT CURRENT_TIMESTAMP ON UPDATE CURRENT_TIMESTAMP COMMENT '',
  `is_deleted` tinyint NOT NULL DEFAULT 0 COMMENT '0: 1:',
  PRIMARY KEY (`id`) USING BTREE,
  UNIQUE INDEX `idx_username`(`username` ASC) USING BTREE
) ENGINE = InnoDB AUTO_INCREMENT = 16 CHARACTER SET = utf8mb4 COLLATE = utf8mb4_0900_ai_ci COMMENT = '' ROW_FORMAT = Dynamic;

-- ----------------------------
-- Records of sys_user
-- ----------------------------
INSERT INTO `sys_user` VALUES (1, 'admin', '96e79218965eb72c92a549dd5a330112', 'admin', '15000000000', 'http://r61cnlsfq.hn-bkt.clouddn.com/7daa4595-dfde-45da-8513-c5c2b81d20cc', 1022, NULL, '', NULL, 1, '2021-05-31 18:08:43', '2022-12-13 14:52:31', 0);
INSERT INTO `sys_user` VALUES (2, 'wjl', '96e79218965eb72c92a549dd5a330112', '', '15000000002', 'http://r61cnlsfq.hn-bkt.clouddn.com/b09b3467-3d99-437a-bd2e-dd8c9be92bb8', 1022, 6, '', NULL, 1, '2022-02-08 10:35:38', '2022-12-22 10:05:03', 0);
INSERT INTO `sys_user` VALUES (3, 'lrsjl', '96e79218965eb72c92a549dd5a330112', '', '15000000004', NULL, 2018, 5, '', NULL, 1, '2022-05-24 11:05:40', '2022-12-22 10:05:21', 0);
INSERT INTO `sys_user` VALUES (4, 'li4', '96e79218965eb72c92a549dd5a330112', '', '15000000001', NULL, 1021, 10, '', NULL, 1, '2022-12-06 09:32:31', '2023-05-27 13:34:24', 0);
INSERT INTO `sys_user` VALUES (5, 'tom01', '96e79218965eb72c92a549dd5a330112', '', '15000000003', NULL, 10, 8, '', NULL, 1, '2022-12-07 16:47:00', '2023-05-14 06:22:30', 0);
INSERT INTO `sys_user` VALUES (6, 'xkfzr', '96e79218965eb72c92a549dd5a330112', '', '15000000005', NULL, 1010, 11, NULL, NULL, 1, '2022-12-14 09:18:12', '2022-12-14 09:18:12', 0);
INSERT INTO `sys_user` VALUES (7, 'zhang3', '96e79218965eb72c92a549dd5a330112', '', '15000000006', NULL, 1021, 10, NULL, NULL, 1, '2022-12-26 11:26:45', '2023-05-22 12:56:29', 0);
INSERT INTO `sys_user` VALUES (11, 'zhangsan01', '96e79218965eb72c92a549dd5a330112', '01', '15000000007', NULL, 1021, 10, NULL, NULL, 1, '2022-12-26 11:27:33', '2022-12-27 09:11:38', 0);
INSERT INTO `sys_user` VALUES (12, 'zhangsan02', '96e79218965eb72c92a549dd5a330112', '02', '15000000008', NULL, 1021, 10, NULL, NULL, 1, '2022-12-26 11:27:39', '2022-12-27 09:11:39', 0);

-- ----------------------------
-- Table structure for sys_user_role
-- ----------------------------
DROP TABLE IF EXISTS `sys_user_role`;
CREATE TABLE `sys_user_role`  (
  `id` bigint NOT NULL AUTO_INCREMENT COMMENT 'id',
  `role_id` bigint NOT NULL DEFAULT 0 COMMENT 'id',
  `user_id` bigint NOT NULL DEFAULT 0 COMMENT 'id',
  `create_time` timestamp NOT NULL DEFAULT CURRENT_TIMESTAMP COMMENT '',
  `update_time` timestamp NOT NULL DEFAULT CURRENT_TIMESTAMP ON UPDATE CURRENT_TIMESTAMP COMMENT '',
  `is_deleted` tinyint NOT NULL DEFAULT 0 COMMENT '0: 1:',
  PRIMARY KEY (`id`) USING BTREE,
  INDEX `idx_role_id`(`role_id` ASC) USING BTREE,
  INDEX `idx_admin_id`(`user_id` ASC) USING BTREE
) ENGINE = InnoDB AUTO_INCREMENT = 26 CHARACTER SET = utf8 COLLATE = utf8_general_ci COMMENT = '' ROW_FORMAT = Dynamic;

-- ----------------------------
-- Records of sys_user_role
-- ----------------------------
INSERT INTO `sys_user_role` VALUES (2, 2, 2, '2022-01-20 20:49:37', '2022-02-24 10:43:07', 0);
INSERT INTO `sys_user_role` VALUES (3, 1, 1, '2022-05-19 10:37:27', '2022-05-24 16:55:53', 1);
INSERT INTO `sys_user_role` VALUES (4, 2, 1, '2022-05-19 10:37:27', '2022-05-24 16:55:53', 1);
INSERT INTO `sys_user_role` VALUES (5, 1, 1, '2022-05-24 16:55:53', '2022-05-24 16:55:53', 0);
INSERT INTO `sys_user_role` VALUES (6, 2, 3, '2022-05-25 16:09:31', '2022-05-25 16:09:31', 0);
INSERT INTO `sys_user_role` VALUES (7, 2, 4, '2022-06-02 11:08:14', '2022-06-02 11:15:36', 1);
INSERT INTO `sys_user_role` VALUES (8, 2, 4, '2022-06-02 11:15:36', '2022-06-02 16:10:53', 1);
INSERT INTO `sys_user_role` VALUES (9, 1, 4, '2022-06-02 11:15:36', '2022-06-02 16:10:53', 1);
INSERT INTO `sys_user_role` VALUES (10, 1, 4, '2022-06-02 16:10:53', '2023-05-10 03:57:32', 1);
INSERT INTO `sys_user_role` VALUES (25, 12, 4, '2023-05-10 03:57:32', '2023-05-11 10:06:24', 1);
INSERT INTO `sys_user_role` VALUES (26, 12, 4, '2023-05-11 10:06:24', '2023-05-11 10:06:24', 0);

-- ----------------------------
-- Table structure for wechat_menu
-- ----------------------------
DROP TABLE IF EXISTS `wechat_menu`;
CREATE TABLE `wechat_menu`  (
  `id` bigint NOT NULL AUTO_INCREMENT COMMENT '',
  `parent_id` bigint NULL DEFAULT NULL COMMENT 'id',
  `name` varchar(50) CHARACTER SET utf8 COLLATE utf8_general_ci NULL DEFAULT NULL COMMENT '',
  `type` varchar(10) CHARACTER SET utf8 COLLATE utf8_general_ci NULL DEFAULT NULL COMMENT '',
  `url` varchar(100) CHARACTER SET utf8 COLLATE utf8_general_ci NULL DEFAULT NULL COMMENT ' ',
  `meun_key` varchar(20) CHARACTER SET utf8 COLLATE utf8_general_ci NULL DEFAULT NULL COMMENT 'KEY',
  `sort` tinyint NULL DEFAULT NULL COMMENT '',
  `create_time` timestamp NOT NULL DEFAULT CURRENT_TIMESTAMP COMMENT '',
  `update_time` timestamp NOT NULL DEFAULT CURRENT_TIMESTAMP ON UPDATE CURRENT_TIMESTAMP,
  `is_deleted` tinyint NOT NULL DEFAULT 0,
  PRIMARY KEY (`id`) USING BTREE
) ENGINE = InnoDB AUTO_INCREMENT = 11 CHARACTER SET = utf8 COLLATE = utf8_general_ci COMMENT = '' ROW_FORMAT = Dynamic;

-- ----------------------------
-- Records of wechat_menu
-- ----------------------------
INSERT INTO `wechat_menu` VALUES (2, 0, '', NULL, NULL, NULL, 1, '2022-12-13 09:23:30', '2022-12-13 09:29:22', 0);
INSERT INTO `wechat_menu` VALUES (3, 0, '', 'view', '/', NULL, 2, '2022-12-13 09:23:44', '2022-12-13 09:54:20', 0);
INSERT INTO `wechat_menu` VALUES (4, 0, '', NULL, NULL, NULL, 3, '2022-12-13 09:23:52', '2022-12-13 09:29:24', 0);
INSERT INTO `wechat_menu` VALUES (5, 2, '', 'view', '/list/0', '', 1, '2022-12-13 09:19:56', '2022-12-13 09:24:10', 0);
INSERT INTO `wechat_menu` VALUES (6, 2, '', 'view', '/list/1', '', 2, '2022-12-13 09:27:00', '2022-12-13 09:29:28', 0);
INSERT INTO `wechat_menu` VALUES (7, 2, '', 'view', '/list/1', '', 3, '2022-12-13 09:27:30', '2022-12-13 09:29:30', 0);
INSERT INTO `wechat_menu` VALUES (8, 4, '', 'view', '/user', '', 1, '2022-12-13 09:28:47', '2022-12-13 09:28:47', 0);
INSERT INTO `wechat_menu` VALUES (9, 4, '', 'view', '/about', '', 2, '2022-12-13 09:29:08', '2022-12-13 09:29:32', 0);
INSERT INTO `wechat_menu` VALUES (10, 3, '1', 'view', '', '', 1, '2023-05-25 10:40:41', '2023-05-25 10:41:20', 1);

SET FOREIGN_KEY_CHECKS = 1;
